SK_ID_CURR,NAME_CONTRACT_TYPE,CODE_GENDER,FLAG_OWN_CAR,FLAG_OWN_REALTY,CNT_CHILDREN,AMT_INCOME_TOTAL,AMT_CREDIT_x,AMT_ANNUITY,AMT_GOODS_PRICE,NAME_TYPE_SUITE,NAME_INCOME_TYPE,NAME_EDUCATION_TYPE,NAME_FAMILY_STATUS,NAME_HOUSING_TYPE,REGION_POPULATION_RELATIVE,DAYS_BIRTH,DAYS_EMPLOYED,DAYS_REGISTRATION,DAYS_ID_PUBLISH,FLAG_MOBIL,FLAG_EMP_PHONE,FLAG_WORK_PHONE,FLAG_CONT_MOBILE,FLAG_PHONE,FLAG_EMAIL,CNT_FAM_MEMBERS,REGION_RATING_CLIENT,REGION_RATING_CLIENT_W_CITY,WEEKDAY_APPR_PROCESS_START,HOUR_APPR_PROCESS_START,REG_REGION_NOT_LIVE_REGION,REG_REGION_NOT_WORK_REGION,LIVE_REGION_NOT_WORK_REGION,REG_CITY_NOT_LIVE_CITY,REG_CITY_NOT_WORK_CITY,LIVE_CITY_NOT_WORK_CITY,ORGANIZATION_TYPE,EXT_SOURCE_2,EXT_SOURCE_3,OBS_30_CNT_SOCIAL_CIRCLE,DEF_30_CNT_SOCIAL_CIRCLE,OBS_60_CNT_SOCIAL_CIRCLE,DEF_60_CNT_SOCIAL_CIRCLE,DAYS_LAST_PHONE_CHANGE,FLAG_DOCUMENT_2,FLAG_DOCUMENT_3,FLAG_DOCUMENT_4,FLAG_DOCUMENT_5,FLAG_DOCUMENT_6,FLAG_DOCUMENT_7,FLAG_DOCUMENT_8,FLAG_DOCUMENT_9,FLAG_DOCUMENT_10,FLAG_DOCUMENT_11,FLAG_DOCUMENT_12,FLAG_DOCUMENT_13,FLAG_DOCUMENT_14,FLAG_DOCUMENT_15,FLAG_DOCUMENT_16,FLAG_DOCUMENT_17,FLAG_DOCUMENT_18,FLAG_DOCUMENT_19,FLAG_DOCUMENT_20,FLAG_DOCUMENT_21,AMT_REQ_CREDIT_BUREAU_HOUR,AMT_REQ_CREDIT_BUREAU_DAY,AMT_REQ_CREDIT_BUREAU_WEEK,AMT_REQ_CREDIT_BUREAU_MON,AMT_REQ_CREDIT_BUREAU_QRT,AMT_REQ_CREDIT_BUREAU_YEAR,AMT_CREDIT_SUM_mean,AMT_CREDIT_SUM_sum,AMT_CREDIT_SUM_OVERDUE_mean,AMT_CREDIT_SUM_OVERDUE_sum,AMT_CREDIT_SUM_DEBT_mean,AMT_CREDIT_SUM_DEBT_sum,CREDIT_ACTIVE_count_active,CREDIT_DAY_OVERDUE_max,DAYS_CREDIT_mean,DAYS_CREDIT_min,DAYS_CREDIT_max,CREDIT_TYPE_nunique,SK_ID_PREV_x,NAME_CONTRACT_STATUS,AMT_APPLICATION,AMT_CREDIT_y,INST_CNT,INST_PAY_DIFF_MEAN,INST_PAY_DIFF_MIN,INST_PAY_DIFF_MAX,INST_DELAY_MEAN,INST_DELAY_MAX,INST_TOTAL_PAID,INST_TOTAL_DUE,SK_ID_PREV_y,SK_DPD_x
100001,Cash loans,F,N,Y,0,135000.0,568800.0,20560.5,450000.0,Unaccompanied,Working,Higher education,Married,House / apartment,0.01885,-19241,-2329.0,-5170.0,-812,1,1,0,1,0,1,2.0,2,2,TUESDAY,18,0,0,0,0,0,0,Kindergarten,0.7896544,0.15951954,0.0,0.0,0.0,0.0,-1740.0,0,1,0,0,0,0,0,0,0,0,0,0,0,0,0,0,0,0,0,0,0.0,0.0,0.0,0.0,0.0,0.0,207623.57142857142,1453365.0,0.0,0.0,85240.92857142857,596686.5,3.0,0.0,-735.0,-1572.0,-49.0,1.0,1.0,1.0,24835.5,23787.0,7.0,0.0,0.0,0.0,-7.285714,11.0,41195.925,41195.925,2.0,7.0
100005,Cash loans,M,N,Y,0,99000.0,222768.0,17370.0,180000.0,Unaccompanied,Working,Secondary / secondary special,Married,House / apartment,0.035792,-18064,-4469.0,-9118.0,-1623,1,1,0,1,0,0,2.0,2,2,FRIDAY,9,0,0,0,0,0,0,Self-employed,0.29165554,0.43296167,0.0,0.0,0.0,0.0,0.0,0,1,0,0,0,0,0,0,0,0,0,0,0,0,0,0,0,0,0,0,0.0,0.0,0.0,0.0,0.0,3.0,219042.0,657126.0,0.0,0.0,189469.5,568408.5,2.0,0.0,-190.66666666666666,-373.0,-62.0,2.0,2.0,1.0,22308.75,20076.75,9.0,0.0,0.0,0.0,-23.555555,1.0,56161.845,56161.845,1.0,0.0
100013,Cash loans,M,Y,Y,0,202500.0,663264.0,69777.0,630000.0,,Working,Higher education,Married,House / apartment,0.019101,-20038,-4458.0,-2175.0,-3503,1,1,0,1,0,0,2.0,2,2,MONDAY,14,0,0,0,0,0,0,Transport: type 3,0.69978684,0.6109913,0.0,0.0,0.0,0.0,-856.0,0,0,0,0,0,0,1,0,0,0,0,0,0,0,0,0,0,0,0,0,0.0,0.0,0.0,0.0,1.0,4.0,518070.015,2072280.06,0.0,0.0,0.0,0.0,0.0,0.0,-1737.5,-2070.0,-1210.0,2.0,4.0,3.0,130871.25,146134.125,155.0,-1157.6627419354838,-23147.82,0.0,-5.180645,21.0,1509736.545,1689174.27,3.0,18.0
100028,Cash loans,F,N,Y,2,315000.0,1575000.0,49018.5,1575000.0,Unaccompanied,Working,Secondary / secondary special,Married,House / apartment,0.026392,-13976,-1866.0,-2000.0,-4208,1,1,0,1,1,0,4.0,2,2,WEDNESDAY,11,0,0,0,0,0,0,Business Entity Type 3,0.50967705,0.6127042,0.0,0.0,0.0,0.0,-1805.0,0,1,0,0,0,0,0,0,0,0,0,0,0,0,0,0,0,0,0,0,0.0,0.0,0.0,0.0,0.0,3.0,126739.59000000001,1520875.08,0.0,0.0,18630.45,186304.5,5.0,0.0,-1401.75,-2105.0,-269.0,2.0,5.0,3.0,49207.5,92920.5,113.0,-622.5507079646018,-8505.0,0.0,-3.0,7.0,492310.66500000004,562658.895,2.0,0.0
100038,Cash loans,M,Y,N,1,180000.0,625500.0,32067.0,625500.0,Unaccompanied,Working,Secondary / secondary special,Married,House / apartment,0.010032,-13040,-2191.0,-4000.0,-4262,1,1,1,1,0,0,3.0,2,2,FRIDAY,5,0,0,0,0,1,1,Business Entity Type 3,0.42568728,,0.0,0.0,0.0,0.0,-821.0,0,1,0,0,0,0,0,0,0,0,0,0,0,0,0,0,0,0,0,0,,,,,,,,,,,,,,,,,,,2.0,1.0,267727.5,300550.5,12.0,0.0,0.0,0.0,-12.25,-9.0,133204.05000000002,133204.05000000002,1.0,0.0
100042,Cash loans,F,Y,Y,0,270000.0,959688.0,34600.5,810000.0,Unaccompanied,State servant,Secondary / secondary special,Married,House / apartment,0.025164,-18604,-12009.0,-6116.0,-2027,1,1,0,1,1,0,2.0,2,2,MONDAY,15,0,0,0,0,0,0,Government,0.62890434,0.39277387,0.0,0.0,0.0,0.0,-1705.0,0,0,0,0,0,0,1,0,0,0,0,0,0,0,0,0,0,0,0,0,0.0,0.0,0.0,0.0,1.0,2.0,681475.5,9540657.0,0.0,0.0,256180.24125,3074162.895,8.0,0.0,-1325.5,-2723.0,-234.0,2.0,9.0,9.0,415884.0,458168.0,182.0,-263.37461538461537,-32670.9,0.0,-6.1153846,17.0,3977938.215,4025872.395,6.0,0.0
100057,Cash loans,M,Y,Y,2,180000.0,499221.0,22117.5,373500.0,Unaccompanied,Working,Higher education,Married,House / apartment,0.0228,-16685,-2580.0,-10125.0,-241,1,1,0,1,0,0,4.0,2,2,THURSDAY,9,0,0,0,0,1,1,Industry: type 9,0.5710842,0.6512602,1.0,0.0,1.0,0.0,-1182.0,0,1,0,0,0,0,0,0,0,0,0,0,0,0,0,0,0,0,0,0,0.0,0.0,0.0,0.0,0.0,1.0,369032.5125,2952260.1,0.0,0.0,0.0,0.0,1.0,0.0,-1377.375,-2623.0,-337.0,4.0,4.0,3.0,50396.175,48761.4375,10.0,0.0,0.0,0.0,-22.0,-3.0,98454.24,98454.24,3.0,0.0
100065,Cash loans,M,N,Y,0,166500.0,180000.0,14220.0,180000.0,Unaccompanied,Working,Higher education,Single / not married,With parents,0.005144,-9516,-1387.0,-5063.0,-2055,1,1,1,1,1,0,1.0,2,2,FRIDAY,7,0,0,0,0,0,0,Self-employed,0.61303306,0.31236538,0.0,0.0,0.0,0.0,-1182.0,0,0,0,0,0,0,1,0,0,0,0,0,0,0,0,0,0,0,0,0,0.0,0.0,0.0,0.0,0.0,2.0,131605.68807692308,1710873.945,0.0,0.0,60030.39,540273.51,4.0,0.0,-716.4615384615385,-1207.0,-107.0,2.0,2.0,1.0,58590.0,41013.0,5.0,0.0,0.0,0.0,-13.6,-12.0,90726.75,90726.75,1.0,0.0
100066,Cash loans,F,N,Y,0,315000.0,364896.0,28957.5,315000.0,Unaccompanied,State servant,Higher education,Married,House / apartment,0.04622,-12744,-1013.0,-1686.0,-3171,1,1,0,1,0,0,2.0,1,1,THURSDAY,18,0,0,0,0,0,0,School,0.80878776,0.5226973,0.0,0.0,0.0,0.0,-829.0,0,1,0,0,0,0,0,0,0,0,0,0,0,0,0,0,0,0,0,0,0.0,0.0,0.0,0.0,0.0,5.0,316500.0,949500.0,0.0,0.0,60562.5,181687.5,1.0,0.0,-542.6666666666666,-674.0,-463.0,2.0,9.0,5.0,117006.0,130629.0,45.0,0.0,0.0,0.0,-9.488889,0.0,462151.98,462151.98,4.0,0.0
100067,Cash loans,F,Y,Y,1,162000.0,45000.0,5337.0,45000.0,Family,Working,Higher education,Civil marriage,House / apartment,0.018634,-10395,-2625.0,-8124.0,-3041,1,1,1,1,1,0,3.0,2,2,TUESDAY,14,0,0,0,0,0,0,Trade: type 2,0.44484755,0.19406782,4.0,0.0,4.0,0.0,-1423.0,0,1,0,0,0,0,0,0,0,0,0,0,0,0,0,0,0,0,0,0,0.0,0.0,0.0,0.0,0.0,2.0,190417.76470588235,3237102.0,0.0,0.0,84069.32142857143,1176970.5,5.0,0.0,-579.5294117647059,-1628.0,-57.0,2.0,23.0,7.0,182835.19565217392,189582.26086956522,161.0,0.0,0.0,0.0,-7.1242237,11.0,654381.945,654381.945,6.0,9.0
100074,Cash loans,F,N,Y,0,67500.0,675000.0,25447.5,675000.0,Unaccompanied,Pensioner,Secondary / secondary special,Married,House / apartment,0.003122,-23670,,-7490.0,-4136,1,0,0,1,1,0,2.0,3,3,TUESDAY,11,0,0,0,0,0,0,XNA,0.6600149,0.29859498,0.0,0.0,0.0,0.0,-1671.0,0,1,0,0,0,0,0,0,0,0,0,0,0,0,0,0,0,0,0,0,0.0,0.0,0.0,0.0,0.0,0.0,120324.84000000001,360974.52,0.0,0.0,0.0,0.0,0.0,0.0,-1469.3333333333333,-2071.0,-1030.0,1.0,2.0,2.0,62482.5,56234.25,20.0,0.0,0.0,0.0,-8.35,2.0,124885.08,124885.08,2.0,0.0
100090,Cash loans,F,N,Y,0,135000.0,261621.0,16848.0,216000.0,Unaccompanied,Working,Secondary / secondary special,Widow,House / apartment,0.008019,-15524,-3555.0,-7833.0,-3985,1,1,0,1,0,0,1.0,2,2,FRIDAY,17,0,0,0,0,1,1,Self-employed,0.3937147,0.4365065,0.0,0.0,0.0,0.0,-1097.0,0,1,0,0,0,0,0,0,0,0,0,0,0,0,0,0,0,0,0,0,0.0,0.0,0.0,0.0,0.0,5.0,56520.9,113041.8,0.0,0.0,31085.415,62170.83,2.0,0.0,-261.5,-315.0,-208.0,1.0,12.0,5.0,167188.125,223592.25,62.0,5806.451612903225,0.0,181318.05,-5.822581,0.0,1241125.56,881125.56,4.0,0.0
100091,Cash loans,F,N,Y,0,247500.0,296280.0,23539.5,225000.0,Unaccompanied,Working,Secondary / secondary special,Civil marriage,House / apartment,0.018634,-12278,-929.0,-6031.0,-4586,1,1,0,1,0,0,2.0,2,2,THURSDAY,17,0,0,0,0,0,0,Self-employed,0.47003552,0.41534716,1.0,1.0,1.0,0.0,-619.0,0,1,0,0,0,0,0,0,0,0,0,0,0,0,0,0,0,0,0,0,0.0,0.0,0.0,0.0,1.0,3.0,649948.5,1949845.5,0.0,0.0,455887.5,1367662.5,1.0,0.0,-630.3333333333334,-1409.0,-119.0,1.0,6.0,2.0,103110.0,91860.0,5.0,0.0,0.0,0.0,-12.2,-9.0,42226.29,42226.29,1.0,0.0
100092,Cash loans,F,Y,Y,0,90000.0,360000.0,18535.5,360000.0,Unaccompanied,Working,Secondary / secondary special,Married,House / apartment,0.01452,-19687,-3578.0,-10673.0,-3183,1,1,0,1,0,0,2.0,2,2,TUESDAY,7,0,0,0,0,1,1,Government,0.27025536,0.37571102,5.0,0.0,5.0,0.0,-1414.0,0,1,0,0,0,0,0,0,0,0,0,0,0,0,0,0,0,0,0,0,0.0,0.0,0.0,0.0,1.0,1.0,170352.03115384618,2214576.4050000003,0.0,0.0,78109.125,937309.5,7.0,0.0,-1194.7692307692307,-2413.0,-84.0,2.0,6.0,5.0,32628.75,34184.25,57.0,-149.41263157894738,-3492.675,0.0,-15.385965,46.0,309078.36,317594.88,6.0,41.0
100106,Revolving loans,M,N,Y,0,180000.0,157500.0,7875.0,157500.0,"Spouse, partner",Working,Secondary / secondary special,Civil marriage,House / apartment,0.031329,-12091,-1830.0,-1042.0,-4221,1,1,0,0,0,0,2.0,2,2,TUESDAY,9,0,0,0,1,1,0,Business Entity Type 3,0.48576993,0.5797274,0.0,0.0,0.0,0.0,-765.0,0,0,0,0,0,0,0,0,0,0,0,0,0,0,0,0,0,0,0,0,0.0,0.0,0.0,1.0,0.0,0.0,225000.0,225000.0,0.0,0.0,,0.0,0.0,0.0,-1070.0,-1070.0,-1070.0,1.0,5.0,3.0,82919.7,85819.5,21.0,-870.5657142857145,-14144.940000000002,0.0,-13.095238,4.0,409010.98500000004,427292.86500000005,3.0,0.0
100107,Cash loans,M,Y,Y,0,180000.0,296280.0,21690.0,225000.0,Unaccompanied,Working,Secondary / secondary special,Civil marriage,House / apartment,0.032561,-13563,-1007.0,-5719.0,-4044,1,1,0,1,0,1,2.0,1,1,TUESDAY,15,0,0,0,0,0,0,Business Entity Type 3,0.6844067,0.2636468,2.0,0.0,2.0,0.0,-317.0,0,0,0,0,0,0,1,0,0,0,0,0,0,0,0,0,0,0,0,0,0.0,0.0,0.0,0.0,1.0,3.0,124195.68,124195.68,0.0,0.0,124195.68,124195.68,1.0,0.0,-17.0,-17.0,-17.0,1.0,2.0,2.0,51500.25,56094.75,40.0,110.18587500000001,-6750.0,7129.485,-2.975,26.0,215342.415,210934.98,1.0,0.0
100109,Cash loans,F,Y,Y,0,202500.0,407520.0,26041.5,360000.0,Unaccompanied,Working,Secondary / secondary special,Single / not married,House / apartment,0.00702,-19375,-4739.0,-3035.0,-2895,1,1,1,1,0,0,1.0,2,2,SATURDAY,15,0,0,0,0,0,0,Services,0.6350278,0.3062023,0.0,0.0,0.0,0.0,-2154.0,0,1,0,0,0,0,0,0,0,0,0,0,0,0,0,0,0,0,0,0,0.0,0.0,0.0,0.0,0.0,3.0,128473.52192307691,1670155.785,0.0,0.0,24548.119615384614,319125.555,3.0,0.0,-1155.6153846153845,-2413.0,-97.0,2.0,9.0,3.0,153396.5,177126.0,88.0,0.0,0.0,0.0,-2.7613637,8.0,584860.455,584860.455,1.0,0.0
100117,Cash loans,M,Y,Y,0,90000.0,499221.0,22117.5,373500.0,Unaccompanied,Pensioner,Secondary / secondary special,Married,House / apartment,0.003122,-22705,,-5107.0,-5990,1,0,0,1,0,0,2.0,3,3,FRIDAY,10,0,0,0,0,0,0,XNA,0.6467635,0.6528965,0.0,0.0,0.0,0.0,-1132.0,0,1,0,0,0,0,0,0,0,0,0,0,0,0,0,0,0,0,0,0,0.0,0.0,0.0,0.0,1.0,0.0,223032.099375,1784256.795,0.0,0.0,96005.055,576030.33,2.0,0.0,-1197.125,-2046.0,-692.0,2.0,2.0,2.0,39937.5,43695.0,3.0,0.0,0.0,0.0,-15.0,-7.0,92609.73000000001,92609.73000000001,2.0,0.0
100128,Cash loans,F,Y,Y,1,225000.0,431280.0,23526.0,360000.0,Unaccompanied,Commercial associate,Higher education,Civil marriage,With parents,0.025164,-10962,-1883.0,-99.0,-1721,1,1,0,1,0,1,3.0,2,2,THURSDAY,10,0,0,0,0,0,0,Bank,0.37507325,0.34741822,5.0,0.0,5.0,0.0,-1616.0,0,1,0,0,0,0,0,0,0,0,0,0,0,0,0,0,0,0,0,0,0.0,0.0,0.0,0.0,3.0,4.0,282561.53464285715,7911722.97,0.0,0.0,34760.7,347607.0,4.0,0.0,-1246.357142857143,-2642.0,-156.0,3.0,13.0,7.0,279169.26923076925,296440.26923076925,28.0,-1142.8714285714286,-10419.615,0.0,-18.821428,22.0,755537.6699999999,787538.07,4.0,22.0
100141,Cash loans,F,Y,Y,0,175500.0,478498.5,46741.5,454500.0,Family,Working,Secondary / secondary special,Married,House / apartment,0.010147,-17955,-305.0,-10087.0,-1516,1,1,1,1,0,0,2.0,2,2,TUESDAY,11,1,1,0,1,1,0,Industry: type 3,0.7427648,,0.0,0.0,0.0,0.0,-814.0,0,1,0,0,0,0,0,0,0,0,0,0,0,0,0,0,0,0,0,0,,,,,,,,,,,,,,,,,,,1.0,1.0,20160.0,21352.5,6.0,0.0,0.0,0.0,-6.3333335,1.0,24199.155000000002,24199.155000000002,1.0,0.0
100150,Cash loans,F,N,Y,0,99000.0,225000.0,19242.0,225000.0,Unaccompanied,Commercial associate,Secondary / secondary special,Civil marriage,House / apartment,0.007274,-10507,-2780.0,-5072.0,-2729,1,1,0,1,1,0,2.0,2,2,TUESDAY,10,0,0,0,0,0,0,Business Entity Type 3,0.6009994,0.7610264,0.0,0.0,0.0,0.0,-2297.0,0,1,0,0,0,0,0,0,0,0,0,0,0,0,0,0,0,0,0,0,0.0,0.0,0.0,0.0,1.0,2.0,106875.0,427500.0,0.0,0.0,0.0,0.0,0.0,0.0,-2211.75,-2694.0,-1869.0,1.0,4.0,2.0,507588.75,578409.75,17.0,-696.9070588235294,-5904.63,0.0,-12.588235,10.0,355823.01,367670.43,2.0,0.0
100168,Cash loans,F,N,Y,0,157500.0,266652.0,16443.0,202500.0,Unaccompanied,Working,Higher education,Widow,House / apartment,0.011657,-22557,-13294.0,-13154.0,-4187,1,1,0,1,0,0,1.0,1,1,TUESDAY,15,0,0,0,0,0,0,Other,0.708939,0.7463002,0.0,0.0,0.0,0.0,-1144.0,0,1,0,0,0,0,0,0,0,0,0,0,0,0,0,0,0,0,0,0,0.0,0.0,0.0,0.0,0.0,4.0,360000.0,360000.0,0.0,0.0,0.0,0.0,0.0,0.0,-1407.0,-1407.0,-1407.0,1.0,4.0,3.0,712388.25,735616.125,53.0,2024.3954716981134,0.0,66542.22,-21.773584,-2.0,3015321.3000000003,2908028.3400000003,3.0,0.0
100169,Cash loans,F,N,Y,0,135000.0,540000.0,27702.0,540000.0,Family,Pensioner,Higher education,Separated,House / apartment,0.072508,-22784,,-5103.0,-5229,1,0,0,1,0,0,1.0,1,1,TUESDAY,12,0,0,0,0,0,0,XNA,0.63861364,0.15951954,0.0,0.0,0.0,0.0,-519.0,0,0,0,0,1,0,0,0,0,0,0,0,0,0,0,0,0,0,0,0,0.0,0.0,0.0,0.0,0.0,0.0,176382.0,176382.0,0.0,0.0,97011.0,97011.0,1.0,0.0,-187.0,-187.0,-187.0,1.0,17.0,4.0,124258.23529411765,132548.82352941178,40.0,-2649.587625,-35324.145,0.0,-10.3,24.0,2239533.405,2345516.91,3.0,2.0
100170,Cash loans,M,N,Y,1,337500.0,1313212.5,42493.5,1012500.0,Unaccompanied,Commercial associate,Incomplete higher,Married,House / apartment,0.02461,-11948,-1415.0,-5611.0,-4052,1,1,0,1,0,1,3.0,2,2,TUESDAY,11,0,0,0,0,0,0,Business Entity Type 3,0.66122586,0.44005784,1.0,0.0,1.0,0.0,-1582.0,0,1,0,0,0,0,0,0,0,0,0,0,0,0,0,0,0,0,0,0,0.0,0.0,0.0,0.0,0.0,6.0,68277.605,614498.445,0.0,0.0,39458.8125,315670.5,4.0,0.0,-1137.3333333333333,-2800.0,-105.0,3.0,16.0,6.0,117281.25,132673.21875,115.0,-1085.4813913043477,-7813.17,0.0,-2.026087,25.0,650880.855,775711.215,5.0,23.0
100171,Cash loans,M,Y,Y,0,157500.0,539100.0,29245.5,450000.0,Unaccompanied,Working,Secondary / secondary special,Married,House / apartment,0.031329,-13172,-3518.0,-6207.0,-4243,1,1,1,1,0,0,2.0,2,2,WEDNESDAY,14,0,0,0,0,0,0,Business Entity Type 3,0.6874077,0.66263777,7.0,0.0,7.0,0.0,-2470.0,0,1,0,0,0,0,0,0,0,0,0,0,0,0,0,0,0,0,0,0,0.0,0.0,0.0,0.0,1.0,4.0,779664.375,6237315.0,0.0,0.0,331079.88375000004,2648639.0700000003,3.0,0.0,-1515.625,-2858.0,-485.0,3.0,1.0,1.0,43870.5,43870.5,117.0,0.0,0.0,0.0,-4.3675213,6.0,447461.145,447461.145,3.0,0.0
100172,Cash loans,F,N,Y,0,76500.0,225000.0,12334.5,225000.0,Unaccompanied,Working,Secondary / secondary special,Civil marriage,House / apartment,0.010966,-15394,-967.0,-5389.0,-5433,1,1,0,1,0,0,2.0,2,2,TUESDAY,10,0,0,0,0,1,1,Business Entity Type 3,0.34888583,0.53527623,4.0,2.0,4.0,0.0,0.0,0,1,0,0,0,0,0,0,0,0,0,0,0,0,0,0,0,0,0,0,0.0,0.0,0.0,0.0,1.0,2.0,106012.5,318037.5,0.0,0.0,19347.0,58041.0,1.0,0.0,-581.6666666666666,-659.0,-427.0,2.0,3.0,2.0,44458.5,52789.5,9.0,0.0,0.0,0.0,-22.0,-6.0,56395.979999999996,56395.979999999996,2.0,0.0
100184,Cash loans,F,N,Y,0,112500.0,256032.0,10759.5,180000.0,Unaccompanied,Pensioner,Secondary / secondary special,Widow,House / apartment,0.019689,-21150,,-4157.0,-4658,1,0,0,1,0,0,1.0,2,2,THURSDAY,11,0,0,0,0,0,0,XNA,0.2631012,0.4740513,1.0,0.0,1.0,0.0,-672.0,0,1,0,0,0,0,0,0,0,0,0,0,0,0,0,0,0,0,0,0,0.0,0.0,0.0,0.0,0.0,4.0,129297.68181818182,1422274.5,0.0,0.0,79060.0,711540.0,5.0,0.0,-528.7272727272727,-953.0,-27.0,3.0,11.0,3.0,140325.46363636365,162751.5,37.0,-140.68824324324325,-3857.535,0.0,-9.675675,25.0,262132.74,267338.205,3.0,0.0
100187,Cash loans,F,N,Y,0,225000.0,501363.0,25726.5,418500.0,Family,Commercial associate,Higher education,Married,House / apartment,0.031329,-21040,-2467.0,-918.0,-3663,1,1,0,1,1,0,2.0,2,2,THURSDAY,12,0,0,0,0,0,0,Self-employed,0.2662121,0.5954562,5.0,1.0,5.0,1.0,-1792.0,0,1,0,0,0,0,0,0,0,0,0,0,0,0,0,0,0,0,0,0,0.0,0.0,0.0,0.0,0.0,0.0,1103223.2625,4412893.05,0.0,0.0,468950.625,1875802.5,1.0,0.0,-595.5,-811.0,-309.0,2.0,7.0,4.0,183525.42857142858,188584.07142857142,43.0,0.0,0.0,0.0,-6.5116277,0.0,1145887.29,1145887.29,3.0,0.0
100212,Cash loans,F,Y,N,0,90000.0,450000.0,23107.5,450000.0,Unaccompanied,Working,Lower secondary,Married,House / apartment,0.005002,-15773,-1310.0,-7173.0,-5049,1,1,0,1,0,0,2.0,3,3,MONDAY,15,0,0,0,0,0,0,Self-employed,0.7629532,0.35729328,5.0,0.0,5.0,0.0,-2865.0,0,1,0,0,0,0,0,0,0,0,0,0,0,0,0,0,0,0,0,0,0.0,0.0,0.0,0.0,0.0,0.0,23502.645,23502.645,0.0,0.0,16299.0,16299.0,1.0,0.0,-78.0,-78.0,-78.0,1.0,5.0,4.0,79493.4,77547.6,42.0,0.0,0.0,0.0,-13.785714,3.0,412600.5,412600.5,4.0,0.0
100222,Cash loans,F,Y,Y,0,360000.0,945000.0,34074.0,945000.0,Unaccompanied,Working,Secondary / secondary special,Married,House / apartment,0.030755,-17796,-2785.0,-2296.0,-1224,1,1,0,1,0,0,2.0,2,2,WEDNESDAY,12,0,0,0,0,0,0,Self-employed,0.67860186,0.2539628,0.0,0.0,0.0,0.0,0.0,0,1,0,0,0,0,0,0,0,0,0,0,0,0,0,0,0,0,0,0,0.0,0.0,0.0,0.0,1.0,3.0,392521.62857142853,5495302.8,0.0,0.0,249405.24461538458,3242268.1799999997,5.0,0.0,-1238.857142857143,-1929.0,-371.0,2.0,4.0,1.0,270000.0,268038.0,18.0,0.0,0.0,0.0,-5.5,0.0,390079.44,390079.44,1.0,0.0
100223,Cash loans,F,N,N,0,180000.0,490374.0,35811.0,400500.0,Unaccompanied,Commercial associate,Higher education,Married,House / apartment,0.00496,-12994,-2055.0,-164.0,-3461,1,1,0,1,0,0,2.0,2,2,MONDAY,11,0,0,0,0,0,0,Trade: type 6,0.7858814,0.6127042,2.0,0.0,1.0,0.0,-1967.0,0,1,0,0,0,0,0,0,0,0,0,0,0,0,0,0,0,0,0,0,0.0,0.0,0.0,0.0,1.0,3.0,1047492.0,7332444.0,0.0,0.0,923766.6664285715,6466366.665,4.0,0.0,-787.7142857142857,-2392.0,-196.0,2.0,6.0,5.0,252660.0,277209.0,71.0,-346.7883802816901,-24613.469999999998,0.0,-5.28169,3.0,1431791.8199999998,1456413.795,5.0,0.0
100232,Cash loans,F,N,N,1,102150.0,335592.0,21577.5,265500.0,Unaccompanied,Working,Higher education,Married,House / apartment,0.00496,-14445,-1751.0,-2204.0,-5049,1,1,0,1,0,0,3.0,2,2,THURSDAY,15,0,0,0,0,0,0,School,0.7845722,0.56737924,0.0,0.0,0.0,0.0,-551.0,0,1,0,0,0,0,0,0,0,0,0,0,0,0,0,0,0,0,0,0,0.0,0.0,0.0,0.0,0.0,2.0,252000.0,504000.0,0.0,0.0,96297.75,192595.5,2.0,0.0,-827.5,-987.0,-668.0,2.0,3.0,2.0,348045.0,366255.0,14.0,0.0,0.0,0.0,-21.928572,-9.0,676079.955,676079.955,2.0,0.0
100241,Cash loans,F,N,N,0,67500.0,431280.0,17797.5,360000.0,Unaccompanied,Working,Secondary / secondary special,Married,Rented apartment,0.015221,-9187,-270.0,-3663.0,-725,1,1,1,1,0,0,2.0,2,2,FRIDAY,14,1,1,0,1,1,1,Business Entity Type 3,0.09092189,0.63303167,0.0,0.0,0.0,0.0,-247.0,0,0,0,0,0,0,0,0,0,0,0,0,0,0,0,0,0,0,0,0,0.0,0.0,0.0,0.0,0.0,2.0,22407.75,44815.5,0.0,0.0,562.2525,1124.505,1.0,0.0,-433.5,-620.0,-247.0,2.0,,,,,,,,,,,,,,
100245,Cash loans,F,N,N,0,112500.0,364896.0,20947.5,315000.0,Unaccompanied,Working,Incomplete higher,Married,House / apartment,0.016612,-13365,-1397.0,-5725.0,-5788,1,1,0,1,0,0,2.0,2,2,FRIDAY,17,0,0,0,0,0,0,Industry: type 12,0.6708899,0.5460232,1.0,0.0,1.0,0.0,-2264.0,0,1,0,0,0,0,0,0,0,0,0,0,0,0,0,0,0,0,0,0,0.0,0.0,0.0,0.0,0.0,3.0,344688.309,3446883.09,0.0,0.0,115209.0,1036881.0,4.0,0.0,-1649.6,-2895.0,-584.0,2.0,,,,,126.0,0.0,0.0,0.0,-4.0634923,0.0,673839.0,673839.0,1.0,0.0
100253,Cash loans,F,Y,Y,0,171000.0,819792.0,39568.5,720000.0,Family,Commercial associate,Secondary / secondary special,Separated,House / apartment,0.010966,-15631,-3060.0,-1545.0,-3162,1,1,0,1,0,0,1.0,2,2,TUESDAY,14,0,0,0,0,0,0,Business Entity Type 3,0.60833323,0.6769925,0.0,0.0,0.0,0.0,-2302.0,0,0,0,0,0,0,1,0,0,0,0,0,0,0,0,0,0,0,0,0,0.0,0.0,0.0,0.0,1.0,2.0,462842.69,4165584.21,0.0,0.0,0.0,0.0,2.0,0.0,-1890.6666666666667,-2771.0,-580.0,3.0,7.0,7.0,398439.64285714284,393689.5714285714,46.0,17266.880543478263,-3971.5650000000005,750765.735,-12.543478,11.0,3428419.995,2634143.4899999998,7.0,7.0
100256,Cash loans,M,Y,Y,0,121500.0,119925.0,13563.0,112500.0,Unaccompanied,Working,Secondary / secondary special,Single / not married,House / apartment,0.019101,-10125,-1161.0,-239.0,-2335,1,1,0,1,0,0,1.0,2,2,WEDNESDAY,15,0,0,0,0,0,0,Trade: type 7,0.49669993,0.32016337,0.0,0.0,0.0,0.0,-1198.0,0,0,0,0,0,0,1,0,0,0,0,0,0,0,0,0,0,0,0,0,0.0,0.0,0.0,0.0,1.0,6.0,52528.68,157586.04,0.0,0.0,8529.0,25587.0,1.0,0.0,-982.3333333333334,-1429.0,-299.0,1.0,17.0,4.0,155112.35294117648,184599.79411764705,58.0,-1486.7930172413792,-9718.785,0.0,-9.155172,10.0,393896.295,480130.29,4.0,1.0
100271,Cash loans,F,Y,Y,0,270000.0,1800000.0,98770.5,1800000.0,Unaccompanied,Pensioner,Secondary / secondary special,Married,House / apartment,0.026392,-23139,,-262.0,-4637,1,0,0,1,0,0,2.0,2,2,MONDAY,11,0,0,0,0,0,0,XNA,0.74942154,0.72094417,2.0,0.0,2.0,0.0,-2023.0,0,1,0,0,0,0,0,0,0,0,0,0,0,0,0,0,0,0,0,0,0.0,0.0,0.0,0.0,2.0,6.0,396927.5625,3175420.5,0.0,0.0,0.0,0.0,1.0,0.0,-1384.625,-2660.0,-374.0,1.0,13.0,9.0,605769.2307692308,635240.7692307692,97.0,4712.816134020618,0.0,183346.425,-5.886598,1.0,7204083.435,6746940.27,7.0,0.0
100278,Cash loans,F,N,Y,1,121500.0,450000.0,35685.0,450000.0,Unaccompanied,Working,Secondary / secondary special,Married,House / apartment,0.005002,-10834,-1787.0,-4039.0,-365,1,1,1,1,0,0,3.0,3,3,TUESDAY,15,0,0,0,0,0,0,Business Entity Type 3,0.4720787,0.30010775,5.0,1.0,5.0,1.0,-358.0,0,1,0,0,0,0,0,0,0,0,0,0,0,0,0,0,0,0,0,0,0.0,0.0,0.0,0.0,1.0,0.0,392938.5,1178815.5,0.0,0.0,324829.5,974488.5,3.0,0.0,-489.6666666666667,-802.0,-36.0,2.0,3.0,1.0,110235.0,113572.5,,,,,,,,,3.0,0.0
100280,Cash loans,M,Y,Y,2,405000.0,513040.5,61015.5,472500.0,Unaccompanied,Commercial associate,Incomplete higher,Married,House / apartment,0.04622,-14342,-976.0,-2238.0,-1168,1,1,0,1,0,1,4.0,1,1,TUESDAY,10,0,1,1,0,0,0,Business Entity Type 3,0.7458859,0.6817059,0.0,0.0,0.0,0.0,-329.0,0,0,0,0,0,0,1,0,0,0,0,0,0,0,0,0,0,0,0,0,0.0,0.0,0.0,0.0,0.0,2.0,1665070.893,24976063.395,0.0,0.0,185359.05,1853590.5,3.0,0.0,-1565.4,-2861.0,-390.0,3.0,4.0,2.0,422602.875,464859.0,17.0,14871.475588235293,-7761.1050000000005,85223.745,-8.764706,4.0,1922381.325,1669566.24,2.0,0.0
100306,Cash loans,M,N,N,0,112500.0,360000.0,28570.5,360000.0,Unaccompanied,Working,Secondary / secondary special,Single / not married,With parents,0.010032,-8743,-253.0,-8712.0,-1416,1,1,0,1,0,0,1.0,2,2,THURSDAY,5,0,0,0,0,0,0,Business Entity Type 3,0.3834645,0.4920601,0.0,0.0,0.0,0.0,0.0,0,1,0,0,0,0,0,0,0,0,0,0,0,0,0,0,0,0,0,0,0.0,0.0,0.0,0.0,0.0,2.0,66690.0,133380.0,0.0,0.0,7479.0,14958.0,0.0,0.0,-1123.5,-1315.0,-932.0,2.0,3.0,2.0,55494.0,60150.0,24.0,-1339.7325,-16031.43,0.0,-11.25,4.0,212150.88,244304.46,2.0,0.0
100311,Cash loans,F,N,Y,0,175500.0,247500.0,12766.5,247500.0,Unaccompanied,Working,Secondary / secondary special,Married,House / apartment,0.018209,-17709,-3910.0,-9194.0,-1265,1,1,0,1,0,1,2.0,3,3,SUNDAY,11,0,0,0,0,0,0,Government,0.3121728,0.16441418,0.0,0.0,0.0,0.0,-1098.0,0,1,0,0,0,0,0,0,0,0,0,0,0,0,0,0,0,0,0,0,0.0,0.0,0.0,0.0,2.0,5.0,81459.4532142857,1140432.345,0.0,0.0,28820.033999999996,288200.33999999997,6.0,0.0,-869.4285714285714,-1982.0,-39.0,2.0,16.0,6.0,95343.75,102494.8125,47.0,0.0,0.0,0.0,-8.361702,0.0,1255148.865,1255148.865,6.0,0.0
100312,Cash loans,M,N,N,0,67500.0,463500.0,33921.0,463500.0,"Spouse, partner",Pensioner,Secondary / secondary special,Married,House / apartment,0.009175,-23313,,-1806.0,-5207,1,0,0,1,1,0,2.0,2,2,FRIDAY,18,0,0,0,0,0,0,XNA,0.48189253,0.8214433,4.0,0.0,4.0,0.0,0.0,0,0,0,0,1,0,0,0,0,0,0,0,0,0,0,0,0,0,0,0,0.0,0.0,0.0,0.0,0.0,3.0,988500.0,2965500.0,0.0,0.0,56927.25,113854.5,2.0,0.0,-1896.3333333333333,-2604.0,-613.0,2.0,2.0,2.0,490700.25,482330.25,99.0,-1353.3727272727276,-8550.0,0.0,-4.5656567,36.0,1409318.0999999999,1543302.0,2.0,17.0
100330,Cash loans,F,Y,Y,0,211500.0,539100.0,27652.5,450000.0,Unaccompanied,Working,Secondary / secondary special,Married,House / apartment,0.020713,-13900,-2292.0,-308.0,-5677,1,1,0,1,0,1,2.0,3,3,WEDNESDAY,9,0,0,0,0,0,0,Postal,0.5061354,0.4920601,10.0,0.0,9.0,0.0,-998.0,0,1,0,0,0,0,0,0,0,0,0,0,0,0,0,0,0,0,0,0,0.0,0.0,0.0,0.0,1.0,3.0,720360.375,8644324.5,0.0,0.0,701352.0,6312168.0,1.0,0.0,-1411.0833333333333,-2862.0,-364.0,4.0,4.0,3.0,75526.875,77125.5,47.0,0.0,0.0,0.0,-3.4893618,5.0,242892.45,242892.45,2.0,0.0
100331,Cash loans,M,Y,Y,0,225000.0,792162.0,40576.5,630000.0,Unaccompanied,Working,Higher education,Married,Rented apartment,0.008474,-17884,-2634.0,-7177.0,-1057,1,1,0,1,0,0,2.0,2,2,THURSDAY,14,1,1,1,1,1,1,Business Entity Type 3,0.7564626,,0.0,0.0,0.0,0.0,-866.0,0,1,0,0,0,0,0,0,0,0,0,0,0,0,0,0,0,0,0,0,,,,,,,,,,,,,,,,,,,3.0,2.0,72778.5,68725.5,12.0,1875.0,0.0,15381.36,-8.0,-3.0,258337.035,235837.035,2.0,0.0
100352,Cash loans,M,Y,Y,1,180000.0,729792.0,37390.5,630000.0,Unaccompanied,State servant,Secondary / secondary special,Married,House / apartment,0.031329,-18928,-1555.0,-6615.0,-2457,1,1,0,1,0,1,3.0,2,2,WEDNESDAY,9,0,0,0,0,0,0,Medicine,0.67224044,0.18520208,6.0,0.0,6.0,0.0,-1895.0,0,0,0,0,0,0,1,0,0,0,0,0,0,0,0,0,0,0,0,0,0.0,0.0,0.0,0.0,0.0,0.0,463047.93409090914,5093527.275,0.0,0.0,181313.136,1813131.3599999999,5.0,0.0,-1205.090909090909,-2893.0,-258.0,2.0,5.0,5.0,143208.0,148083.3,82.0,-1300.941768292683,-17184.96,0.0,-10.5,23.0,1057245.93,1163923.155,5.0,0.0
100358,Cash loans,F,N,Y,0,202500.0,798777.0,51178.5,697500.0,Unaccompanied,Working,Secondary / secondary special,Married,House / apartment,0.018029,-18552,-2425.0,-3294.0,-2096,1,1,0,1,0,0,2.0,3,3,SATURDAY,10,0,0,0,0,0,0,Business Entity Type 3,0.2906311,0.44539624,0.0,0.0,0.0,0.0,-1766.0,0,1,0,0,0,0,0,0,0,0,0,0,0,0,0,0,0,0,0,0,0.0,0.0,0.0,0.0,1.0,6.0,406707.63428571436,5693906.880000001,0.0,0.0,211441.87384615385,2748744.36,7.0,0.0,-1273.857142857143,-2740.0,-301.0,2.0,18.0,8.0,447195.75,488940.5,85.0,10207.657588235294,0.0,616264.38,-11.77647,1.0,4278111.3,3410460.4050000003,8.0,0.0
100367,Cash loans,M,Y,N,0,157500.0,261000.0,26874.0,261000.0,Unaccompanied,Working,Secondary / secondary special,Married,House / apartment,0.01452,-19840,-3761.0,-1325.0,-3323,1,1,0,1,0,0,2.0,2,2,THURSDAY,10,0,0,0,0,0,0,Housing,0.50922894,0.6561584,2.0,0.0,2.0,0.0,-1780.0,0,1,0,0,0,0,0,0,0,0,0,0,0,0,0,0,0,0,0,0,0.0,0.0,0.0,0.0,1.0,4.0,675000.0,1350000.0,0.0,0.0,0.0,0.0,0.0,0.0,-1985.0,-2514.0,-1456.0,1.0,5.0,4.0,85161.6,88810.2,58.0,-191.93818965517247,-11006.550000000001,0.0,-3.6034484,6.0,482428.17,493560.585,4.0,4.0
100382,Cash loans,M,Y,N,1,180000.0,431280.0,22149.0,360000.0,Unaccompanied,Working,Higher education,Married,House / apartment,0.007274,-11746,-1804.0,-1095.0,-2911,1,1,0,1,1,1,3.0,2,2,TUESDAY,14,0,0,0,0,0,0,Business Entity Type 3,0.37854454,0.16441418,1.0,0.0,1.0,0.0,0.0,0,0,0,0,0,0,1,0,0,0,0,0,0,0,0,0,0,0,0,0,0.0,0.0,0.0,0.0,1.0,4.0,1194492.5,10750432.5,0.0,0.0,1188009.0,9504072.0,4.0,0.0,-950.5555555555555,-2589.0,-52.0,3.0,7.0,4.0,78867.0,202239.0,35.0,-1026.0964285714285,-7163.595,0.0,-11.0,29.0,521515.485,557428.86,4.0,1.0
100384,Cash loans,F,N,Y,0,112500.0,360000.0,28570.5,360000.0,Unaccompanied,State servant,Higher education,Married,With parents,0.018209,-11991,-1303.0,-5282.0,-936,1,1,0,1,0,0,2.0,3,3,WEDNESDAY,13,0,0,0,0,0,0,Medicine,0.39426813,,0.0,0.0,0.0,0.0,-213.0,0,1,0,0,0,0,0,0,0,0,0,0,0,0,0,0,0,0,0,0,0.0,0.0,0.0,0.0,1.0,0.0,85266.0,85266.0,0.0,0.0,85648.5,85648.5,1.0,0.0,-407.0,-407.0,-407.0,1.0,1.0,1.0,56250.0,59593.5,7.0,-1541.9378571428572,-10767.825,0.0,-10.0,5.0,64761.21000000001,75554.77500000001,2.0,82.0
100385,Cash loans,M,Y,N,1,229500.0,544500.0,42268.5,544500.0,Family,Working,Lower secondary,Married,House / apartment,0.028663,-12567,-5041.0,-4640.0,-4565,1,1,0,1,0,0,3.0,2,2,THURSDAY,13,0,0,0,0,0,0,Business Entity Type 2,0.5767684,0.28371188,0.0,0.0,0.0,0.0,-256.0,0,1,0,0,0,0,0,0,0,0,0,0,0,0,0,0,0,0,0,0,0.0,0.0,0.0,0.0,1.0,5.0,458386.875,3667095.0,0.0,0.0,166596.75,1332774.0,4.0,0.0,-654.625,-1618.0,-154.0,3.0,12.0,5.0,42216.0,42117.75,26.0,0.0,0.0,0.0,-13.538462,0.0,247489.92,247489.92,4.0,0.0
100386,Cash loans,F,N,Y,3,202500.0,207396.0,13383.0,157500.0,Unaccompanied,Commercial associate,Higher education,Civil marriage,Municipal apartment,0.006629,-13622,-993.0,-5684.0,-2089,1,1,0,1,0,1,5.0,2,2,FRIDAY,9,0,0,0,0,0,0,Medicine,0.5922055,0.51369375,0.0,0.0,0.0,0.0,-155.0,0,1,0,0,0,0,0,0,0,0,0,0,0,0,0,0,0,0,0,0,0.0,0.0,0.0,0.0,0.0,3.0,296775.75,1780654.5,0.0,0.0,207176.625,828706.5,4.0,0.0,-768.8333333333334,-1037.0,-435.0,2.0,7.0,5.0,183843.0,194295.85714285713,40.0,-451.82025000000004,-17541.09,0.0,-10.675,4.0,916149.6000000001,934222.41,4.0,0.0
100399,Cash loans,M,N,N,0,360000.0,1024740.0,43546.5,900000.0,Unaccompanied,Commercial associate,Higher education,Married,House / apartment,0.010276,-20520,-3794.0,-3157.0,-4057,1,1,1,1,0,0,2.0,2,2,MONDAY,18,0,0,0,0,0,0,Other,0.7904523,0.40661743,0.0,0.0,0.0,0.0,-3049.0,0,1,0,0,0,0,0,0,0,0,0,0,0,0,0,0,0,0,0,0,0.0,0.0,0.0,0.0,0.0,0.0,472237.95,1416713.85,0.0,0.0,360807.0,1082421.0,2.0,0.0,-589.3333333333334,-1480.0,-92.0,2.0,,,,,5.0,0.0,0.0,0.0,-3.8,0.0,31720.725,31720.725,1.0,0.0
100404,Cash loans,F,N,Y,0,270000.0,2013840.0,83110.5,1800000.0,"Spouse, partner",Commercial associate,Higher education,Married,House / apartment,0.0105,-14343,-2682.0,-6069.0,-797,1,1,0,1,0,0,2.0,3,3,WEDNESDAY,14,0,0,0,0,0,0,Business Entity Type 3,0.66257656,0.2091547,6.0,0.0,6.0,0.0,-533.0,0,1,0,0,0,0,0,0,0,0,0,0,0,0,0,0,0,0,0,0,0.0,0.0,0.0,0.0,1.0,2.0,550587.999375,4404703.995,0.0,0.0,0.0,0.0,2.0,0.0,-773.875,-2088.0,-293.0,3.0,3.0,1.0,161568.0,145410.0,8.0,0.0,0.0,0.0,-14.625,-9.0,487730.295,487730.295,1.0,0.0
100416,Cash loans,F,Y,N,0,157500.0,869049.0,31342.5,733500.0,Family,Commercial associate,Higher education,Married,House / apartment,0.010147,-16462,-2757.0,-4150.0,-9,1,1,0,1,0,0,2.0,2,2,FRIDAY,10,0,0,0,0,0,0,Self-employed,0.6448227,0.6986675,0.0,0.0,0.0,0.0,-2358.0,0,1,0,0,0,0,0,0,0,0,0,0,0,0,0,0,0,0,0,0,0.0,0.0,0.0,0.0,1.0,3.0,150858.0,150858.0,0.0,0.0,0.0,0.0,0.0,0.0,-1302.0,-1302.0,-1302.0,1.0,13.0,4.0,79249.15384615384,94792.84615384616,168.0,-175.0695535714286,-12703.185000000001,0.0,-6.196429,5.0,1351857.195,1381268.8800000001,4.0,301.0
100422,Cash loans,M,N,N,3,180000.0,315000.0,16213.5,315000.0,Unaccompanied,Working,Secondary / secondary special,Married,House / apartment,0.025164,-18292,-1203.0,-4513.0,-1807,1,1,1,1,0,0,5.0,2,2,SATURDAY,18,0,0,0,0,1,1,Construction,0.5166752,0.5797274,0.0,0.0,0.0,0.0,-337.0,0,1,0,0,0,0,0,0,0,0,0,0,0,0,0,0,0,0,0,0,0.0,0.0,0.0,0.0,1.0,3.0,91932.60375,735460.83,0.0,0.0,11215.6875,89725.5,1.0,0.0,-1002.5,-1533.0,-236.0,1.0,7.0,5.0,110892.85714285714,115227.0,66.0,-473.2936363636364,-31144.14,0.0,-7.1363635,2.0,1306898.37,1338135.75,4.0,0.0
100426,Cash loans,F,Y,Y,0,157500.0,1125000.0,65313.0,1125000.0,Unaccompanied,Working,Secondary / secondary special,Married,House / apartment,0.028663,-14901,-6438.0,-3513.0,-4258,1,1,0,1,0,1,2.0,2,2,MONDAY,13,0,0,0,0,0,0,Kindergarten,0.56842005,0.40661743,0.0,0.0,0.0,0.0,-1364.0,0,1,0,0,0,0,0,0,0,0,0,0,0,0,0,0,0,0,0,0,0.0,0.0,0.0,0.0,1.0,2.0,260215.84968749998,4163453.5949999997,0.0,0.0,101831.214375,1629299.43,9.0,0.0,-818.125,-1869.0,-181.0,2.0,7.0,6.0,165529.2857142857,214324.7142857143,187.0,159.83735294117648,0.0,29674.395,-3.0106952,1.0,2300690.52,2270800.935,5.0,0.0
100438,Cash loans,F,N,Y,1,144000.0,450000.0,23107.5,450000.0,Family,Working,Higher education,Married,House / apartment,0.030755,-10711,-1327.0,-14.0,-1272,1,1,0,1,1,0,3.0,2,2,WEDNESDAY,9,0,0,0,0,0,0,Self-employed,0.6640709,0.5602843,2.0,1.0,2.0,0.0,-992.0,0,1,0,0,0,0,0,0,0,0,0,0,0,0,0,0,0,0,0,0,0.0,0.0,0.0,0.0,2.0,0.0,33102.1125,132408.45,0.0,0.0,0.0,0.0,1.0,0.0,-527.75,-727.0,-225.0,1.0,3.0,2.0,52818.0,50611.5,12.0,0.0,0.0,0.0,-10.416667,-1.0,83809.395,83809.395,2.0,0.0
100444,Cash loans,M,N,N,1,202500.0,300735.0,16443.0,243000.0,Unaccompanied,Pensioner,Secondary / secondary special,Married,House / apartment,0.016612,-9731,,-5251.0,-2314,1,0,0,1,0,1,3.0,2,2,SATURDAY,11,0,0,0,1,0,0,XNA,0.26557183,0.5388627,1.0,1.0,1.0,1.0,-975.0,0,1,0,0,0,0,0,0,0,0,0,0,0,0,0,0,0,0,0,0,0.0,0.0,0.0,1.0,0.0,3.0,900000.0,900000.0,0.0,0.0,563260.5,563260.5,1.0,0.0,-680.0,-680.0,-680.0,1.0,2.0,2.0,344020.5,346893.75,22.0,0.0,0.0,0.0,-1.6363636,1.0,996225.165,996225.165,2.0,0.0
100445,Cash loans,M,N,N,0,135000.0,278505.0,15237.0,211500.0,Unaccompanied,Working,Secondary / secondary special,Single / not married,With parents,0.018801,-13188,-126.0,-7143.0,-1257,1,1,0,1,0,0,1.0,2,2,THURSDAY,15,0,0,0,0,0,0,Other,0.5041348,,0.0,0.0,0.0,0.0,-1789.0,0,1,0,0,0,0,0,0,0,0,0,0,0,0,0,0,0,0,0,0,,,,,,,,,,,,,,,,,,,8.0,4.0,113141.25,119507.625,56.0,-363.4248214285714,-12430.215,0.0,-7.410714,28.0,919675.7999999999,940027.59,3.0,9.0
100446,Cash loans,M,Y,N,0,157500.0,594121.5,30465.0,472500.0,Unaccompanied,State servant,Higher education,Single / not married,House / apartment,0.019101,-10015,-1283.0,-4322.0,-2694,1,1,0,1,0,0,1.0,2,2,THURSDAY,9,0,0,0,0,1,1,Military,0.085703,0.563835,7.0,0.0,7.0,0.0,-456.0,0,1,0,0,0,0,0,0,0,0,0,0,0,0,0,0,0,0,0,0,0.0,0.0,0.0,0.0,1.0,0.0,78480.135,313920.54,0.0,0.0,4448.25,17793.0,1.0,0.0,-1040.75,-1340.0,-188.0,1.0,1.0,1.0,77764.5,77764.5,11.0,1612.6363636363637,0.0,10486.845000000001,-15.545455,-8.0,103715.055,85976.055,1.0,0.0
100447,Cash loans,F,N,Y,0,99000.0,130320.0,9873.0,112500.0,Unaccompanied,Pensioner,Higher education,Married,House / apartment,0.003069,-21556,,-4896.0,-5008,1,0,0,1,0,0,2.0,3,3,FRIDAY,10,0,0,0,0,0,0,XNA,0.4877421,0.6801388,3.0,0.0,3.0,0.0,0.0,0,1,0,0,0,0,0,0,0,0,0,0,0,0,0,0,0,0,0,0,0.0,0.0,0.0,0.0,0.0,3.0,135675.0,271350.0,0.0,0.0,27434.25,54868.5,1.0,0.0,-779.0,-1232.0,-326.0,1.0,3.0,3.0,603240.0,662560.5,47.0,0.0,0.0,0.0,-7.8510637,0.0,1541482.605,1541482.605,3.0,0.0
100450,Cash loans,F,N,Y,0,40500.0,90000.0,7110.0,90000.0,Unaccompanied,Pensioner,Secondary / secondary special,Married,House / apartment,0.035792,-22995,,-10775.0,-3516,1,0,0,1,0,0,2.0,2,2,THURSDAY,10,0,0,0,0,0,0,XNA,0.6964225,0.32806316,0.0,0.0,0.0,0.0,-575.0,0,1,0,0,0,0,0,0,0,0,0,0,0,0,0,0,0,0,0,0,0.0,0.0,0.0,0.0,0.0,2.0,179104.34,1611939.06,0.0,0.0,79445.25,635562.0,6.0,0.0,-1166.2222222222222,-2753.0,-391.0,2.0,2.0,1.0,45000.0,53910.0,6.0,-1215.6675,-6136.02,0.0,-9.666667,6.0,139088.69999999998,146382.705,1.0,0.0
100466,Cash loans,F,N,Y,0,175500.0,261801.0,18747.0,234000.0,Group of people,Working,Secondary / secondary special,Married,House / apartment,0.035792,-22986,-2062.0,-8014.0,-4415,1,1,0,1,0,1,2.0,2,2,MONDAY,17,0,0,0,0,1,1,School,0.6768347,0.36394525,1.0,0.0,1.0,0.0,-2888.0,0,1,0,0,0,0,0,0,0,0,0,0,0,0,0,0,0,0,0,0,0.0,0.0,0.0,0.0,1.0,1.0,270259.7727272727,2972857.5,0.0,0.0,149662.22727272726,1646284.5,2.0,0.0,-1315.2727272727273,-2048.0,-342.0,2.0,9.0,8.0,217455.02500000002,225154.5,99.0,-385.1818181818182,-19030.005,0.0,-8.555555,2.0,2059540.065,2097673.065,7.0,0.0
100483,Cash loans,F,N,Y,1,202500.0,675000.0,25578.0,675000.0,Unaccompanied,Commercial associate,Higher education,Married,House / apartment,0.006008,-15358,-3235.0,-7912.0,-4830,1,1,0,1,0,0,3.0,2,2,WEDNESDAY,13,0,0,0,0,1,1,Government,0.70481133,0.44539624,2.0,0.0,2.0,0.0,-480.0,0,1,0,0,0,0,0,0,0,0,0,0,0,0,0,0,0,0,0,0,0.0,0.0,0.0,0.0,0.0,2.0,148370.88,1335337.92,0.0,0.0,27996.5,251968.5,4.0,0.0,-1150.3333333333333,-2783.0,-120.0,2.0,5.0,2.0,101315.7,123866.1,14.0,0.0,0.0,0.0,-22.642857,-6.0,249393.51,249393.51,2.0,0.0
100484,Cash loans,F,N,Y,0,202500.0,1907010.0,66415.5,1741500.0,Family,Working,Higher education,Married,House / apartment,0.019689,-21975,-1083.0,-12431.0,-4962,1,1,1,1,1,1,2.0,2,2,WEDNESDAY,8,0,0,0,0,0,0,Self-employed,0.59426874,0.63970757,5.0,1.0,5.0,1.0,-1363.0,0,0,0,0,1,0,0,0,0,0,0,0,0,0,0,0,0,0,0,0,0.0,0.0,0.0,0.0,0.0,4.0,27000.0,54000.0,0.0,0.0,0.0,0.0,1.0,0.0,-2760.0,-2760.0,-2760.0,1.0,10.0,9.0,303473.25,310601.7,114.0,-1221.5084210526318,-25717.77,0.0,-9.570175,22.0,3553006.905,3692258.865,9.0,10.0
100494,Cash loans,F,N,Y,0,135000.0,675000.0,36747.0,675000.0,Unaccompanied,Working,Higher education,Civil marriage,House / apartment,0.030755,-10476,-2786.0,-725.0,-3136,1,1,1,1,0,0,2.0,2,2,MONDAY,13,0,0,0,1,1,0,Self-employed,0.30790204,0.6577838,0.0,0.0,0.0,0.0,-1798.0,0,0,0,0,0,0,1,0,0,0,0,0,0,0,0,0,0,0,0,0,0.0,0.0,0.0,0.0,0.0,0.0,143239.741875,1145917.935,0.0,0.0,0.0,0.0,0.0,0.0,-1217.75,-1931.0,-238.0,2.0,1.0,1.0,247500.0,247500.0,16.0,0.0,0.0,0.0,-10.25,0.0,436014.315,436014.315,1.0,0.0
100510,Cash loans,M,Y,N,0,315000.0,405000.0,21969.0,405000.0,Unaccompanied,Working,Secondary / secondary special,Single / not married,Municipal apartment,0.007114,-15070,-1169.0,-6699.0,-4110,1,1,0,1,0,0,1.0,2,2,TUESDAY,14,0,0,0,0,0,0,Government,0.34390032,0.40314168,0.0,0.0,0.0,0.0,-682.0,0,1,0,0,0,0,0,0,0,0,0,0,0,0,0,0,0,0,0,0,0.0,0.0,0.0,0.0,0.0,2.0,551049.0,4959441.0,0.0,0.0,237475.5,2137279.5,5.0,0.0,-1222.111111111111,-2536.0,-243.0,2.0,3.0,2.0,301500.0,301500.0,57.0,1695.0,0.0,47326.5,-10.561403,2.0,818788.5,722173.5,1.0,0.0
100512,Cash loans,F,N,Y,0,92250.0,130320.0,13815.0,112500.0,Unaccompanied,Pensioner,Secondary / secondary special,Single / not married,House / apartment,0.003818,-23681,,-3536.0,-4863,1,0,0,1,1,0,1.0,2,2,WEDNESDAY,4,0,0,0,0,0,0,XNA,0.73238313,,4.0,0.0,4.0,0.0,-158.0,0,0,0,0,1,0,0,0,0,0,0,0,0,0,0,0,0,0,0,0,0.0,0.0,0.0,0.0,1.0,0.0,450000.0,450000.0,0.0,0.0,431356.5,431356.5,1.0,0.0,-165.0,-165.0,-165.0,1.0,1.0,1.0,97713.0,87318.0,5.0,0.0,0.0,0.0,-21.6,-17.0,78771.6,78771.6,1.0,0.0
100517,Cash loans,F,N,Y,0,279000.0,630000.0,32296.5,630000.0,Family,Commercial associate,Secondary / secondary special,Married,House / apartment,0.026392,-15265,-1685.0,-231.0,-2295,1,1,1,1,0,0,2.0,2,2,WEDNESDAY,12,0,0,0,0,0,0,Trade: type 7,0.69900066,0.622922,6.0,0.0,6.0,0.0,-2297.0,0,1,0,0,0,0,0,0,0,0,0,0,0,0,0,0,0,0,0,0,0.0,0.0,0.0,0.0,0.0,2.0,490110.4607142857,6861546.45,0.0,0.0,398287.60714285716,5576026.5,4.0,0.0,-1275.0,-2002.0,-320.0,3.0,5.0,4.0,250209.0,263039.4,46.0,0.0,0.0,0.0,-5.2173915,0.0,1096733.115,1096733.115,3.0,0.0
100548,Cash loans,F,N,Y,0,87750.0,156384.0,11821.5,135000.0,Unaccompanied,Pensioner,Higher education,Single / not married,House / apartment,0.031329,-23982,,-3369.0,-4340,1,0,0,1,0,0,1.0,2,2,WEDNESDAY,14,0,0,0,0,0,0,XNA,0.38277712,0.49566582,0.0,0.0,0.0,0.0,-1434.0,0,0,0,0,1,0,0,0,0,0,0,0,0,0,0,0,0,0,0,0,0.0,0.0,0.0,0.0,0.0,6.0,62462.706,936940.59,0.0,0.0,6533.678571428572,91471.5,3.0,0.0,-1111.6,-2703.0,-182.0,3.0,19.0,12.0,72242.52631578948,78117.86842105263,111.0,-638.916891891892,-13004.505000000001,0.0,-13.810811,27.0,1203009.255,1273929.03,13.0,0.0
100551,Cash loans,F,N,Y,0,144000.0,981360.0,31788.0,720000.0,Unaccompanied,Pensioner,Secondary / secondary special,Married,House / apartment,0.00963,-20537,,-168.0,-1477,1,0,0,1,0,0,2.0,2,2,THURSDAY,12,0,0,0,0,0,0,XNA,0.61014485,0.4365065,4.0,0.0,4.0,0.0,-2078.0,0,1,0,0,0,0,0,0,0,0,0,0,0,0,0,0,0,0,0,0,0.0,0.0,0.0,0.0,0.0,0.0,137763.0,688815.0,0.0,0.0,51075.0,255375.0,1.0,0.0,-1704.0,-2518.0,-735.0,2.0,22.0,5.0,93657.27272727272,97949.65909090909,57.0,1746.6505263157894,-16307.685,39859.425,-6.6842103,4.0,1341079.47,1241520.39,4.0,0.0
100552,Cash loans,M,Y,Y,2,180000.0,269982.0,32170.5,238500.0,Unaccompanied,Working,Secondary / secondary special,Married,House / apartment,0.010147,-11611,-2117.0,-4930.0,-4033,1,1,0,1,0,1,4.0,2,2,FRIDAY,10,0,0,0,1,1,0,Industry: type 4,0.54755634,0.37064964,2.0,0.0,2.0,0.0,-2248.0,0,1,0,0,0,0,0,0,0,0,0,0,0,0,0,0,0,0,0,0,0.0,0.0,0.0,0.0,0.0,3.0,1122205.266,5611026.33,0.0,0.0,654364.8,3271824.0,2.0,0.0,-917.0,-1593.0,-204.0,2.0,10.0,5.0,237807.91349999997,240334.2,38.0,-148.71315789473687,-5645.700000000001,0.0,-8.394737,4.0,321502.365,327153.465,4.0,0.0
100553,Cash loans,M,Y,N,0,126000.0,165915.0,10278.0,126000.0,Unaccompanied,Commercial associate,Secondary / secondary special,Single / not married,House / apartment,0.031329,-11604,-3552.0,-5576.0,-4239,1,1,0,1,0,0,1.0,2,2,TUESDAY,8,0,0,0,0,0,0,Business Entity Type 3,0.66892666,0.79107493,0.0,0.0,0.0,0.0,-2746.0,0,1,0,0,0,0,0,0,0,0,0,0,0,0,0,0,0,0,0,0,0.0,0.0,0.0,0.0,0.0,0.0,90000.0,90000.0,0.0,0.0,,0.0,0.0,0.0,-2921.0,-2921.0,-2921.0,1.0,3.0,2.0,99870.0,120963.0,32.0,1017.725625,0.0,16362.405,-16.34375,0.0,498495.015,465927.795,2.0,0.0
100561,Cash loans,M,Y,Y,0,180000.0,67500.0,8140.5,67500.0,Unaccompanied,Working,Secondary / secondary special,Married,House / apartment,0.015221,-11819,-2612.0,-9781.0,-4134,1,1,0,1,1,0,2.0,2,2,FRIDAY,12,0,0,0,0,0,0,Business Entity Type 3,0.27319363,0.21885908,3.0,0.0,3.0,0.0,-1257.0,0,0,0,0,0,0,1,0,0,0,0,0,0,0,0,0,0,0,0,0,0.0,0.0,0.0,0.0,0.0,2.0,221572.92857142858,1551010.5,0.0,0.0,178275.3375,1069652.025,6.0,0.0,-687.2857142857143,-1311.0,-398.0,2.0,11.0,7.0,185763.68181818182,183543.54545454544,161.0,-391.76021739130437,-23400.0,0.0,-1.5962733,6.0,2485399.32,2548472.715,6.0,5.0
100568,Cash loans,M,N,N,0,112500.0,312768.0,24709.5,270000.0,Unaccompanied,Working,Secondary / secondary special,Married,House / apartment,0.02461,-10018,-464.0,-4394.0,-2671,1,1,1,1,1,0,2.0,2,2,FRIDAY,14,0,0,0,0,1,1,Trade: type 3,0.3197249,0.044130314,0.0,0.0,0.0,0.0,-207.0,0,1,0,0,0,0,0,0,0,0,0,0,0,0,0,0,0,0,0,0,0.0,0.0,0.0,0.0,2.0,2.0,119269.87714285715,834889.14,0.0,0.0,60371.357142857145,422599.5,3.0,0.0,-493.85714285714283,-1274.0,-207.0,2.0,5.0,3.0,99959.4,101255.4,18.0,0.0,0.0,0.0,-13.277778,-6.0,155536.155,155536.155,3.0,0.0
100569,Cash loans,F,N,Y,1,225000.0,400392.0,42174.0,360000.0,Unaccompanied,Commercial associate,Higher education,Married,House / apartment,0.009334,-15253,-6186.0,-5.0,-5219,1,1,0,1,0,0,3.0,2,2,MONDAY,11,0,0,0,0,0,0,Legal Services,0.67452496,,0.0,0.0,0.0,0.0,-1459.0,0,1,0,0,0,0,0,0,0,0,0,0,0,0,0,0,0,0,0,0,,,,,,,,,,,,,,,,,,,6.0,4.0,129891.0,124145.25,38.0,-3490.1064473684214,-37283.625,0.0,-11.947369,6.0,895932.0900000001,1028556.135,4.0,0.0
100591,Cash loans,M,Y,Y,0,180000.0,328405.5,26077.5,283500.0,"Spouse, partner",Commercial associate,Secondary / secondary special,Married,House / apartment,0.01885,-16659,-243.0,-2132.0,-186,1,1,0,1,0,0,2.0,2,2,MONDAY,9,0,1,1,0,1,1,Security,0.70455647,,2.0,0.0,2.0,0.0,-2687.0,0,1,0,0,0,0,0,0,0,0,0,0,0,0,0,0,0,0,0,0,,,,,,,,,,,,,,,,,,,5.0,4.0,141422.4,158058.9,49.0,-211.71489795918367,-10350.0,0.0,-6.285714,20.0,564323.625,574697.655,4.0,0.0
100592,Cash loans,F,N,Y,0,180000.0,831730.5,30006.0,702000.0,Unaccompanied,Pensioner,Secondary / secondary special,Widow,House / apartment,0.025164,-21128,,-455.0,-4284,1,0,0,1,0,0,1.0,2,2,MONDAY,14,0,0,0,0,0,0,XNA,0.62067676,0.78988034,0.0,0.0,0.0,0.0,0.0,0,0,0,0,1,0,0,0,0,0,0,0,0,0,0,0,0,0,0,0,0.0,0.0,0.0,0.0,0.0,1.0,231747.0,695241.0,0.0,0.0,225753.75,451507.5,1.0,0.0,-1667.6666666666667,-2300.0,-451.0,2.0,7.0,4.0,152357.14285714287,178286.14285714287,71.0,-3466.5933802816903,-26588.745,0.0,-3.7887323,12.0,1165721.535,1411849.665,5.0,7.0
100602,Cash loans,F,N,N,0,99000.0,450000.0,23008.5,450000.0,Family,Working,Secondary / secondary special,Single / not married,House / apartment,0.04622,-10310,-968.0,-1625.0,-2079,1,1,1,1,0,0,1.0,1,1,MONDAY,9,0,0,0,0,0,0,Medicine,0.6785637,,0.0,0.0,0.0,0.0,-1371.0,0,1,0,0,0,0,0,0,0,0,0,0,0,0,0,0,0,0,0,0,,,,,,,,,,,,,,,,,,,2.0,2.0,119137.5,115121.25,13.0,0.0,0.0,0.0,-13.307693,-9.0,211385.7,211385.7,2.0,0.0
100607,Cash loans,M,Y,Y,0,135000.0,450000.0,23107.5,450000.0,Unaccompanied,Commercial associate,Secondary / secondary special,Married,House / apartment,0.028663,-17088,-1727.0,-10415.0,-637,1,1,0,1,0,0,2.0,2,2,MONDAY,9,0,0,0,0,0,0,Construction,0.64671355,0.5478105,6.0,0.0,6.0,0.0,-1472.0,0,1,0,0,0,0,0,0,0,0,0,0,0,0,0,0,0,0,0,0,0.0,0.0,0.0,0.0,0.0,3.0,544500.0,2178000.0,0.0,0.0,270543.7575,1082175.03,3.0,0.0,-869.0,-1007.0,-500.0,2.0,3.0,2.0,105000.0,118860.0,55.0,-1829.4406363636367,-14919.39,0.0,-8.072727,5.0,614238.03,714857.265,2.0,0.0
100613,Cash loans,M,N,Y,0,45000.0,526491.0,24525.0,454500.0,Unaccompanied,Pensioner,Lower secondary,Married,House / apartment,0.018209,-22580,,-1595.0,-3913,1,0,0,1,1,0,2.0,3,3,WEDNESDAY,7,0,0,0,0,0,0,XNA,0.5898375,,0.0,0.0,0.0,0.0,-1400.0,0,1,0,0,0,0,0,0,0,0,0,0,0,0,0,0,0,0,0,0,,,,,,,,,,,,,,,,,,,4.0,4.0,76339.125,77094.0,31.0,-427.2982258064516,-13228.155,0.0,-10.741936,36.0,351823.23,365069.475,4.0,35.0
100617,Cash loans,F,N,Y,2,202500.0,481176.0,24696.0,360000.0,Unaccompanied,Commercial associate,Higher education,Married,House / apartment,0.032561,-12133,-291.0,-6212.0,-3643,1,1,0,1,0,1,4.0,1,1,FRIDAY,14,0,0,0,0,0,0,Kindergarten,0.6011305,0.12295542,1.0,0.0,1.0,0.0,0.0,0,1,0,0,0,0,0,0,0,0,0,0,0,0,0,0,0,0,0,0,0.0,0.0,0.0,0.0,1.0,2.0,114465.24692307692,1488048.21,1.7307692307692308,22.5,39717.375,476608.5,7.0,60.0,-1642.5384615384614,-2824.0,-194.0,2.0,8.0,6.0,43648.3125,41133.375,64.0,-300.830625,-9064.845,0.0,-15.15625,10.0,318550.725,337803.885,7.0,0.0
100618,Cash loans,F,Y,N,0,202500.0,781920.0,39924.0,675000.0,Unaccompanied,Working,Secondary / secondary special,Married,House / apartment,0.02461,-15322,-534.0,-209.0,-5600,1,1,1,1,1,0,2.0,2,2,WEDNESDAY,10,0,0,0,0,1,1,Industry: type 3,0.5741293,0.30467218,0.0,0.0,0.0,0.0,-1310.0,0,1,0,0,0,0,0,0,0,0,0,0,0,0,0,0,0,0,0,0,0.0,0.0,0.0,0.0,1.0,6.0,786000.0,4716000.0,0.0,0.0,341643.6,1708218.0,2.0,0.0,-1357.6666666666667,-2642.0,-339.0,2.0,7.0,5.0,499686.4285714286,542526.4285714285,73.0,0.0,0.0,0.0,-8.20548,-1.0,4502587.1850000005,4502587.1850000005,6.0,0.0
100622,Cash loans,M,N,N,0,67500.0,111384.0,9058.5,90000.0,Unaccompanied,Working,Secondary / secondary special,Single / not married,With parents,0.010147,-10470,-3064.0,-4531.0,-3055,1,1,1,1,1,0,1.0,2,2,FRIDAY,19,0,0,0,0,0,0,Self-employed,0.29472342,0.42061096,0.0,0.0,0.0,0.0,-1391.0,0,1,0,0,0,0,0,0,0,0,0,0,0,0,0,0,0,0,0,0,0.0,0.0,0.0,0.0,2.0,3.0,16792.5,100755.0,0.0,0.0,1560.0,9360.0,1.0,0.0,-199.5,-915.0,-23.0,1.0,8.0,5.0,75386.25,84294.0,30.0,0.0,0.0,0.0,-9.233334,-1.0,328091.535,328091.535,3.0,0.0
100625,Cash loans,F,N,N,1,112500.0,735579.0,32400.0,585000.0,Family,Working,Secondary / secondary special,Married,Municipal apartment,0.010032,-12104,-4358.0,-5809.0,-1419,1,1,0,1,0,1,3.0,2,2,THURSDAY,5,0,0,0,0,0,0,Self-employed,0.5837454,,0.0,0.0,0.0,0.0,-2424.0,0,1,0,0,0,0,0,0,0,0,0,0,0,0,0,0,0,0,0,0,,,,,,,,,,,,,,,,,,,5.0,4.0,161227.8,175254.3,74.0,-2302.8968918918918,-15599.52,0.0,-3.9054055,29.0,1200021.2550000001,1370435.625,5.0,20.0
100677,Cash loans,F,N,Y,1,252000.0,402214.5,22459.5,328500.0,Unaccompanied,Commercial associate,Secondary / secondary special,Married,House / apartment,0.02461,-14806,-620.0,-489.0,-3039,1,1,0,1,0,1,3.0,2,2,THURSDAY,11,0,0,0,0,1,1,Business Entity Type 3,0.65074986,0.2091547,2.0,0.0,2.0,0.0,-2352.0,0,1,0,0,0,0,0,0,0,0,0,0,0,0,0,0,0,0,0,0,0.0,0.0,0.0,0.0,1.0,2.0,1355266.1057142857,9486862.74,0.0,0.0,1200569.9657142856,8403989.76,6.0,0.0,-447.42857142857144,-1321.0,-40.0,3.0,2.0,2.0,30456.0,22936.5,14.0,0.0,0.0,0.0,-48.785713,16.0,55701.899999999994,55701.899999999994,2.0,0.0
100699,Cash loans,M,Y,Y,1,225000.0,323460.0,23134.5,270000.0,Unaccompanied,Working,Higher education,Married,House / apartment,0.020246,-13444,-1659.0,-2988.0,-4436,1,1,0,1,0,0,3.0,3,3,WEDNESDAY,7,0,0,0,0,0,0,Other,0.3643069,0.64136827,3.0,0.0,3.0,0.0,-1901.0,0,1,0,0,0,0,0,0,0,0,0,0,0,0,0,0,0,0,0,0,0.0,0.0,0.0,0.0,0.0,3.0,452248.965,3617991.72,0.0,0.0,172136.8125,1377094.5,3.0,0.0,-1528.375,-2484.0,-648.0,2.0,4.0,3.0,172012.5,186607.125,46.0,-520.8838043478261,-22937.895,0.0,-5.173913,2.0,815579.5499999999,839540.205,3.0,0.0
100702,Cash loans,M,N,Y,0,175500.0,315000.0,25015.5,315000.0,Unaccompanied,Commercial associate,Secondary / secondary special,Civil marriage,House / apartment,0.018209,-8839,-148.0,-8210.0,-1503,1,1,0,1,0,0,2.0,3,3,MONDAY,17,0,0,0,0,0,0,Business Entity Type 3,0.14005314,0.13342926,2.0,0.0,2.0,0.0,-209.0,0,1,0,0,0,0,0,0,0,0,0,0,0,0,0,0,0,0,0,0,0.0,0.0,0.0,0.0,0.0,4.0,92441.25,369765.0,0.0,0.0,45284.625,181138.5,3.0,0.0,-569.25,-647.0,-488.0,2.0,6.0,3.0,113463.75,118561.5,19.0,-281.15763157894736,-5266.89,0.0,-16.263159,2.0,192766.32,198108.315,2.0,0.0
100711,Cash loans,F,N,Y,0,180000.0,1525482.0,63085.5,1363500.0,Unaccompanied,Working,Higher education,Married,Municipal apartment,0.010032,-16107,-9070.0,-8068.0,-2972,1,1,0,1,0,0,2.0,2,2,MONDAY,11,0,0,0,0,0,0,Business Entity Type 2,0.3065523,0.34905526,1.0,0.0,1.0,0.0,-852.0,0,0,0,1,0,0,0,0,0,0,0,0,0,0,0,0,0,0,0,0,0.0,0.0,0.0,0.0,0.0,0.0,238543.65,1192718.25,0.0,0.0,38896.942500000005,155587.77000000002,2.0,0.0,-1005.0,-2348.0,-37.0,2.0,1.0,1.0,227016.0,227016.0,16.0,0.0,0.0,0.0,-8.75,-2.0,245418.75,245418.75,1.0,0.0
100729,Cash loans,M,N,N,1,112500.0,180000.0,14220.0,180000.0,Unaccompanied,Working,Secondary / secondary special,Married,House / apartment,0.010556,-15974,-472.0,-5283.0,-5319,1,1,1,1,0,0,3.0,3,3,MONDAY,14,0,0,0,0,1,1,Industry: type 3,0.37784514,0.37064964,2.0,0.0,2.0,0.0,-2019.0,0,1,0,0,0,0,0,0,0,0,0,0,0,0,0,0,0,0,0,0,0.0,0.0,0.0,0.0,0.0,0.0,20080.62,20080.62,0.0,0.0,0.0,0.0,0.0,0.0,-866.0,-866.0,-866.0,1.0,7.0,4.0,94874.14285714286,104581.92857142857,39.0,-546.6380769230769,-6282.18,0.0,-23.102564,5.0,215745.3,237064.185,4.0,0.0
100740,Cash loans,F,N,N,1,67500.0,296280.0,21559.5,225000.0,Family,Working,Secondary / secondary special,Married,House / apartment,0.010643,-10302,-615.0,-1956.0,-2705,1,1,1,1,0,0,3.0,2,2,SUNDAY,15,0,0,0,0,1,1,Industry: type 11,0.3527255,,0.0,0.0,0.0,0.0,-451.0,0,1,0,0,0,0,0,0,0,0,0,0,0,0,0,0,0,0,0,0,,,,,,,,,,,,,,,,,,,2.0,1.0,35307.0,35307.0,9.0,0.0,0.0,0.0,-6.0,-4.0,80010.36,80010.36,1.0,0.0
100744,Cash loans,F,N,Y,2,144000.0,225000.0,17905.5,225000.0,"Spouse, partner",Working,Secondary / secondary special,Married,House / apartment,0.010006,-10426,-666.0,-1580.0,-20,1,1,1,1,1,0,4.0,2,2,MONDAY,15,0,0,0,0,0,0,Self-employed,0.4072754,,0.0,0.0,0.0,0.0,0.0,0,1,0,0,0,0,0,0,0,0,0,0,0,0,0,0,0,0,0,0,,,,,,,,,,,,,,,,,,,2.0,1.0,156012.75,150545.25,11.0,0.0,0.0,0.0,-7.3636365,-2.0,292359.42,292359.42,1.0,0.0
100745,Cash loans,F,N,Y,0,135000.0,900000.0,29034.0,900000.0,,Working,Secondary / secondary special,Married,House / apartment,0.020713,-11000,-2266.0,-5278.0,-3680,1,1,1,1,0,0,2.0,3,3,MONDAY,9,0,0,0,0,0,0,Medicine,0.46676847,0.58674,17.0,0.0,16.0,0.0,-1783.0,0,1,0,0,0,0,0,0,0,0,0,0,0,0,0,0,0,0,0,0,0.0,0.0,0.0,0.0,0.0,1.0,36100.3275,72200.655,0.0,0.0,1792.2375,3584.475,2.0,0.0,-907.5,-1458.0,-357.0,1.0,4.0,4.0,77677.875,80651.25,66.0,-753.7070454545454,-13512.060000000001,0.0,-5.969697,5.0,377748.765,427493.43,4.0,0.0
100747,Cash loans,M,Y,Y,0,495000.0,691551.0,54769.5,625500.0,"Spouse, partner",Commercial associate,Incomplete higher,Civil marriage,House / apartment,0.007305,-8842,-839.0,-4283.0,-1485,1,1,1,1,1,0,2.0,3,3,THURSDAY,9,0,0,0,0,0,0,Business Entity Type 3,0.56271946,0.3077367,0.0,0.0,0.0,0.0,-356.0,0,1,0,0,0,0,0,0,0,0,0,0,0,0,0,0,0,0,0,0,0.0,0.0,0.0,0.0,4.0,0.0,619810.875,7437730.5,0.0,0.0,332376.52125,3988518.255,6.0,0.0,-612.4166666666666,-1025.0,-279.0,3.0,2.0,1.0,221386.5,208451.25,12.0,3701.9249999999997,0.0,39715.38,-3.4166667,1.0,481789.35,437366.25,1.0,0.0
100751,Cash loans,F,N,N,1,67500.0,450000.0,14517.0,450000.0,Unaccompanied,Working,Secondary / secondary special,Married,House / apartment,0.020246,-14469,-4949.0,-661.0,-5678,1,1,1,1,0,0,3.0,3,3,SATURDAY,13,0,0,0,0,0,0,Other,0.27708378,0.1951984,5.0,1.0,5.0,1.0,-1882.0,0,1,0,0,0,0,0,0,0,0,0,0,0,0,0,0,0,0,0,0,0.0,0.0,0.0,0.0,1.0,1.0,373732.734375,2989861.875,0.0,0.0,179749.2857142857,1258245.0,4.0,0.0,-1016.125,-2706.0,-273.0,1.0,3.0,3.0,318417.0,363849.0,19.0,6614.891052631579,-4638.0599999999995,98483.805,-5.2105265,27.0,1481467.68,1355784.75,3.0,6.0
100752,Cash loans,M,Y,Y,0,135000.0,675000.0,27229.5,675000.0,"Spouse, partner",State servant,Secondary / secondary special,Married,House / apartment,0.018209,-20762,-3960.0,-12743.0,-4165,1,1,0,1,0,0,2.0,3,3,FRIDAY,8,0,0,0,0,0,0,University,0.46312913,,0.0,0.0,0.0,0.0,0.0,0,1,0,0,0,0,0,0,0,0,0,0,0,0,0,0,0,0,0,0,0.0,0.0,0.0,0.0,1.0,3.0,59701.5,298507.5,0.0,0.0,0.0,0.0,1.0,0.0,-2175.4,-2624.0,-1732.0,2.0,4.0,3.0,80454.94875,84874.5,50.0,1601.4501,0.0,23453.145,-7.1,0.0,639515.79,559443.285,2.0,0.0
100753,Cash loans,F,Y,Y,0,180000.0,156384.0,18688.5,135000.0,Unaccompanied,Working,Secondary / secondary special,Civil marriage,With parents,0.022625,-11477,-2087.0,-610.0,-713,1,1,0,1,0,0,2.0,2,2,FRIDAY,10,0,0,0,1,1,0,Self-employed,0.4230111,0.0938366,0.0,0.0,0.0,0.0,-577.0,0,1,0,0,0,0,0,0,0,0,0,0,0,0,0,0,0,0,0,0,0.0,0.0,0.0,0.0,0.0,2.0,258494.544,1292472.72,0.0,0.0,196607.358,983036.79,4.0,0.0,-490.6,-584.0,-270.0,2.0,3.0,3.0,57955.5,59566.5,68.0,-45.598235294117636,-1425.0149999999999,0.0,-4.3088236,6.0,1050294.105,1053394.785,2.0,0.0
100754,Cash loans,M,Y,Y,0,135000.0,364500.0,13221.0,364500.0,Unaccompanied,Working,Secondary / secondary special,Married,House / apartment,0.00733,-19434,-553.0,-9402.0,-2908,1,1,0,1,0,0,2.0,2,2,FRIDAY,15,0,0,0,0,0,0,Self-employed,0.26870131,0.2301589,0.0,0.0,0.0,0.0,-1714.0,0,1,0,0,0,0,0,0,0,0,0,0,0,0,0,0,0,0,0,0,0.0,0.0,0.0,0.0,1.0,2.0,582450.8624999999,3494705.175,0.0,0.0,398205.8625,2389235.175,3.0,0.0,-846.0,-2114.0,-179.0,2.0,9.0,6.0,300725.0,454819.5,115.0,0.0,0.0,0.0,-6.2956524,1.0,3915511.65,3915511.65,5.0,0.0
100760,Cash loans,M,N,Y,0,90000.0,224149.5,22297.5,193500.0,Family,Working,Secondary / secondary special,Married,House / apartment,0.030755,-19467,-3254.0,-445.0,-2701,1,1,0,1,0,0,2.0,2,2,MONDAY,13,0,0,0,0,1,1,Construction,0.59097975,0.6446794,0.0,0.0,0.0,0.0,-3468.0,0,0,0,0,1,0,0,0,0,0,0,0,0,0,0,0,0,0,0,0,0.0,0.0,0.0,0.0,0.0,4.0,66473.3442857143,465313.41000000003,0.0,0.0,0.0,0.0,1.0,0.0,-1525.857142857143,-2633.0,-321.0,2.0,3.0,3.0,435000.0,489415.5,34.0,-2283.906176470588,-12088.035,0.0,-9.294118,15.0,1727931.0150000001,1805583.825,3.0,7.0
100762,Cash loans,F,N,N,0,180000.0,225000.0,20637.0,225000.0,Unaccompanied,Working,Secondary / secondary special,Married,House / apartment,0.015221,-17376,-2924.0,-1477.0,-909,1,1,0,1,1,0,2.0,2,2,MONDAY,14,0,0,0,0,0,0,Government,0.55070734,0.30927536,0.0,0.0,0.0,0.0,-2604.0,0,1,0,0,0,0,0,0,0,0,0,0,0,0,0,0,0,0,0,0,0.0,0.0,0.0,0.0,0.0,1.0,171709.36363636365,1888803.0,0.0,0.0,113706.0,1023354.0,4.0,0.0,-1026.8181818181818,-2028.0,-104.0,2.0,2.0,1.0,36236.25,35473.5,6.0,0.0,0.0,0.0,-22.333334,-8.0,31231.53,31231.53,1.0,0.0
100763,Cash loans,F,Y,Y,0,157500.0,571486.5,24340.5,454500.0,Family,Commercial associate,Incomplete higher,Civil marriage,House / apartment,0.010147,-11053,-1372.0,-891.0,-3299,1,1,1,1,1,0,2.0,2,2,THURSDAY,16,0,1,1,0,1,1,Business Entity Type 3,0.21448565,0.79226446,1.0,0.0,1.0,0.0,0.0,0,1,0,0,0,0,0,0,0,0,0,0,0,0,0,0,0,0,0,0,0.0,0.0,0.0,0.0,1.0,1.0,110063.51999999999,550317.6,0.0,0.0,0.0,0.0,0.0,0.0,-1427.4,-2382.0,-584.0,1.0,3.0,3.0,189823.5,199267.5,15.0,0.0,0.0,0.0,-6.8,-2.0,378480.73500000004,378480.73500000004,1.0,0.0
100765,Cash loans,F,Y,N,2,112500.0,136287.0,8847.0,103500.0,Unaccompanied,Working,Secondary / secondary special,Married,House / apartment,0.010966,-14590,-3714.0,-4701.0,-4743,1,1,0,1,0,0,4.0,2,2,TUESDAY,10,0,0,0,0,0,0,Business Entity Type 2,0.5136002,0.6801388,3.0,0.0,3.0,0.0,0.0,0,1,0,0,0,0,0,0,0,0,0,0,0,0,0,0,0,0,0,0,0.0,0.0,0.0,0.0,0.0,0.0,17055.0,17055.0,0.0,0.0,0.0,0.0,0.0,0.0,-2089.0,-2089.0,-2089.0,1.0,4.0,3.0,124169.625,125051.625,30.0,0.0,0.0,0.0,-31.5,1.0,234750.915,234750.915,2.0,0.0
100770,Cash loans,M,Y,N,0,202500.0,697500.0,33687.0,697500.0,Unaccompanied,Working,Incomplete higher,Married,With parents,0.015221,-8819,-852.0,-2751.0,-1476,1,1,0,1,1,0,2.0,2,2,WEDNESDAY,8,0,0,0,0,0,0,Construction,0.5756417,0.30010775,0.0,0.0,0.0,0.0,-1615.0,0,1,0,0,0,0,0,0,0,0,0,0,0,0,0,0,0,0,0,0,0.0,0.0,0.0,0.0,0.0,0.0,979690.968,4898454.84,0.0,0.0,333514.33875,1334057.355,3.0,0.0,-571.0,-1099.0,-251.0,3.0,4.0,4.0,65830.5,68591.25,19.0,0.0,0.0,0.0,-5.2105265,1.0,296615.385,296615.385,4.0,0.0
100772,Cash loans,M,Y,N,0,315000.0,1096020.0,56092.5,900000.0,Unaccompanied,Commercial associate,Secondary / secondary special,Married,House / apartment,0.072508,-12257,-1234.0,-6307.0,-4872,1,1,0,1,1,1,2.0,1,1,FRIDAY,14,0,0,0,0,1,1,Business Entity Type 3,0.7263836,0.622922,0.0,0.0,0.0,0.0,-2060.0,0,0,0,0,0,0,1,0,0,0,0,0,0,0,0,0,0,0,0,0,0.0,0.0,0.0,0.0,0.0,3.0,492725.853,4927258.53,0.0,0.0,20615.604999999996,185540.44499999998,3.0,0.0,-1356.7,-2629.0,-221.0,3.0,7.0,5.0,242485.07142857142,294266.5714285714,44.0,-1059.4329545454548,-9309.960000000001,0.0,-3.8636363,30.0,742635.765,789250.8150000001,5.0,5.0
100777,Cash loans,M,Y,Y,1,360000.0,1024740.0,52452.0,900000.0,Unaccompanied,Working,Higher education,Married,House / apartment,0.010276,-12220,-2825.0,-583.0,-2296,1,1,0,1,0,0,3.0,2,2,FRIDAY,13,0,0,0,0,0,0,Military,0.6462788,0.45074728,3.0,0.0,3.0,0.0,-636.0,0,1,0,0,0,0,0,0,0,0,0,0,0,0,0,0,0,0,0,0,0.0,0.0,0.0,0.0,0.0,1.0,3603843.45,36038434.5,0.0,0.0,1719912.740625,13759301.925,3.0,0.0,-909.8,-1792.0,-232.0,4.0,1.0,1.0,482760.0,434484.0,6.0,0.0,0.0,0.0,-8.166667,-6.0,463453.695,463453.695,1.0,0.0
100791,Cash loans,F,Y,N,1,135000.0,276277.5,17784.0,238500.0,Unaccompanied,Commercial associate,Secondary / secondary special,Married,House / apartment,0.006233,-12775,-2389.0,-11075.0,-715,1,1,0,1,0,1,3.0,2,2,WEDNESDAY,11,0,0,0,0,0,0,Business Entity Type 3,0.624433,0.6894792,0.0,0.0,0.0,0.0,-2340.0,0,1,0,0,0,0,0,0,0,0,0,0,0,0,0,0,0,0,0,0,0.0,0.0,0.0,0.0,1.0,2.0,715500.0,715500.0,0.0,0.0,41598.0,41598.0,1.0,0.0,-1433.0,-1433.0,-1433.0,1.0,3.0,2.0,60000.0,82500.0,139.0,-136.04892086330932,-17357.399999999998,0.0,-4.640288,8.0,552823.605,571734.405,2.0,0.0
100792,Cash loans,F,N,Y,1,90000.0,276277.5,17784.0,238500.0,Unaccompanied,Working,Secondary / secondary special,Married,House / apartment,0.010147,-15444,-466.0,-13476.0,-2598,1,1,0,1,0,1,3.0,2,2,WEDNESDAY,14,0,0,0,0,0,0,Kindergarten,0.7565512,0.81391746,2.0,0.0,2.0,0.0,-1864.0,0,1,0,0,0,0,0,0,0,0,0,0,0,0,0,0,0,0,0,0,0.0,0.0,0.0,0.0,1.0,0.0,89775.0,89775.0,0.0,0.0,0.0,0.0,0.0,0.0,-1811.0,-1811.0,-1811.0,1.0,4.0,4.0,167223.6,178025.625,50.0,0.0,0.0,0.0,-7.06,1.0,973740.465,973740.465,4.0,0.0
100797,Cash loans,F,N,Y,0,180000.0,1055655.0,38047.5,891000.0,Unaccompanied,Working,Secondary / secondary special,Married,House / apartment,0.00496,-16262,-8135.0,-4828.0,-2660,1,1,0,1,0,0,2.0,2,2,TUESDAY,18,0,0,0,1,1,0,Business Entity Type 1,0.6228881,0.7032033,0.0,0.0,0.0,0.0,-1569.0,0,1,0,0,0,0,0,0,0,0,0,0,0,0,0,0,0,0,0,0,0.0,0.0,0.0,0.0,1.0,3.0,562500.0,1125000.0,0.0,0.0,219829.5,439659.0,1.0,0.0,-1556.5,-2183.0,-930.0,1.0,5.0,4.0,158812.2,157178.7,50.0,-1114.3638,-27855.0,0.0,-9.76,15.0,463438.035,519156.225,3.0,0.0
100823,Cash loans,M,Y,Y,0,202500.0,585000.0,29997.0,585000.0,Unaccompanied,Working,Secondary / secondary special,Married,House / apartment,0.01452,-11880,-1570.0,-113.0,-3866,1,1,0,1,0,0,2.0,2,2,THURSDAY,11,0,0,0,0,0,0,Self-employed,0.5747761,0.7091891,1.0,0.0,1.0,0.0,-556.0,0,0,0,0,0,0,1,0,0,0,0,0,0,0,0,0,0,0,0,0,0.0,0.0,0.0,0.0,0.0,1.0,441000.0,441000.0,0.0,0.0,0.0,0.0,1.0,0.0,-967.0,-967.0,-967.0,1.0,1.0,1.0,134950.5,149202.0,12.0,-1285.62375,-11227.635,0.0,-7.0,3.0,184592.025,200019.51,1.0,0.0
100826,Cash loans,F,N,N,1,202500.0,450000.0,14517.0,450000.0,Unaccompanied,Working,Secondary / secondary special,Married,House / apartment,0.035792,-14328,-936.0,-2754.0,-2777,1,1,1,1,0,0,3.0,2,2,SUNDAY,18,0,0,0,0,1,1,Agriculture,0.6145985,0.5190973,3.0,0.0,3.0,0.0,-967.0,0,1,0,0,0,0,0,0,0,0,0,0,0,0,0,0,0,0,0,0,0.0,0.0,0.0,0.0,1.0,0.0,354343.5,1771717.5,0.0,0.0,238161.6,1190808.0,2.0,0.0,-1235.8,-2515.0,-451.0,1.0,2.0,2.0,123750.0,336930.75,13.0,0.0,0.0,0.0,-7.8461537,0.0,439901.14499999996,439901.14499999996,2.0,0.0
100830,Cash loans,F,N,N,0,112500.0,625536.0,31936.5,540000.0,Unaccompanied,Pensioner,Secondary / secondary special,Married,House / apartment,0.035792,-20549,,-13202.0,-2610,1,0,0,1,1,0,2.0,2,2,MONDAY,16,0,0,0,0,0,0,XNA,0.67162824,0.56560796,1.0,0.0,1.0,0.0,-448.0,0,1,0,0,0,0,0,0,0,0,0,0,0,0,0,0,0,0,0,0,0.0,0.0,0.0,0.0,0.0,0.0,201180.6,1005903.0,0.0,0.0,87502.5,437512.5,2.0,0.0,-1208.4,-1833.0,-707.0,2.0,14.0,2.0,369642.85714285716,370293.4285714286,31.0,-27.465967741935483,-551.025,0.0,-6.612903,9.0,705841.74,706693.185,1.0,0.0
100836,Cash loans,M,N,N,2,67500.0,234576.0,20263.5,202500.0,Unaccompanied,Working,Lower secondary,Married,House / apartment,0.01885,-13150,-1586.0,-2896.0,-4162,1,1,1,1,1,0,4.0,2,2,SATURDAY,13,0,0,0,0,0,0,Other,0.2237185,0.391055,9.0,3.0,9.0,3.0,-373.0,0,1,0,0,0,0,0,0,0,0,0,0,0,0,0,0,0,0,0,0,0.0,0.0,0.0,0.0,2.0,0.0,139310.625,1671727.5,0.0,0.0,2078.4375,16627.5,2.0,0.0,-600.6666666666666,-992.0,-163.0,2.0,2.0,2.0,73242.0,77746.5,17.0,0.0,0.0,0.0,-12.470589,-3.0,180368.19,180368.19,2.0,0.0
100872,Cash loans,M,Y,Y,1,135000.0,1024740.0,49428.0,900000.0,Unaccompanied,Working,Higher education,Married,House / apartment,0.010643,-11095,-338.0,-4855.0,-3590,1,1,0,1,0,0,3.0,2,2,TUESDAY,13,0,0,0,0,1,1,Self-employed,0.77212125,0.60927564,0.0,0.0,0.0,0.0,-1596.0,0,1,0,0,0,0,0,0,0,0,0,0,0,0,0,0,0,0,0,0,0.0,0.0,0.0,0.0,0.0,0.0,731917.5,4391505.0,0.0,0.0,179683.146,898415.73,2.0,0.0,-1340.6666666666667,-1824.0,-698.0,2.0,2.0,2.0,78502.5,67482.0,7.0,0.0,0.0,0.0,-14.142858,-10.0,142782.12,142782.12,2.0,0.0
100910,Cash loans,F,Y,N,0,202500.0,67500.0,7218.0,67500.0,Unaccompanied,Working,Secondary / secondary special,Civil marriage,House / apartment,0.028663,-12329,-754.0,-4672.0,-4710,1,1,1,1,0,0,2.0,2,2,SATURDAY,16,0,0,0,0,0,0,Self-employed,0.4732615,,0.0,0.0,0.0,0.0,-582.0,0,1,0,0,0,0,0,0,0,0,0,0,0,0,0,0,0,0,0,0,0.0,0.0,0.0,0.0,1.0,1.0,1746387.0,1746387.0,0.0,0.0,1420186.5,1420186.5,1.0,0.0,-700.0,-700.0,-700.0,1.0,1.0,1.0,43470.0,53797.5,13.0,1947.8215384615385,0.0,22885.2,-55.076923,-4.0,82247.22,56925.54,1.0,0.0
100913,Cash loans,F,N,Y,0,157500.0,720000.0,30505.5,720000.0,Unaccompanied,Pensioner,Secondary / secondary special,Married,House / apartment,0.022625,-23740,,-3183.0,-4851,1,0,0,1,1,0,2.0,2,2,THURSDAY,12,0,0,0,0,0,0,XNA,0.30920368,0.2301589,0.0,0.0,0.0,0.0,-1631.0,0,1,0,0,0,0,0,0,0,0,0,0,0,0,0,0,0,0,0,0,0.0,0.0,0.0,0.0,1.0,4.0,140745.65625,2251930.5,0.0,0.0,3752.15625,60034.5,1.0,0.0,-1035.75,-1821.0,-322.0,2.0,10.0,8.0,479250.0,503024.85,270.0,6233.3245,-4201.155000000001,415537.02,-8.322222,4.0,9605128.14,7922130.525,9.0,0.0
100918,Cash loans,M,Y,N,0,180000.0,118512.0,7573.5,90000.0,Unaccompanied,Working,Secondary / secondary special,Married,House / apartment,0.010006,-10752,-759.0,-1814.0,-432,1,1,0,1,0,0,2.0,2,1,MONDAY,17,0,0,0,0,0,0,Business Entity Type 1,0.6605741,,3.0,1.0,3.0,0.0,-134.0,0,1,0,0,0,0,0,0,0,0,0,0,0,0,0,0,0,0,0,0,0.0,0.0,0.0,0.0,1.0,0.0,99450.0,99450.0,0.0,0.0,0.0,0.0,0.0,0.0,-968.0,-968.0,-968.0,1.0,3.0,3.0,169102.5,171528.0,49.0,0.0,0.0,0.0,-12.081633,0.0,557355.33,557355.33,3.0,0.0
100931,Cash loans,M,Y,Y,0,189000.0,260640.0,25906.5,225000.0,Unaccompanied,Commercial associate,Secondary / secondary special,Married,House / apartment,0.032561,-20845,-2797.0,-10800.0,-4163,1,1,0,1,1,0,2.0,1,1,MONDAY,16,0,0,0,0,0,0,Business Entity Type 2,0.6815422,0.57620883,0.0,0.0,0.0,0.0,-606.0,0,0,0,0,0,0,1,0,0,0,0,0,0,0,0,0,0,0,0,0,0.0,0.0,0.0,0.0,0.0,3.0,286073.25,1716439.5,0.0,0.0,8225.25,49351.5,2.0,0.0,-791.1666666666666,-1804.0,-257.0,2.0,3.0,1.0,33403.5,33403.5,10.0,0.0,0.0,0.0,-8.4,-1.0,104384.7,104384.7,1.0,0.0
100952,Cash loans,M,Y,Y,1,112500.0,675000.0,34596.0,675000.0,Unaccompanied,Working,Secondary / secondary special,Married,With parents,0.026392,-11788,-3394.0,-5844.0,-2234,1,1,0,1,0,0,3.0,2,2,TUESDAY,14,0,0,0,0,0,0,Industry: type 11,0.6706388,0.45253357,0.0,0.0,0.0,0.0,-1536.0,0,1,0,0,0,0,0,0,0,0,0,0,0,0,0,0,0,0,0,0,0.0,0.0,0.0,0.0,3.0,1.0,297589.131,2975891.31,0.0,0.0,0.0,0.0,2.0,0.0,-1641.5,-2878.0,-348.0,3.0,6.0,6.0,114261.75,130237.5,50.0,0.0,0.0,0.0,-25.58,0.0,1014582.69,1014582.69,7.0,0.0
100953,Cash loans,M,N,N,0,225000.0,573408.0,29407.5,495000.0,Family,Pensioner,Secondary / secondary special,Single / not married,Municipal apartment,0.04622,-21533,,-5195.0,-5090,1,0,0,1,0,0,1.0,1,1,WEDNESDAY,17,0,0,0,0,0,0,XNA,0.6251148,0.6801388,5.0,0.0,5.0,0.0,0.0,0,0,0,0,1,0,0,0,0,0,0,0,0,0,0,0,0,0,0,0,0.0,0.0,0.0,0.0,0.0,3.0,352344.75,2114068.5,0.0,0.0,11532.0,69192.0,2.0,0.0,-1634.8333333333333,-2807.0,-296.0,1.0,2.0,2.0,394627.5,415120.5,24.0,0.0,0.0,0.0,-17.125,-9.0,964204.11,964204.11,2.0,0.0
100965,Cash loans,F,Y,N,0,90000.0,202500.0,13068.0,202500.0,Unaccompanied,Commercial associate,Secondary / secondary special,Married,House / apartment,0.00702,-18559,-569.0,-10857.0,-1649,1,1,1,1,0,0,2.0,2,2,THURSDAY,10,0,0,0,0,1,1,Security,0.35710624,0.1634257,9.0,0.0,9.0,0.0,-885.0,0,1,0,0,0,0,0,0,0,0,0,0,0,0,0,0,0,0,0,0,0.0,0.0,0.0,0.0,0.0,1.0,189623.25,758493.0,0.0,0.0,106949.25,427797.0,2.0,0.0,-254.75,-288.0,-222.0,2.0,1.0,1.0,15237.0,13711.5,5.0,0.0,0.0,0.0,-11.6,-1.0,14706.0,14706.0,1.0,0.0
100970,Cash loans,F,N,Y,0,112500.0,599778.0,27792.0,477000.0,Unaccompanied,Pensioner,Secondary / secondary special,Single / not married,House / apartment,0.00963,-19418,,-3093.0,-2941,1,0,0,1,0,0,1.0,2,2,WEDNESDAY,10,0,0,0,0,0,0,XNA,0.6014975,0.5954562,0.0,0.0,0.0,0.0,-1247.0,0,1,0,0,0,0,0,0,0,0,0,0,0,0,0,0,0,0,0,0,0.0,0.0,0.0,0.0,1.0,0.0,82780.515,331122.06,0.0,0.0,21058.875,84235.5,3.0,0.0,-630.0,-1124.0,-203.0,2.0,1.0,1.0,67275.0,66942.0,8.0,3356.775,0.0,20029.5,-10.25,-1.0,104202.27,77348.07,1.0,0.0
100982,Cash loans,F,N,Y,2,112500.0,481176.0,23148.0,360000.0,Family,Working,Secondary / secondary special,Civil marriage,House / apartment,0.031329,-8699,-1334.0,-2315.0,-1373,1,1,0,1,0,0,4.0,2,2,WEDNESDAY,11,0,0,0,0,0,0,Trade: type 7,0.50811404,0.4650692,1.0,1.0,1.0,1.0,-883.0,0,1,0,0,0,0,0,0,0,0,0,0,0,0,0,0,0,0,0,0,0.0,0.0,0.0,0.0,1.0,0.0,67500.0,67500.0,0.0,0.0,4788.0,4788.0,1.0,0.0,-224.0,-224.0,-224.0,1.0,1.0,1.0,26775.0,27675.0,6.0,0.0,0.0,0.0,-29.333334,-7.0,28688.309999999998,28688.309999999998,1.0,0.0
100983,Cash loans,M,Y,Y,0,315000.0,625536.0,32067.0,540000.0,Unaccompanied,Working,Higher education,Married,House / apartment,0.00733,-16489,-777.0,-6257.0,-27,1,1,0,1,0,1,2.0,2,2,WEDNESDAY,12,0,0,0,0,0,0,Industry: type 3,0.668825,0.26224896,1.0,0.0,1.0,0.0,-683.0,0,1,0,0,0,0,0,0,0,0,0,0,0,0,0,0,0,0,0,0,0.0,0.0,0.0,0.0,1.0,4.0,645383.7,3226918.5,0.0,0.0,501282.9,2506414.5,5.0,0.0,-257.4,-433.0,-8.0,3.0,4.0,2.0,42537.375,43549.875,57.0,-104.94631578947366,-3026.3399999999997,0.0,-5.5789475,4.0,275602.68,281584.62,1.0,0.0
100984,Cash loans,F,N,N,2,180000.0,675000.0,21775.5,675000.0,Unaccompanied,Working,Higher education,Married,Municipal apartment,0.025164,-10827,-2576.0,-1800.0,-2677,1,1,1,1,1,0,4.0,2,2,TUESDAY,17,0,0,0,0,0,0,Bank,0.42711,0.42413032,3.0,2.0,3.0,2.0,-1479.0,0,1,0,0,0,0,0,0,0,0,0,0,0,0,0,0,0,0,0,0,0.0,0.0,0.0,0.0,0.0,4.0,231804.82285714286,3245267.52,0.0,0.0,1326.375,5305.5,3.0,0.0,-1191.5714285714287,-2849.0,-146.0,2.0,10.0,5.0,366491.07,471356.37,62.0,-698.1866129032258,-31500.0,0.0,-9.290322,0.0,3913684.74,3956972.31,4.0,0.0
100987,Cash loans,M,Y,Y,1,270000.0,500490.0,59526.0,450000.0,Family,Working,Secondary / secondary special,Married,House / apartment,0.018801,-11854,-2646.0,-278.0,-4306,1,1,0,1,0,0,3.0,2,2,SATURDAY,10,0,0,0,0,1,1,Business Entity Type 3,0.60491526,0.60238636,0.0,0.0,0.0,0.0,-1846.0,0,1,0,0,0,0,0,0,0,0,0,0,0,0,0,0,0,0,0,0,0.0,0.0,0.0,0.0,0.0,0.0,72186.0,216558.0,0.0,0.0,0.0,0.0,1.0,0.0,-1353.0,-1672.0,-851.0,2.0,1.0,1.0,34812.0,40999.5,13.0,-0.27346153846156085,-3.555000000000291,0.0,-2.7692308,3.0,72854.73,72858.285,2.0,1606.0
100997,Cash loans,F,N,Y,0,180000.0,199152.0,10296.0,135000.0,Unaccompanied,State servant,Higher education,Single / not married,House / apartment,0.025164,-10273,-2513.0,-6952.0,-641,1,1,0,1,0,1,1.0,2,2,FRIDAY,13,0,0,0,0,0,0,Government,0.5396301,0.45969045,2.0,0.0,2.0,0.0,-1034.0,0,1,0,0,0,0,0,0,0,0,0,0,0,0,0,0,0,0,0,0,0.0,0.0,0.0,0.0,0.0,1.0,98156.25,392625.0,0.0,0.0,51246.0,153738.0,1.0,0.0,-960.0,-1867.0,-240.0,1.0,1.0,1.0,106119.0,106119.0,11.0,-1061.19,-10682.64,0.0,-15.727273,7.0,116697.42,128370.51000000001,1.0,0.0
100998,Cash loans,M,Y,N,1,112500.0,601470.0,30838.5,450000.0,"Spouse, partner",Working,Secondary / secondary special,Married,House / apartment,0.018801,-11144,-2774.0,-5571.0,-3799,1,1,0,1,0,0,3.0,2,2,SATURDAY,9,0,0,0,1,1,1,Business Entity Type 1,0.3288093,0.63470554,0.0,0.0,0.0,0.0,0.0,0,1,0,0,0,0,0,0,0,0,0,0,0,0,0,0,0,0,0,0,0.0,0.0,0.0,0.0,1.0,0.0,184500.0,184500.0,0.0,0.0,178038.0,178038.0,1.0,0.0,-409.0,-409.0,-409.0,1.0,1.0,1.0,20191.5,21582.0,6.0,0.0,0.0,0.0,-13.166667,-10.0,26625.420000000002,26625.420000000002,1.0,0.0
101002,Cash loans,M,N,Y,0,90000.0,257391.0,27157.5,238500.0,Unaccompanied,Commercial associate,Secondary / secondary special,Married,House / apartment,0.0105,-19577,-711.0,-11775.0,-3123,1,1,0,1,1,0,2.0,3,3,WEDNESDAY,12,0,0,0,0,0,0,Housing,0.6275918,0.2881296,0.0,0.0,0.0,0.0,-1791.0,0,1,0,0,0,0,0,0,0,0,0,0,0,0,0,0,0,0,0,0,0.0,0.0,0.0,0.0,1.0,3.0,565261.0,5087349.0,407.0,3663.0,25687.5,231187.5,3.0,13.0,-1359.6666666666667,-2582.0,-278.0,3.0,3.0,3.0,249096.0,262663.5,28.0,17094.109821428574,-3801.87,441907.47000000003,-13.678572,35.0,1406743.965,928108.89,3.0,22.0
101005,Cash loans,M,N,Y,1,157500.0,900000.0,55062.0,900000.0,Family,Commercial associate,Secondary / secondary special,Married,House / apartment,0.018209,-10820,-1328.0,-7464.0,-3492,1,1,0,1,0,1,3.0,3,3,THURSDAY,15,0,0,0,0,0,0,Business Entity Type 3,0.06881516,,0.0,0.0,0.0,0.0,-697.0,0,1,0,0,0,0,0,0,0,0,0,0,0,0,0,0,0,0,0,0,0.0,0.0,0.0,0.0,1.0,2.0,,,,,,,,,,,,,2.0,2.0,89989.2,99492.75,21.0,0.0,0.0,0.0,-15.666667,0.0,219345.165,219345.165,2.0,0.0
101008,Cash loans,M,N,Y,0,135000.0,497520.0,39307.5,450000.0,Family,Commercial associate,Secondary / secondary special,Single / not married,House / apartment,0.019689,-13119,-124.0,-889.0,-3032,1,1,1,1,1,1,1.0,2,2,TUESDAY,15,0,0,0,0,1,1,Business Entity Type 3,0.5008055,,0.0,0.0,0.0,0.0,-630.0,0,1,0,0,0,0,0,0,0,0,0,0,0,0,0,0,0,0,0,0,,,,,,,,,,,,,,,,,,,5.0,2.0,146394.0,199071.0,8.0,0.0,0.0,0.0,-26.625,-3.0,136117.80000000002,136117.80000000002,2.0,0.0
101020,Cash loans,F,N,Y,0,90000.0,332946.0,16146.0,238500.0,Unaccompanied,Working,Secondary / secondary special,Married,House / apartment,0.035792,-16649,-1456.0,-2775.0,-192,1,1,0,1,0,0,2.0,2,2,FRIDAY,9,0,0,0,0,1,1,Business Entity Type 3,0.5755135,,3.0,0.0,3.0,0.0,-1875.0,0,1,0,0,0,0,0,0,0,0,0,0,0,0,0,0,0,0,0,0,0.0,0.0,0.0,0.0,0.0,0.0,18589.5,18589.5,0.0,0.0,0.0,0.0,0.0,0.0,-1285.0,-1285.0,-1285.0,1.0,9.0,8.0,68835.955,69400.455,89.0,46.97949438202247,-1744.6499999999999,3715.74,-23.966291,17.0,415863.405,411682.23,7.0,0.0
101021,Cash loans,F,N,Y,0,180000.0,225000.0,23755.5,225000.0,Unaccompanied,Working,Secondary / secondary special,Married,House / apartment,0.018209,-17500,-4677.0,-6555.0,-1042,1,1,0,1,0,0,2.0,3,3,MONDAY,11,0,0,0,0,0,0,Other,0.2869661,0.7662337,9.0,1.0,9.0,0.0,-247.0,0,1,0,0,0,0,0,0,0,0,0,0,0,0,0,0,0,0,0,0,0.0,0.0,0.0,0.0,0.0,4.0,120720.0,362160.0,0.0,0.0,0.0,0.0,0.0,0.0,-1636.6666666666667,-2111.0,-689.0,2.0,11.0,6.0,125590.90909090909,139892.72727272726,82.0,-3345.9804878048785,-27361.125,0.0,-6.756098,34.0,1371300.975,1645671.375,6.0,8.0
101024,Cash loans,M,Y,N,2,333000.0,582804.0,29884.5,463500.0,,State servant,Secondary / secondary special,Married,House / apartment,0.005002,-12225,-5644.0,-3372.0,-3379,1,1,0,1,0,1,4.0,3,3,MONDAY,11,0,0,0,0,0,0,Security Ministries,0.65045166,0.40314168,6.0,1.0,6.0,1.0,-1685.0,0,0,0,0,0,0,1,0,0,0,0,0,0,0,0,0,0,0,0,0,0.0,0.0,0.0,0.0,0.0,0.0,253843.4168181818,2792277.585,0.0,0.0,84721.79250000001,847217.925,4.0,0.0,-1264.909090909091,-2576.0,-148.0,2.0,3.0,3.0,67753.5,72757.5,19.0,0.0,0.0,0.0,-19.210526,2.0,209109.10499999998,209109.10499999998,2.0,0.0
101025,Cash loans,M,Y,Y,1,81000.0,375408.0,29790.0,297000.0,Unaccompanied,Working,Secondary / secondary special,Married,With parents,0.010556,-10970,-3546.0,-778.0,-3612,1,1,0,1,0,0,3.0,3,3,WEDNESDAY,17,0,0,0,0,0,0,Business Entity Type 3,0.553022,0.30010775,0.0,0.0,0.0,0.0,0.0,0,1,0,0,0,0,0,0,0,0,0,0,0,0,0,0,0,0,0,0,0.0,0.0,0.0,0.0,0.0,1.0,351000.0,702000.0,0.0,0.0,101386.395,202772.79,2.0,0.0,-1266.5,-2211.0,-322.0,1.0,2.0,1.0,45000.0,45000.0,6.0,0.0,0.0,0.0,-2.3333333,0.0,95398.875,95398.875,1.0,0.0
101026,Cash loans,F,N,N,0,193500.0,450000.0,22977.0,450000.0,Unaccompanied,Working,Higher education,Widow,House / apartment,0.031329,-21712,-2790.0,-12190.0,-5096,1,1,0,1,0,0,1.0,2,2,FRIDAY,9,0,0,0,0,1,1,Government,0.25198832,0.6785677,0.0,0.0,0.0,0.0,-1656.0,0,1,0,0,0,0,0,0,0,0,0,0,0,0,0,0,0,0,0,0,0.0,0.0,0.0,0.0,2.0,7.0,432432.18,3459457.44,0.0,0.0,123047.4375,984379.5,2.0,0.0,-1240.125,-2309.0,-413.0,1.0,9.0,5.0,383962.5,426115.0,82.0,878.0487804878048,0.0,51046.875,-4.3170733,0.0,1123409.745,1051409.745,2.0,0.0
101031,Cash loans,M,N,N,0,180000.0,174132.0,18414.0,157500.0,Unaccompanied,Pensioner,Secondary / secondary special,Married,Municipal apartment,0.010643,-20814,,-10450.0,-4313,1,0,0,1,0,0,2.0,2,2,TUESDAY,17,0,0,0,0,0,0,XNA,0.5909639,0.68638235,0.0,0.0,0.0,0.0,-1536.0,0,1,0,0,0,0,0,0,0,0,0,0,0,0,0,0,0,0,0,0,0.0,0.0,0.0,0.0,1.0,2.0,50448.33,50448.33,0.0,0.0,0.0,0.0,0.0,0.0,-750.0,-750.0,-750.0,1.0,3.0,3.0,99192.0,113677.5,50.0,0.0,0.0,0.0,-15.76,-3.0,322345.395,322345.395,3.0,0.0
101041,Cash loans,F,N,Y,0,202500.0,454500.0,17262.0,454500.0,Unaccompanied,Working,Higher education,Separated,House / apartment,0.010006,-17625,-496.0,-6030.0,-569,1,1,1,1,1,0,1.0,2,2,FRIDAY,10,0,0,0,0,0,0,Government,0.7109339,0.4311918,2.0,0.0,2.0,0.0,-1700.0,0,1,0,0,0,0,0,0,0,0,0,0,0,0,0,0,0,0,0,0,0.0,0.0,0.0,0.0,0.0,0.0,517500.0,1552500.0,0.0,0.0,396754.5,1190263.5,3.0,0.0,-478.0,-728.0,-352.0,2.0,1.0,1.0,161086.5,151389.0,6.0,0.0,0.0,0.0,-13.833333,-9.0,177568.47,177568.47,1.0,0.0
101051,Cash loans,F,N,N,0,180000.0,400392.0,41157.0,360000.0,Family,State servant,Secondary / secondary special,Married,House / apartment,0.035792,-16119,-2632.0,-10037.0,-4630,1,1,0,1,0,0,2.0,2,2,TUESDAY,12,0,0,0,0,0,0,Trade: type 6,0.78303814,0.57091653,2.0,0.0,2.0,0.0,-2346.0,0,0,0,0,0,0,1,0,0,0,0,0,0,0,0,0,0,0,0,0,0.0,0.0,0.0,0.0,0.0,2.0,683643.6,3418218.0,0.0,0.0,396909.14625,1587636.585,2.0,0.0,-1486.6,-2514.0,-302.0,3.0,3.0,3.0,447418.5,614331.0,70.0,6180.103928571429,-70063.56,452904.66000000003,-2.2571428,27.0,2736497.385,2303890.11,2.0,22.0
101055,Cash loans,F,N,Y,0,90000.0,157500.0,11457.0,157500.0,Unaccompanied,Working,Secondary / secondary special,Single / not married,House / apartment,0.028663,-14272,-249.0,-7233.0,-4256,1,1,0,1,0,0,1.0,2,2,FRIDAY,13,0,0,0,0,0,0,Business Entity Type 3,0.6388003,0.44896227,5.0,3.0,5.0,3.0,-293.0,0,1,0,0,0,0,0,0,0,0,0,0,0,0,0,0,0,0,0,0,0.0,0.0,0.0,0.0,1.0,0.0,124081.5,372244.5,0.0,0.0,71781.0,215343.0,1.0,0.0,-846.6666666666666,-1184.0,-367.0,2.0,2.0,2.0,90877.5,93192.75,9.0,0.0,0.0,0.0,-6.111111,-1.0,61395.93,61395.93,1.0,0.0
101056,Cash loans,F,Y,N,1,112500.0,358344.0,28440.0,283500.0,"Spouse, partner",Commercial associate,Secondary / secondary special,Married,With parents,0.035792,-9580,-1009.0,-640.0,-1913,1,1,0,1,0,0,3.0,2,2,THURSDAY,11,0,0,0,0,0,0,Self-employed,0.21021016,0.14287253,0.0,0.0,0.0,0.0,-449.0,0,1,0,0,0,0,0,0,0,0,0,0,0,0,0,0,0,0,0,0,0.0,0.0,0.0,0.0,3.0,0.0,162000.0,324000.0,0.0,0.0,57631.5,57631.5,2.0,0.0,-234.0,-234.0,-234.0,1.0,3.0,1.0,56700.0,49252.5,12.0,0.0,0.0,0.0,-25.25,-14.0,178951.5,178951.5,1.0,0.0
101057,Cash loans,M,Y,Y,0,112500.0,202500.0,16128.0,202500.0,Unaccompanied,Working,Higher education,Married,House / apartment,0.015221,-10539,-820.0,-4901.0,-3206,1,1,0,1,0,0,2.0,2,2,SATURDAY,13,0,0,0,1,1,0,Self-employed,0.72835237,0.38591468,3.0,0.0,3.0,0.0,-606.0,0,1,0,0,0,0,0,0,0,0,0,0,0,0,0,0,0,0,0,0,0.0,0.0,0.0,0.0,0.0,0.0,113008.5,452034.0,0.0,0.0,40146.75,160587.0,2.0,0.0,-415.0,-474.0,-369.0,2.0,14.0,3.0,60971.78571428572,67577.14285714286,19.0,0.0,0.0,0.0,-9.684211,-1.0,245167.515,245167.515,2.0,0.0
101064,Cash loans,F,Y,Y,0,63000.0,112500.0,12244.5,112500.0,"Spouse, partner",Pensioner,Secondary / secondary special,Married,House / apartment,0.008068,-22015,,-6410.0,-4904,1,0,0,1,1,0,2.0,3,3,WEDNESDAY,5,0,0,0,0,0,0,XNA,0.4438649,0.5478105,4.0,0.0,4.0,0.0,-1601.0,0,1,0,0,0,0,0,0,0,0,0,0,0,0,0,0,0,0,0,0,0.0,0.0,0.0,0.0,1.0,1.0,141954.9685714286,993684.78,0.0,0.0,61190.1,305950.5,3.0,0.0,-979.5714285714286,-2704.0,-373.0,2.0,2.0,1.0,14658.75,12019.5,6.0,0.0,0.0,0.0,-10.666667,-9.0,30198.96,30198.96,1.0,0.0
101079,Cash loans,F,Y,Y,0,135000.0,547344.0,26460.0,472500.0,Unaccompanied,Working,Secondary / secondary special,Widow,House / apartment,0.008866,-20213,-503.0,-11133.0,-3729,1,1,0,1,0,0,1.0,2,2,TUESDAY,13,0,0,0,0,0,0,Business Entity Type 3,0.33683553,0.3217353,0.0,0.0,0.0,0.0,-474.0,0,1,0,0,0,0,0,0,0,0,0,0,0,0,0,0,0,0,0,0,0.0,0.0,0.0,0.0,1.0,0.0,256343.9895,2563439.895,0.0,0.0,3200.85,32008.5,3.0,0.0,-1084.1,-2098.0,-202.0,2.0,2.0,2.0,29436.75,27607.5,11.0,0.0,0.0,0.0,-19.636364,-10.0,60221.52,60221.52,2.0,0.0
101087,Cash loans,M,Y,Y,2,211500.0,135000.0,14305.5,135000.0,Unaccompanied,Working,Higher education,Married,House / apartment,0.020246,-14311,-6144.0,-5368.0,-1243,1,1,1,1,1,0,4.0,3,3,SUNDAY,13,0,0,0,0,0,0,Business Entity Type 2,0.42104286,0.50468135,3.0,0.0,3.0,0.0,-1802.0,0,0,0,0,0,0,1,0,0,0,0,0,0,0,0,0,0,0,0,0,1.0,0.0,0.0,0.0,1.0,2.0,307864.25386363635,6773013.585,0.0,0.0,61268.85,1225377.0,4.0,0.0,-1470.1363636363637,-2463.0,-89.0,3.0,6.0,5.0,103891.36499999999,99385.5,45.0,-988.411,-13133.43,0.0,-8.844444,11.0,583014.195,627492.69,5.0,0.0
101090,Cash loans,F,N,Y,0,180000.0,460692.0,19363.5,301500.0,Unaccompanied,Pensioner,Secondary / secondary special,Separated,House / apartment,0.018801,-21287,,-9996.0,-4287,1,0,0,1,0,0,1.0,2,2,MONDAY,8,0,0,0,0,0,0,XNA,0.5514377,0.75037515,4.0,1.0,4.0,0.0,-1435.0,0,1,0,0,0,0,0,0,0,0,0,0,0,0,0,0,0,0,0,0,0.0,0.0,0.0,0.0,1.0,6.0,132277.5,529110.0,0.0,0.0,0.0,0.0,1.0,2476.0,-2274.5,-2888.0,-1678.0,2.0,15.0,4.0,221100.0,251153.7,149.0,577.0703355704698,-25252.56,141341.94,-15.060403,14.0,3650801.175,3564817.695,4.0,0.0
101092,Cash loans,F,N,Y,2,81000.0,1024740.0,49428.0,900000.0,Unaccompanied,Working,Higher education,Married,House / apartment,0.002134,-12184,-2739.0,-646.0,-2178,1,1,0,1,0,0,4.0,3,3,SATURDAY,9,0,0,0,0,0,0,Industry: type 11,0.4309454,0.41010258,0.0,0.0,0.0,0.0,-1239.0,0,1,0,0,0,0,0,0,0,0,0,0,0,0,0,0,0,0,0,0,0.0,1.0,0.0,0.0,1.0,2.0,662625.0,2650500.0,0.0,0.0,348775.5,1046326.5,2.0,0.0,-645.75,-1445.0,-184.0,2.0,3.0,3.0,376650.0,417924.0,37.0,0.0,0.0,0.0,-10.216216,-1.0,1793366.5050000001,1793366.5050000001,3.0,0.0
101097,Cash loans,F,N,Y,0,135000.0,755550.0,30465.0,562500.0,Unaccompanied,Working,Secondary / secondary special,Single / not married,House / apartment,0.035792,-18601,-1233.0,-173.0,-838,1,1,0,1,0,0,1.0,2,2,MONDAY,11,0,0,0,0,0,0,Government,0.69686157,0.32806316,3.0,0.0,2.0,0.0,-679.0,0,1,0,0,0,0,0,0,0,0,0,0,0,0,0,0,0,0,0,0,0.0,0.0,0.0,0.0,1.0,1.0,260525.25,521050.5,0.0,0.0,204446.22749999998,408892.45499999996,2.0,0.0,-392.0,-514.0,-270.0,2.0,4.0,3.0,145229.625,151655.625,27.0,0.0,0.0,0.0,-12.481482,0.0,287115.12,287115.12,1.0,0.0
101099,Cash loans,F,N,Y,0,99000.0,186700.5,8982.0,186700.5,Unaccompanied,Pensioner,Secondary / secondary special,Single / not married,House / apartment,0.01885,-24975,,-11138.0,-4706,1,0,0,1,1,0,1.0,2,2,THURSDAY,11,0,0,0,0,0,0,XNA,0.67243314,0.6463299,4.0,0.0,4.0,0.0,-2450.0,0,1,0,0,0,0,0,0,0,0,0,0,0,0,0,0,0,0,0,0,0.0,0.0,0.0,0.0,0.0,2.0,329385.65625,5270170.5,0.0,0.0,86793.92307692308,1128321.0,2.0,0.0,-1308.6875,-2157.0,-100.0,1.0,8.0,7.0,115721.4375,128711.8125,43.0,0.0,0.0,0.0,-21.139534,0.0,1181532.33,1181532.33,7.0,0.0
101107,Cash loans,F,N,Y,1,157500.0,525735.0,48348.0,450000.0,Unaccompanied,Working,Secondary / secondary special,Married,House / apartment,0.008019,-16810,-765.0,-4852.0,-347,1,1,0,1,0,0,3.0,2,2,FRIDAY,15,0,0,0,0,0,0,Industry: type 3,0.4234061,0.7958031,1.0,1.0,1.0,1.0,0.0,0,1,0,0,0,0,0,0,0,0,0,0,0,0,0,0,0,0,0,0,0.0,0.0,0.0,0.0,0.0,0.0,33795.0,33795.0,0.0,0.0,,0.0,0.0,0.0,-2524.0,-2524.0,-2524.0,1.0,,,,,,,,,,,,,,
101118,Cash loans,F,N,Y,0,157500.0,651960.0,27535.5,450000.0,Unaccompanied,Working,Secondary / secondary special,Married,House / apartment,0.02461,-16681,-2603.0,-3142.0,-236,1,1,0,1,0,0,2.0,2,2,MONDAY,9,0,0,0,0,0,0,Self-employed,0.54226375,0.63303167,0.0,0.0,0.0,0.0,0.0,0,1,0,0,0,0,0,0,0,0,0,0,0,0,0,0,0,0,0,0,0.0,0.0,0.0,0.0,1.0,1.0,145209.9375,1161679.5,0.0,0.0,21419.25,128515.5,1.0,0.0,-1534.0,-2160.0,-509.0,2.0,4.0,2.0,57832.81875,45568.125,7.0,0.0,0.0,0.0,-21.285715,-8.0,84218.445,84218.445,2.0,0.0
101125,Cash loans,M,Y,Y,1,225000.0,1024740.0,52452.0,900000.0,"Spouse, partner",Commercial associate,Higher education,Married,House / apartment,0.035792,-14116,-1334.0,-1093.0,-2101,1,1,0,1,0,0,3.0,2,2,WEDNESDAY,11,0,0,0,0,0,0,Business Entity Type 3,0.4762988,0.34905526,0.0,0.0,0.0,0.0,-376.0,0,1,0,0,0,0,0,0,0,0,0,0,0,0,0,0,0,0,0,0,0.0,0.0,0.0,0.0,3.0,1.0,670800.0,2012400.0,0.0,0.0,381912.0,1145736.0,2.0,0.0,-780.3333333333334,-1066.0,-407.0,2.0,6.0,3.0,92951.25,104741.25,14.0,19285.714285714286,0.0,113418.99,-14.5,0.0,954235.665,684235.665,3.0,0.0
101126,Cash loans,F,N,N,1,99000.0,431280.0,22149.0,360000.0,Unaccompanied,Commercial associate,Secondary / secondary special,Married,House / apartment,0.04622,-14463,-2812.0,-8513.0,-5206,1,1,0,1,1,0,3.0,1,1,SATURDAY,11,0,0,0,0,1,1,Business Entity Type 3,0.6597401,0.6817059,0.0,0.0,0.0,0.0,-2127.0,0,1,0,0,0,0,0,0,0,0,0,0,0,0,0,0,0,0,0,0,0.0,0.0,0.0,0.0,1.0,1.0,132750.0,265500.0,0.0,0.0,0.0,0.0,1.0,0.0,-1236.0,-1570.0,-902.0,1.0,5.0,3.0,66582.0,69287.4,20.0,0.0,0.0,0.0,-19.1,0.0,342655.82999999996,342655.82999999996,3.0,0.0
101128,Cash loans,M,Y,Y,0,337500.0,675000.0,69165.0,675000.0,Unaccompanied,Working,Secondary / secondary special,Married,House / apartment,0.00963,-17307,-4870.0,-635.0,-820,1,1,0,1,0,0,2.0,2,2,WEDNESDAY,11,1,1,1,1,1,1,Security,0.7462132,0.6496203,0.0,0.0,0.0,0.0,-598.0,0,1,0,0,0,0,0,0,0,0,0,0,0,0,0,0,0,0,0,0,0.0,0.0,0.0,0.0,0.0,0.0,396459.36000000004,2378756.16,0.0,0.0,0.0,0.0,1.0,0.0,-1598.8333333333333,-2668.0,-184.0,2.0,3.0,2.0,374685.0,397285.5,27.0,23103.123333333333,-48063.465,630918.945,-13.333333,5.0,1954696.635,1330912.305,2.0,0.0
101136,Cash loans,F,Y,Y,0,94500.0,104256.0,11358.0,90000.0,Unaccompanied,Working,Incomplete higher,Single / not married,With parents,0.002042,-8885,-1392.0,-3455.0,-1556,1,1,0,1,0,1,1.0,3,3,SUNDAY,12,0,0,0,0,0,0,Business Entity Type 3,0.10488506,,7.0,0.0,7.0,0.0,-468.0,0,1,0,0,0,0,0,0,0,0,0,0,0,0,0,0,0,0,0,0,,,,,,,,,,,,,,,,,,,6.0,5.0,57375.0,58598.25,27.0,-571.9816666666667,-14523.255,0.0,-3.5925925,22.0,379537.65,394981.155,3.0,0.0
101140,Cash loans,F,N,N,0,112500.0,450000.0,35554.5,450000.0,Unaccompanied,Working,Secondary / secondary special,Married,House / apartment,0.018634,-12158,-4636.0,-5729.0,-3648,1,1,0,1,1,0,2.0,2,2,TUESDAY,12,0,0,0,0,1,1,Transport: type 2,0.49480852,0.21396685,0.0,0.0,0.0,0.0,-365.0,0,0,0,0,0,0,1,0,0,0,0,0,0,0,0,0,0,0,0,0,0.0,0.0,0.0,0.0,1.0,0.0,191571.48529411765,6513430.5,0.0,0.0,56282.72120689655,1632198.915,8.0,0.0,-1093.8235294117646,-2656.0,-52.0,2.0,2.0,2.0,62997.75,69412.5,12.0,0.0,0.0,0.0,-6.6666665,-3.0,79928.64,79928.64,1.0,0.0
101149,Cash loans,F,N,N,0,135000.0,407520.0,24930.0,360000.0,Unaccompanied,Pensioner,Secondary / secondary special,Separated,House / apartment,0.00963,-18912,,-2133.0,-2437,1,0,0,1,1,0,1.0,2,2,WEDNESDAY,11,0,0,0,0,0,0,XNA,0.16793887,,0.0,0.0,0.0,0.0,0.0,0,1,0,0,0,0,0,0,0,0,0,0,0,0,0,0,0,0,0,0,,,,,,,,,,,,,,,,,,,2.0,2.0,82390.5,76536.0,17.0,0.0,0.0,0.0,-10.470589,0.0,185485.815,185485.815,2.0,0.0
101160,Cash loans,F,N,Y,0,225000.0,573408.0,31234.5,495000.0,Unaccompanied,Pensioner,Secondary / secondary special,Single / not married,Municipal apartment,0.009549,-21664,,-6858.0,-5226,1,0,0,1,0,0,1.0,2,2,TUESDAY,12,0,0,0,0,0,0,XNA,0.43753177,,0.0,0.0,0.0,0.0,-391.0,0,0,0,0,1,0,0,0,0,0,0,0,0,0,0,0,0,0,0,0,,,,,,,,,,,,,,,,,,,4.0,1.0,45000.0,49455.0,5.0,0.0,0.0,0.0,-5.2,0.0,181869.57,181869.57,1.0,0.0
101169,Cash loans,M,Y,Y,0,225000.0,717021.0,52308.0,612000.0,Unaccompanied,Working,Secondary / secondary special,Married,House / apartment,0.010032,-20475,-1949.0,-2999.0,-4011,1,1,0,1,1,0,2.0,2,2,THURSDAY,3,0,0,0,0,1,1,Transport: type 3,0.16964468,,3.0,0.0,3.0,0.0,-1821.0,0,1,0,0,0,0,0,0,0,0,0,0,0,0,0,0,0,0,0,0,0.0,0.0,0.0,0.0,0.0,4.0,454500.0,454500.0,0.0,0.0,0.0,0.0,0.0,0.0,-2822.0,-2822.0,-2822.0,1.0,9.0,5.0,304745.0,420930.5,130.0,2006.71476923077,-39469.95,204105.465,-7.0076923,16.0,3975007.05,3714134.13,4.0,8.0
101181,Cash loans,F,N,Y,3,225000.0,1085058.0,52330.5,891000.0,Unaccompanied,Working,Higher education,Married,House / apartment,0.003818,-16548,-3686.0,-4393.0,-103,1,1,0,1,1,0,5.0,2,2,TUESDAY,4,0,0,0,0,0,0,Business Entity Type 3,0.56136304,0.563835,0.0,0.0,0.0,0.0,-419.0,0,1,0,0,0,0,0,0,0,0,0,0,0,0,0,0,0,0,0,0,0.0,0.0,0.0,0.0,1.0,2.0,151921.5,911529.0,0.0,0.0,22096.5,132579.0,3.0,0.0,-427.8333333333333,-660.0,-228.0,1.0,11.0,3.0,146645.18181818182,162562.5,15.0,0.0,0.0,0.0,-22.2,3.0,1218363.03,1218363.03,2.0,0.0
101186,Cash loans,F,Y,Y,0,157500.0,305640.0,33043.5,270000.0,Unaccompanied,Commercial associate,Higher education,Married,House / apartment,0.010032,-16035,-1529.0,-4232.0,-5095,1,1,0,1,1,1,2.0,2,2,MONDAY,10,0,0,0,0,0,0,Transport: type 2,0.57163584,0.69409263,0.0,0.0,0.0,0.0,-361.0,0,1,0,0,0,0,0,0,0,0,0,0,0,0,0,0,0,0,0,0,0.0,0.0,0.0,0.0,0.0,1.0,251250.0,1507500.0,0.0,0.0,56250.0,225000.0,4.0,0.0,-554.8333333333334,-1001.0,-236.0,2.0,1.0,1.0,336315.96,269050.5,5.0,22437.9,0.0,85034.25,-10.6,-2.0,392323.005,280133.505,1.0,0.0
101190,Cash loans,F,Y,N,1,135000.0,252000.0,11227.5,252000.0,Unaccompanied,Working,Secondary / secondary special,Married,House / apartment,0.018209,-15928,-1982.0,-3212.0,-1202,1,1,0,1,0,0,3.0,3,3,WEDNESDAY,10,0,0,0,0,0,0,Business Entity Type 3,0.44487995,0.3842068,5.0,0.0,5.0,0.0,0.0,0,1,0,0,0,0,0,0,0,0,0,0,0,0,0,0,0,0,0,0,0.0,0.0,0.0,0.0,1.0,2.0,77036.625,616293.0,0.0,0.0,7292.25,29169.0,3.0,0.0,-899.5,-2388.0,-195.0,1.0,2.0,2.0,47371.5,118809.0,117.0,0.0,0.0,0.0,-2.5128205,2.0,536839.335,536839.335,2.0,0.0
101193,Cash loans,M,N,Y,1,94500.0,364896.0,22450.5,315000.0,Family,Working,Secondary / secondary special,Married,House / apartment,0.035792,-9540,-206.0,-4248.0,-2219,1,1,0,1,0,0,3.0,2,2,TUESDAY,12,0,0,0,0,0,0,Business Entity Type 3,0.6015656,,0.0,0.0,0.0,0.0,-757.0,0,1,0,0,0,0,0,0,0,0,0,0,0,0,0,0,0,0,0,0,,,,,,,,,,,,,,,,,,,3.0,1.0,98835.0,131713.5,24.0,0.0,0.0,0.0,-7.9166665,0.0,143240.805,143240.805,1.0,0.0
101194,Cash loans,F,Y,N,2,67500.0,343800.0,11871.0,225000.0,Family,Working,Secondary / secondary special,Married,House / apartment,0.030755,-12487,-3781.0,-6628.0,-2407,1,1,1,1,1,0,4.0,2,2,TUESDAY,15,0,0,0,0,0,0,School,0.18967716,0.5406544,0.0,0.0,0.0,0.0,-1827.0,0,1,0,0,0,0,0,0,0,0,0,0,0,0,0,0,0,0,0,0,0.0,0.0,0.0,0.0,0.0,2.0,88284.59999999999,971130.6,0.0,0.0,57065.78571428572,399460.5,2.0,0.0,-1297.090909090909,-1938.0,-267.0,2.0,4.0,2.0,13511.25,11991.375,16.0,0.0,0.0,0.0,-27.375,-18.0,41144.76,41144.76,2.0,0.0
101198,Cash loans,M,N,Y,1,135000.0,405000.0,37273.5,405000.0,Unaccompanied,Commercial associate,Secondary / secondary special,Single / not married,House / apartment,0.032561,-12083,-1644.0,-6187.0,-4278,1,1,0,1,0,0,2.0,1,1,TUESDAY,12,0,0,0,0,0,0,Business Entity Type 2,0.625207,0.23661083,5.0,0.0,5.0,0.0,0.0,0,1,0,0,0,0,0,0,0,0,0,0,0,0,0,0,0,0,0,0,0.0,0.0,0.0,0.0,5.0,3.0,81897.48,81897.48,0.0,0.0,74409.3,74409.3,1.0,0.0,-83.0,-83.0,-83.0,1.0,11.0,5.0,45776.454545454544,49009.90909090909,36.0,-1125.02875,-6818.4,0.0,-6.8333335,7.0,214861.94999999998,255362.985,3.0,0.0
101200,Cash loans,F,N,N,0,292500.0,270000.0,17253.0,270000.0,Unaccompanied,Working,Secondary / secondary special,Separated,House / apartment,0.032561,-15593,-8540.0,-9674.0,-4818,1,1,0,1,1,0,1.0,1,1,FRIDAY,18,0,0,0,0,1,1,Services,0.7179513,0.35069585,0.0,0.0,0.0,0.0,-3172.0,0,0,0,0,0,0,1,0,0,0,0,0,0,0,0,0,0,0,0,0,0.0,0.0,0.0,0.0,1.0,5.0,393047.0228571429,2751329.16,0.0,0.0,114488.25,686929.5,1.0,0.0,-1952.142857142857,-2786.0,-441.0,2.0,8.0,2.0,206178.75,258912.0,63.0,0.0,0.0,0.0,-3.0317461,0.0,605349.54,605349.54,2.0,0.0
101204,Cash loans,M,Y,N,1,180000.0,622413.0,30073.5,495000.0,Family,Working,Secondary / secondary special,Married,House / apartment,0.035792,-15784,-2696.0,-1187.0,-4750,1,1,0,1,0,0,3.0,2,2,WEDNESDAY,12,0,0,0,0,1,1,Self-employed,0.7178627,0.75037515,4.0,1.0,4.0,1.0,0.0,0,1,0,0,0,0,0,0,0,0,0,0,0,0,0,0,0,0,0,0,0.0,0.0,0.0,0.0,1.0,0.0,136649.25,273298.5,0.0,0.0,0.0,0.0,0.0,0.0,-1442.5,-1838.0,-1047.0,1.0,1.0,1.0,239886.0,239886.0,21.0,0.0,0.0,0.0,-6.047619,0.0,304623.18,304623.18,2.0,0.0
101211,Cash loans,F,N,N,0,198000.0,378706.5,19336.5,306000.0,Unaccompanied,Pensioner,Secondary / secondary special,Married,House / apartment,0.019101,-19604,,-11918.0,-3139,1,0,0,1,0,0,2.0,2,2,FRIDAY,17,0,0,0,0,0,0,XNA,0.30721745,0.62967426,5.0,0.0,5.0,0.0,-925.0,0,1,0,0,0,0,0,0,0,0,0,0,0,0,0,0,0,0,0,0,0.0,0.0,0.0,0.0,1.0,9.0,312975.0,2190825.0,0.0,0.0,172985.25,1037911.5,4.0,0.0,-1438.4285714285713,-2250.0,-753.0,2.0,8.0,4.0,110525.0625,124921.125,32.0,0.0,0.0,0.0,-17.75,0.0,634980.1499999999,634980.1499999999,5.0,0.0
101213,Cash loans,F,N,Y,1,90000.0,272520.0,16803.0,225000.0,Unaccompanied,State servant,Higher education,Married,House / apartment,0.020246,-11519,-2674.0,-499.0,-4162,1,1,1,1,1,0,3.0,3,3,FRIDAY,5,0,0,0,0,0,0,Government,0.5649943,0.3016249,5.0,0.0,5.0,0.0,-2865.0,0,1,0,0,0,0,0,0,0,0,0,0,0,0,0,0,0,0,0,0,0.0,0.0,0.0,0.0,0.0,1.0,116775.71100000001,2335514.22,0.0,0.0,4868.470588235294,82764.0,4.0,0.0,-1428.9,-2832.0,-318.0,2.0,1.0,1.0,90000.0,110146.5,13.0,3461.5384615384614,0.0,31927.815000000002,-9.307693,-2.0,189462.375,144462.375,1.0,0.0
101223,Cash loans,F,N,Y,0,157500.0,180000.0,14350.5,180000.0,Unaccompanied,Working,Secondary / secondary special,Married,House / apartment,0.018634,-10496,-970.0,-888.0,-1424,1,1,1,1,1,0,2.0,2,2,MONDAY,13,0,0,0,0,0,0,Business Entity Type 3,0.74121165,,3.0,0.0,3.0,0.0,-1077.0,0,0,0,0,1,0,0,0,0,0,0,0,0,0,0,0,0,0,0,0,0.0,0.0,0.0,0.0,0.0,2.0,1834299.0,3668598.0,0.0,0.0,1543460.2425,3086920.485,1.0,0.0,-777.0,-922.0,-632.0,2.0,1.0,1.0,39208.5,31365.0,4.0,0.0,0.0,0.0,-35.75,-15.0,32786.505000000005,32786.505000000005,1.0,0.0
101225,Cash loans,F,Y,Y,0,216000.0,502497.0,36693.0,454500.0,Unaccompanied,Working,Secondary / secondary special,Married,House / apartment,0.00733,-10707,-119.0,-4861.0,-1270,1,1,0,1,0,0,2.0,2,2,SUNDAY,15,0,0,0,1,1,0,Trade: type 3,0.59602857,,0.0,0.0,0.0,0.0,-817.0,0,1,0,0,0,0,0,0,0,0,0,0,0,0,0,0,0,0,0,0,,,,,,,,,,,,,,,,,,,3.0,2.0,39375.0,44586.0,48.0,-13.185,-611.055,0.0,-6.3958335,7.0,200179.305,200812.185,1.0,0.0
101237,Cash loans,F,Y,Y,0,112500.0,311877.0,15003.0,252000.0,Unaccompanied,Pensioner,Secondary / secondary special,Widow,House / apartment,0.028663,-20848,,-458.0,-312,1,0,0,1,0,0,1.0,2,2,FRIDAY,13,0,0,0,0,0,0,XNA,0.45156989,0.35895124,2.0,0.0,2.0,0.0,-245.0,0,1,0,0,0,0,0,0,0,0,0,0,0,0,0,0,0,0,0,0,0.0,0.0,0.0,0.0,0.0,3.0,76809.58875,614476.71,0.0,0.0,46010.8125,368086.5,4.0,0.0,-849.625,-1608.0,-151.0,2.0,7.0,4.0,41056.07142857143,74162.57142857143,19.0,-206.81763157894736,-3928.5,0.0,-6.105263,7.0,114346.26,118275.795,3.0,0.0
101243,Cash loans,F,N,Y,0,90000.0,314055.0,13329.0,238500.0,Unaccompanied,Pensioner,Secondary / secondary special,Married,House / apartment,0.010966,-21590,,-401.0,-185,1,0,0,1,0,0,2.0,2,2,FRIDAY,12,0,0,0,0,0,0,XNA,0.17265676,0.6594055,3.0,1.0,3.0,1.0,-1334.0,0,1,0,0,0,0,0,0,0,0,0,0,0,0,0,0,0,0,0,0,0.0,0.0,0.0,0.0,0.0,1.0,474300.0,474300.0,0.0,0.0,379566.0,379566.0,1.0,0.0,-304.0,-304.0,-304.0,1.0,10.0,6.0,398538.9,440455.95,47.0,-1125.7410638297872,-43124.04,0.0,-7.1702127,4.0,1439274.645,1492184.475,5.0,1.0
101244,Cash loans,F,N,Y,1,81000.0,225000.0,27994.5,225000.0,Unaccompanied,Working,Secondary / secondary special,Married,House / apartment,0.018209,-10224,-1842.0,-4718.0,-2820,1,1,0,1,1,1,3.0,3,3,WEDNESDAY,9,0,0,0,0,0,0,Business Entity Type 3,0.3040571,,0.0,0.0,0.0,0.0,-1271.0,0,1,0,0,0,0,0,0,0,0,0,0,0,0,0,0,0,0,0,0,0.0,0.0,0.0,0.0,1.0,1.0,52146.0,52146.0,0.0,0.0,0.0,0.0,0.0,0.0,-1927.0,-1927.0,-1927.0,1.0,1.0,1.0,119173.5,156298.5,19.0,0.0,0.0,0.0,-24.947369,0.0,202055.625,202055.625,2.0,0.0
101258,Cash loans,F,N,Y,0,135000.0,500490.0,52686.0,450000.0,Unaccompanied,Pensioner,Secondary / secondary special,Married,House / apartment,0.011703,-24548,,-3968.0,-4531,1,0,0,1,0,0,2.0,2,2,MONDAY,10,0,0,0,0,0,0,XNA,0.70146096,0.4740513,5.0,0.0,4.0,0.0,-336.0,0,1,0,0,0,0,0,0,0,0,0,0,0,0,0,0,0,0,0,0,0.0,0.0,0.0,0.0,1.0,0.0,580201.3928571428,4061409.75,0.0,0.0,442553.14285714284,3097872.0,3.0,0.0,-596.2857142857143,-1211.0,-335.0,2.0,1.0,1.0,95580.0,86022.0,6.0,0.0,0.0,0.0,-15.333333,-9.0,92351.16,92351.16,1.0,0.0
101259,Cash loans,F,N,N,0,81000.0,318069.0,25632.0,265500.0,Unaccompanied,Working,Secondary / secondary special,Civil marriage,With parents,0.002134,-9956,-1631.0,-2610.0,-2623,1,1,0,1,0,0,2.0,3,3,WEDNESDAY,9,0,0,0,1,1,0,Agriculture,0.39781445,0.34090644,0.0,0.0,0.0,0.0,-1550.0,0,1,0,0,0,0,0,0,0,0,0,0,0,0,0,0,0,0,0,0,0.0,0.0,0.0,0.0,1.0,7.0,27893.25,55786.5,0.0,0.0,27893.25,55786.5,1.0,0.0,-141.5,-277.0,-6.0,2.0,7.0,5.0,54815.78571428572,61761.21428571428,69.0,-748.4184782608696,-10585.98,0.0,-21.188406,11.0,604187.685,655828.56,5.0,0.0
101268,Cash loans,M,N,Y,0,157500.0,292500.0,34843.5,292500.0,Unaccompanied,Working,Secondary / secondary special,Married,House / apartment,0.028663,-16662,-1417.0,-8234.0,-188,1,1,0,1,0,0,2.0,2,2,THURSDAY,13,0,0,0,0,0,0,Trade: type 7,0.37165564,0.49386287,0.0,0.0,0.0,0.0,-1347.0,0,1,0,0,0,0,0,0,0,0,0,0,0,0,0,0,0,0,0,0,0.0,0.0,0.0,0.0,0.0,5.0,24954.545454545456,274500.0,0.0,0.0,2331.818181818182,25650.0,1.0,0.0,-271.72727272727275,-491.0,-11.0,2.0,13.0,6.0,63747.692307692305,104795.30769230769,75.0,-2376.7878,-29614.86,0.0,-8.053333,6.0,1648383.975,1826643.06,3.0,0.0
101269,Cash loans,F,Y,Y,0,171000.0,171000.0,13360.5,171000.0,"Spouse, partner",Working,Secondary / secondary special,Married,House / apartment,0.02461,-21586,-624.0,-1939.0,-4221,1,1,0,1,0,0,2.0,2,2,WEDNESDAY,12,0,0,0,0,0,0,Self-employed,0.6535873,0.7610264,1.0,0.0,1.0,0.0,-585.0,0,1,0,0,0,0,0,0,0,0,0,0,0,0,0,0,0,0,0,0,0.0,0.0,0.0,0.0,0.0,6.0,747603.0,2242809.0,0.0,0.0,310335.0,931005.0,1.0,0.0,-1538.3333333333333,-2697.0,-608.0,2.0,10.0,3.0,200821.5,246015.9,49.0,6033.094897959184,-6750.0,243462.96,-8.816326,0.0,1081849.455,786227.805,2.0,0.0
101271,Cash loans,F,N,Y,0,135000.0,509400.0,28444.5,450000.0,Other_B,Working,Secondary / secondary special,Married,House / apartment,0.020246,-16945,-10134.0,-1223.0,-492,1,1,1,1,1,0,2.0,3,3,SUNDAY,12,0,0,0,0,0,0,Business Entity Type 2,0.13682686,0.45610973,0.0,0.0,0.0,0.0,-409.0,0,1,0,0,0,0,0,0,0,0,0,0,0,0,0,0,0,0,0,0,0.0,0.0,0.0,0.0,0.0,0.0,104768.39863636364,1152452.385,0.0,0.0,33094.575,264756.6,2.0,0.0,-1642.0,-2229.0,-196.0,2.0,8.0,8.0,102243.9375,131576.0625,86.0,-34.74837209302326,-2982.06,0.0,-8.209302,205.0,1189677.915,1192666.275,8.0,187.0
101279,Cash loans,F,N,Y,0,67500.0,334152.0,14287.5,270000.0,Unaccompanied,Pensioner,Lower secondary,Married,House / apartment,0.018634,-23516,,-8299.0,-4545,1,0,0,1,1,0,2.0,2,2,TUESDAY,9,0,0,0,0,0,0,XNA,0.46563658,,2.0,0.0,2.0,0.0,-1981.0,0,1,0,0,0,0,0,0,0,0,0,0,0,0,0,0,0,0,0,0,,,,,,,,,,,,,,,,,,,6.0,3.0,233771.25,249576.75,63.0,0.0,0.0,0.0,-17.984127,-3.0,1520098.38,1520098.38,3.0,0.0
101281,Cash loans,F,N,Y,0,225000.0,248760.0,25618.5,225000.0,Unaccompanied,Pensioner,Secondary / secondary special,Widow,House / apartment,0.02461,-24697,,-729.0,-4827,1,0,0,1,0,1,1.0,2,2,SATURDAY,12,0,0,0,0,0,0,XNA,0.118796974,,0.0,0.0,0.0,0.0,-163.0,0,1,0,0,0,0,0,0,0,0,0,0,0,0,0,0,0,0,0,0,0.0,0.0,0.0,0.0,0.0,6.0,9000.0,18000.0,270.0,540.0,4500.0,9000.0,2.0,0.0,-73.0,-117.0,-29.0,1.0,14.0,5.0,49817.892857142855,56721.857142857145,29.0,-567.5136206896552,-16007.58,0.0,-13.827586,2.0,518994.0,535451.895,5.0,0.0
101287,Cash loans,F,N,N,2,157500.0,500490.0,52686.0,450000.0,Unaccompanied,Commercial associate,Secondary / secondary special,Married,With parents,0.010643,-11892,-1344.0,-3188.0,-4320,1,1,0,1,0,0,4.0,2,2,THURSDAY,14,0,0,0,0,0,0,Business Entity Type 3,0.69036496,,3.0,1.0,3.0,0.0,-332.0,0,1,0,0,0,0,0,0,0,0,0,0,0,0,0,0,0,0,0,0,0.0,0.0,0.0,0.0,1.0,2.0,527753.25,1055506.5,0.0,0.0,,0.0,1.0,0.0,-2236.5,-2435.0,-2038.0,1.0,1.0,1.0,90045.0,90045.0,6.0,0.0,0.0,0.0,-46.166668,-4.0,96115.905,96115.905,1.0,0.0
101292,Cash loans,F,N,Y,0,126000.0,521568.0,22054.5,360000.0,Unaccompanied,Pensioner,Secondary / secondary special,Separated,House / apartment,0.022625,-22428,,-11719.0,-3716,1,0,0,1,0,0,1.0,2,2,WEDNESDAY,12,0,0,0,0,0,0,XNA,0.7412871,,0.0,0.0,0.0,0.0,-1569.0,0,1,0,0,0,0,0,0,0,0,0,0,0,0,0,0,0,0,0,0,,,,,,,,,,,,,,,,,,,9.0,7.0,45676.0,51192.0,145.0,-125.45782758620692,-2250.0,0.0,-5.172414,151.0,660852.225,679043.61,6.0,0.0
101294,Cash loans,F,N,Y,0,135000.0,395766.0,20335.5,283500.0,Unaccompanied,Commercial associate,Secondary / secondary special,Married,House / apartment,0.031329,-16278,-5899.0,-1066.0,-5820,1,1,0,1,0,0,2.0,2,2,THURSDAY,9,0,0,0,0,0,0,Industry: type 11,0.3194919,0.6528965,1.0,0.0,1.0,0.0,0.0,0,1,0,0,0,0,0,0,0,0,0,0,0,0,0,0,0,0,0,0,0.0,0.0,0.0,0.0,0.0,0.0,2250000.0,2250000.0,0.0,0.0,1647732.06,1647732.06,1.0,0.0,-700.0,-700.0,-700.0,1.0,2.0,2.0,101250.0,118325.25,20.0,0.0,0.0,0.0,-10.15,-1.0,321584.49,321584.49,2.0,0.0
101296,Cash loans,F,Y,Y,0,90000.0,817560.0,30951.0,675000.0,Unaccompanied,Pensioner,Secondary / secondary special,Married,House / apartment,0.01885,-21092,,-1961.0,-4576,1,0,0,1,0,0,2.0,2,2,TUESDAY,10,0,0,0,0,0,0,XNA,0.5369181,0.37740424,0.0,0.0,0.0,0.0,-598.0,0,0,0,0,1,0,0,0,0,0,0,0,0,0,0,0,0,0,0,0,0.0,0.0,0.0,0.0,0.0,4.0,180900.0,904500.0,0.0,0.0,86342.61600000001,431713.08,3.0,0.0,-654.4,-922.0,-256.0,2.0,5.0,2.0,341328.6,400110.3,16.0,0.0,0.0,0.0,-14.375,0.0,148293.18,148293.18,2.0,0.0
101297,Cash loans,F,N,Y,0,202500.0,225000.0,22383.0,225000.0,Unaccompanied,Commercial associate,Higher education,Civil marriage,House / apartment,0.018209,-14931,-443.0,-1161.0,-4556,1,1,0,1,0,1,2.0,3,3,MONDAY,10,0,0,0,0,0,0,Self-employed,0.4505357,0.7394118,0.0,0.0,0.0,0.0,-1768.0,0,1,0,0,0,0,0,0,0,0,0,0,0,0,0,0,0,0,0,0,0.0,0.0,0.0,0.0,0.0,6.0,165914.73750000002,995488.425,0.0,0.0,44890.875,179563.5,1.0,0.0,-1845.3333333333333,-2877.0,-783.0,2.0,10.0,6.0,311974.2,312827.4,53.0,0.0,0.0,0.0,-5.1132073,5.0,352046.07,352046.07,4.0,0.0
101299,Cash loans,F,Y,N,0,202500.0,1350000.0,41904.0,1350000.0,Unaccompanied,Working,Higher education,Married,House / apartment,0.04622,-12749,-3188.0,-1195.0,-3821,1,1,0,1,0,0,2.0,1,1,SUNDAY,13,0,0,0,0,1,1,Security Ministries,0.38193536,0.17560598,0.0,0.0,0.0,0.0,-778.0,0,1,0,0,0,0,0,0,0,0,0,0,0,0,0,0,0,0,0,0,0.0,0.0,0.0,0.0,1.0,1.0,5562812.25,11125624.5,0.0,0.0,4114298.4975,8228596.995,1.0,0.0,-2046.0,-2849.0,-1243.0,2.0,1.0,1.0,134433.0,120987.0,6.0,0.0,0.0,0.0,-13.666667,-12.0,129053.97,129053.97,1.0,0.0
101301,Cash loans,M,N,Y,1,202500.0,407520.0,26041.5,360000.0,Unaccompanied,Commercial associate,Higher education,Married,House / apartment,0.007274,-18390,-219.0,-5190.0,-1945,1,1,0,1,1,1,3.0,2,2,MONDAY,11,1,1,0,1,1,0,Other,0.7218097,0.5316861,0.0,0.0,0.0,0.0,-496.0,0,1,0,0,0,0,0,0,0,0,0,0,0,0,0,0,0,0,0,0,0.0,0.0,0.0,0.0,1.0,2.0,1350000.0,1350000.0,0.0,0.0,702337.5,702337.5,1.0,0.0,-1105.0,-1105.0,-1105.0,1.0,3.0,1.0,58933.5,63573.0,12.0,0.0,0.0,0.0,-24.583334,-18.0,176219.235,176219.235,1.0,0.0
101305,Cash loans,F,N,Y,0,81000.0,378706.5,16173.0,306000.0,Unaccompanied,Pensioner,Secondary / secondary special,Married,House / apartment,0.030755,-22330,,-4551.0,-4429,1,0,0,1,0,0,2.0,2,2,THURSDAY,10,0,0,0,0,0,0,XNA,0.73213446,0.24719094,0.0,0.0,0.0,0.0,-570.0,0,1,0,0,0,0,0,0,0,0,0,0,0,0,0,0,0,0,0,0,0.0,0.0,0.0,0.0,1.0,4.0,70713.46500000001,636421.185,0.0,0.0,25409.0,228681.0,2.0,0.0,-301.1111111111111,-737.0,-72.0,2.0,9.0,4.0,66500.0,76730.0,21.0,2753.5714285714284,0.0,51039.81,-25.285715,-1.0,493285.32,435460.32,3.0,0.0
101308,Cash loans,F,N,Y,1,540000.0,500490.0,59526.0,450000.0,Unaccompanied,Commercial associate,Higher education,Separated,House / apartment,0.032561,-12073,-360.0,-6119.0,-4374,1,1,0,1,1,0,2.0,1,1,WEDNESDAY,10,0,0,0,0,0,0,Business Entity Type 3,0.7045064,0.33285058,1.0,0.0,1.0,0.0,0.0,0,1,0,0,0,0,0,0,0,0,0,0,0,0,0,0,0,0,0,0,0.0,0.0,0.0,0.0,1.0,0.0,435446.65,3919019.85,0.0,0.0,481500.0,2407500.0,3.0,0.0,-889.3333333333334,-1589.0,-4.0,2.0,2.0,2.0,51187.5,47043.0,24.0,-2420.9287499999996,-6391.35,0.0,-9.291667,29.0,121101.57,179203.86,2.0,19.0
101318,Cash loans,F,N,N,0,90000.0,225000.0,13896.0,225000.0,Unaccompanied,Pensioner,Secondary / secondary special,Married,House / apartment,0.028663,-20854,,-9581.0,-4361,1,0,0,1,0,0,2.0,2,2,MONDAY,11,0,0,0,0,0,0,XNA,0.69333935,0.6195277,0.0,0.0,0.0,0.0,-824.0,0,1,0,0,0,0,0,0,0,0,0,0,0,0,0,0,0,0,0,0,0.0,0.0,0.0,0.0,0.0,5.0,133870.5,535482.0,0.0,0.0,0.0,0.0,1.0,0.0,-983.25,-2692.0,-264.0,2.0,5.0,5.0,83601.0,223467.3,45.0,-361.66200000000003,-16234.470000000001,0.0,-4.4888887,2.0,577490.9400000001,593765.73,4.0,0.0
101327,Cash loans,M,Y,Y,2,225000.0,848745.0,43465.5,675000.0,Family,Working,Secondary / secondary special,Married,House / apartment,0.031329,-12479,-2582.0,-2584.0,-4264,1,1,0,1,0,0,4.0,2,2,WEDNESDAY,12,0,0,0,0,0,0,Industry: type 7,0.14267017,0.23143935,3.0,0.0,3.0,0.0,-58.0,0,1,0,0,0,0,0,0,0,0,0,0,0,0,0,0,0,0,0,0,0.0,0.0,0.0,0.0,2.0,2.0,386363.5714285714,2704545.0,0.0,0.0,210747.615,1264485.69,5.0,0.0,-1063.4285714285713,-2429.0,-25.0,2.0,6.0,6.0,96416.25,112662.75,73.0,-588.3386301369864,-10737.0,0.0,-15.027397,7.0,958763.7000000001,1001712.42,5.0,0.0
101329,Cash loans,F,N,Y,1,112500.0,93829.5,9981.0,81000.0,Unaccompanied,Working,Secondary / secondary special,Single / not married,House / apartment,0.010966,-12875,-1904.0,-1610.0,-3354,1,1,0,1,1,0,2.0,2,2,THURSDAY,14,0,0,0,0,1,1,Business Entity Type 3,0.57184464,0.58674,0.0,0.0,0.0,0.0,-1636.0,0,1,0,0,0,0,0,0,0,0,0,0,0,0,0,0,0,0,0,0,0.0,0.0,0.0,0.0,1.0,3.0,140016.915,980118.405,0.0,0.0,0.0,0.0,1.0,0.0,-1280.4285714285713,-1507.0,-1089.0,2.0,7.0,4.0,80736.42857142857,87234.42857142857,21.0,0.0,0.0,0.0,-13.190476,-3.0,438394.275,438394.275,3.0,0.0
101332,Cash loans,F,Y,Y,0,90000.0,248760.0,26919.0,225000.0,Family,Pensioner,Secondary / secondary special,Married,House / apartment,0.030755,-21514,,-4793.0,-5070,1,0,0,1,0,1,2.0,2,2,THURSDAY,12,0,0,0,0,0,0,XNA,0.5269058,,0.0,0.0,0.0,0.0,0.0,0,0,0,0,1,0,0,0,0,0,0,0,0,0,0,0,0,0,0,0,,,,,,,,,,,,,,,,,,,,,,,4.0,0.0,0.0,0.0,-1.25,0.0,13426.38,13426.38,1.0,0.0
101337,Cash loans,F,N,Y,0,157500.0,1024740.0,55719.0,900000.0,Unaccompanied,Working,Higher education,Married,Rented apartment,0.0228,-17462,-922.0,-1292.0,-896,1,1,0,1,0,0,2.0,2,2,TUESDAY,13,0,0,0,0,0,0,Self-employed,0.4233634,0.6212263,1.0,1.0,1.0,1.0,-409.0,0,1,0,0,0,0,0,0,0,0,0,0,0,0,0,0,0,0,0,0,0.0,0.0,0.0,0.0,1.0,3.0,123711.75,247423.5,0.0,0.0,14706.0,29412.0,1.0,0.0,-382.0,-590.0,-174.0,1.0,5.0,4.0,115323.3,115546.5,22.0,0.0,0.0,0.0,-10.409091,0.0,330895.52999999997,330895.52999999997,3.0,0.0
101343,Cash loans,F,N,Y,1,180000.0,505233.0,21537.0,378000.0,Unaccompanied,State servant,Secondary / secondary special,Married,House / apartment,0.018801,-16199,-7741.0,-1592.0,-4828,1,1,0,1,0,0,3.0,2,2,THURSDAY,8,0,0,0,0,0,0,Military,0.5256519,0.6109913,1.0,0.0,1.0,0.0,-1799.0,0,0,0,0,0,0,0,1,0,0,0,0,0,0,0,0,0,0,0,0,0.0,0.0,0.0,0.0,0.0,2.0,745099.125,8941189.5,0.0,0.0,16644.375,66577.5,5.0,0.0,-944.8333333333334,-2865.0,-57.0,2.0,4.0,4.0,182233.2825,243590.7825,84.0,-1012.7378571428569,-18607.094999999998,0.0,-2.9642856,3.0,1255513.8599999999,1340583.8399999999,4.0,0.0
101345,Cash loans,F,N,N,0,63000.0,83538.0,6592.5,67500.0,Unaccompanied,Commercial associate,Higher education,Single / not married,House / apartment,0.018634,-13841,-778.0,-7913.0,-4767,1,1,0,1,0,0,1.0,2,2,THURSDAY,12,0,0,0,0,0,0,Other,0.7308459,,0.0,0.0,0.0,0.0,-879.0,0,1,0,0,0,0,0,0,0,0,0,0,0,0,0,0,0,0,0,0,,,,,,,,,,,,,,,,,,,2.0,1.0,59530.5,63409.5,4.0,4500.0,0.0,11093.4,-18.5,-16.0,86467.14,68467.14,1.0,0.0
101346,Cash loans,M,Y,Y,1,180000.0,675000.0,21906.0,675000.0,Unaccompanied,Working,Higher education,Married,House / apartment,0.019101,-18976,-6834.0,-2848.0,-2516,1,1,1,1,0,0,3.0,2,2,TUESDAY,9,0,0,0,0,1,1,Business Entity Type 3,0.684775,0.7662337,0.0,0.0,0.0,0.0,-2670.0,0,1,0,0,0,0,0,0,0,0,0,0,0,0,0,0,0,0,0,0,0.0,0.0,0.0,0.0,0.0,2.0,68595.0,205785.0,0.0,0.0,0.0,0.0,0.0,0.0,-1210.6666666666667,-1813.0,-509.0,1.0,4.0,2.0,223503.4125,224525.25,30.0,0.0,0.0,0.0,-15.133333,3.0,350177.58,350177.58,3.0,0.0
101353,Cash loans,M,Y,N,0,360000.0,900000.0,45954.0,900000.0,Unaccompanied,Pensioner,Secondary / secondary special,Married,House / apartment,0.04622,-18391,,-7510.0,-1915,1,0,0,1,1,0,2.0,1,1,TUESDAY,13,0,0,0,0,0,0,XNA,0.7222047,0.7713616,0.0,0.0,0.0,0.0,-2053.0,0,0,0,0,0,0,1,0,0,0,0,0,0,0,0,0,0,0,0,0,0.0,0.0,0.0,0.0,0.0,2.0,820233.0,4101165.0,0.0,0.0,146234.7,731173.5,1.0,0.0,-1561.6,-1868.0,-1112.0,1.0,4.0,4.0,132093.0,141889.5,24.0,0.0,0.0,0.0,-16.291666,0.0,670208.535,670208.535,4.0,0.0
101354,Cash loans,F,N,Y,2,67500.0,256185.0,23625.0,207000.0,Children,Working,Secondary / secondary special,Married,House / apartment,0.035792,-11049,-868.0,-5191.0,-1407,1,1,0,1,0,1,4.0,2,2,FRIDAY,12,0,0,0,1,1,0,Trade: type 7,0.42504588,0.5118918,2.0,0.0,2.0,0.0,-242.0,0,1,0,0,0,0,0,0,0,0,0,0,0,0,0,0,0,0,0,0,0.0,0.0,0.0,0.0,1.0,1.0,185822.25,1114933.5,0.0,0.0,76519.575,382597.875,3.0,0.0,-906.1666666666666,-1159.0,-666.0,2.0,1.0,1.0,40375.35,45703.35,7.0,0.0,0.0,0.0,-9.857142,-7.0,36336.825000000004,36336.825000000004,1.0,0.0
101355,Cash loans,M,Y,Y,0,225000.0,1157958.0,49189.5,1035000.0,Unaccompanied,Commercial associate,Secondary / secondary special,Married,House / apartment,0.016612,-18694,-1737.0,-10795.0,-2243,1,1,0,1,0,1,2.0,2,2,THURSDAY,15,0,0,0,0,0,0,Business Entity Type 3,0.11476007,0.20092608,0.0,0.0,0.0,0.0,-296.0,0,1,0,0,0,0,0,0,0,0,0,0,0,0,0,0,0,0,0,0,0.0,0.0,0.0,0.0,0.0,2.0,154101.66631578948,2927931.66,0.0,0.0,69118.9247368421,1313259.57,7.0,0.0,-1463.3157894736842,-2745.0,-36.0,2.0,6.0,4.0,77912.25,212653.5,12.0,0.0,0.0,0.0,-14.333333,-3.0,445686.21,445686.21,2.0,0.0
101356,Cash loans,F,N,Y,0,112500.0,552555.0,24466.5,477000.0,Unaccompanied,Pensioner,Secondary / secondary special,Married,House / apartment,0.010006,-23689,,-9734.0,-4498,1,0,0,1,0,0,2.0,2,1,SATURDAY,8,0,0,0,0,0,0,XNA,0.4906382,0.63970757,4.0,0.0,4.0,0.0,-2121.0,0,1,0,0,0,0,0,0,0,0,0,0,0,0,0,0,0,0,0,0,0.0,0.0,0.0,0.0,1.0,1.0,450000.0,900000.0,0.0,0.0,308936.25,617872.5,2.0,0.0,-1478.0,-2319.0,-637.0,2.0,4.0,3.0,91645.875,108518.625,35.0,0.0,0.0,0.0,-22.77143,0.0,371185.01999999996,371185.01999999996,3.0,0.0
101362,Cash loans,F,N,Y,0,90000.0,450000.0,14517.0,450000.0,Unaccompanied,Working,Secondary / secondary special,Married,With parents,0.006671,-10317,-2481.0,-3407.0,-2978,1,1,1,1,1,0,2.0,2,2,MONDAY,14,0,0,0,0,0,0,Self-employed,0.55119425,0.34741822,0.0,0.0,0.0,0.0,-905.0,0,1,0,0,0,0,0,0,0,0,0,0,0,0,0,0,0,0,0,0,0.0,0.0,0.0,0.0,0.0,2.0,121269.68181818182,1333966.5,0.0,0.0,83534.9265,835349.265,6.0,0.0,-1015.0909090909091,-1925.0,-203.0,2.0,4.0,1.0,181461.375,203959.125,8.0,0.0,0.0,0.0,-9.875,-7.0,53924.985,53924.985,1.0,0.0
101363,Cash loans,M,N,Y,1,315000.0,781920.0,42547.5,675000.0,Unaccompanied,Working,Secondary / secondary special,Married,House / apartment,0.007114,-11124,-1907.0,-5155.0,-3688,1,1,0,1,0,0,3.0,2,2,THURSDAY,17,0,0,0,0,1,1,Self-employed,0.05486728,,0.0,0.0,0.0,0.0,0.0,0,1,0,0,0,0,0,0,0,0,0,0,0,0,0,0,0,0,0,0,0.0,0.0,0.0,0.0,2.0,0.0,,,,,,,,,,,,,1.0,1.0,45423.0,45423.0,10.0,0.0,0.0,0.0,-10.9,-3.0,51587.369999999995,51587.369999999995,1.0,0.0
101365,Cash loans,F,N,Y,0,225000.0,525735.0,36720.0,450000.0,Unaccompanied,Commercial associate,Secondary / secondary special,Civil marriage,House / apartment,0.04622,-19644,-5639.0,-8156.0,-3198,1,1,0,1,1,0,2.0,1,1,WEDNESDAY,14,0,0,0,0,1,1,Business Entity Type 3,0.698812,,0.0,0.0,0.0,0.0,-2114.0,0,0,0,0,1,0,0,0,0,0,0,0,0,0,0,0,0,0,0,0,0.0,0.0,0.0,0.0,1.0,2.0,67500.0,67500.0,0.0,0.0,0.0,0.0,1.0,0.0,-371.0,-371.0,-371.0,1.0,3.0,3.0,345580.5,385440.0,36.0,5145.704999999999,-55051.200000000004,91034.505,-15.916667,7.0,1680507.045,1495261.665,3.0,7.0
101366,Cash loans,F,N,N,0,112500.0,598500.0,19435.5,450000.0,Unaccompanied,State servant,Secondary / secondary special,Single / not married,House / apartment,0.006852,-18836,-1714.0,-630.0,-2357,1,1,1,1,1,0,1.0,3,3,MONDAY,15,0,0,0,0,0,0,Other,0.37163013,,1.0,1.0,1.0,1.0,-390.0,0,1,0,0,0,0,0,0,0,0,0,0,0,0,0,0,0,0,0,0,,,,,,,,,,,,,,,,,,,1.0,1.0,221265.0,238788.0,7.0,0.0,0.0,0.0,-11.714286,-9.0,270925.515,270925.515,1.0,0.0
101367,Cash loans,F,N,Y,1,112500.0,296280.0,23539.5,225000.0,Unaccompanied,Commercial associate,Secondary / secondary special,Single / not married,House / apartment,0.030755,-8889,-166.0,-3640.0,-557,1,1,0,1,0,0,2.0,2,2,TUESDAY,12,0,0,0,1,1,0,Business Entity Type 3,0.14633842,,0.0,0.0,0.0,0.0,0.0,0,1,0,0,0,0,0,0,0,0,0,0,0,0,0,0,0,0,0,0,,,,,,,,,,,,,,,,,,,1.0,1.0,24300.0,24300.0,7.0,0.0,0.0,0.0,-33.142857,-23.0,26546.760000000002,26546.760000000002,1.0,0.0
101368,Cash loans,M,Y,Y,2,450000.0,675000.0,53460.0,675000.0,Unaccompanied,Commercial associate,Higher education,Married,House / apartment,0.072508,-14468,-3525.0,-4438.0,-3473,1,1,0,1,1,0,4.0,1,1,WEDNESDAY,9,0,0,0,0,0,0,Transport: type 4,0.70943063,0.622922,0.0,0.0,0.0,0.0,-1719.0,0,1,0,0,0,0,0,0,0,0,0,0,0,0,0,0,0,0,0,0,0.0,0.0,0.0,0.0,1.0,1.0,1133839.86,6803039.16,0.0,0.0,26361.9,131809.5,1.0,0.0,-1416.1666666666667,-2737.0,-262.0,3.0,1.0,1.0,26955.0,21685.5,10.0,-1769.0220000000004,-8758.710000000001,0.0,-18.3,16.0,53092.26,70782.48000000001,2.0,0.0
101374,Cash loans,M,N,N,0,180000.0,790830.0,52978.5,675000.0,Unaccompanied,State servant,Secondary / secondary special,Single / not married,House / apartment,0.04622,-8661,-1509.0,-1652.0,-1274,1,1,1,1,0,0,1.0,1,1,SUNDAY,17,0,0,0,0,1,1,Business Entity Type 1,0.36319348,0.43473324,0.0,0.0,0.0,0.0,-716.0,0,1,0,0,0,0,0,0,0,0,0,0,0,0,0,0,0,0,0,0,0.0,0.0,0.0,0.0,1.0,2.0,225000.0,225000.0,0.0,0.0,193720.5,193720.5,1.0,0.0,-288.0,-288.0,-288.0,1.0,2.0,2.0,124758.0,130542.75,25.0,-1833.345,-14178.195,0.0,-6.04,10.0,328597.425,374431.05,2.0,0.0
101380,Cash loans,F,Y,Y,0,162000.0,495000.0,27769.5,495000.0,Unaccompanied,Working,Higher education,Married,House / apartment,0.003069,-18239,-3527.0,-6069.0,-1749,1,1,0,1,0,0,2.0,3,3,FRIDAY,11,0,0,0,0,0,0,Business Entity Type 3,0.479578,0.80388504,4.0,0.0,4.0,0.0,-928.0,0,1,0,0,0,0,0,0,0,0,0,0,0,0,0,0,0,0,0,0,0.0,0.0,0.0,0.0,0.0,2.0,72380.89285714286,506666.25,0.0,0.0,0.0,0.0,0.0,0.0,-1841.142857142857,-2697.0,-592.0,1.0,1.0,1.0,82800.0,90085.5,9.0,0.0,0.0,0.0,-27.777779,0.0,107689.995,107689.995,1.0,0.0
101383,Cash loans,M,Y,N,0,135000.0,272520.0,16803.0,225000.0,Unaccompanied,Pensioner,Secondary / secondary special,Married,Municipal apartment,0.020713,-23973,,-12199.0,-5163,1,0,0,1,0,1,2.0,3,2,WEDNESDAY,8,0,0,0,0,0,0,XNA,0.6087031,0.6446794,1.0,1.0,1.0,1.0,-2412.0,0,0,0,0,1,0,0,0,0,0,0,0,0,0,0,0,0,0,0,0,0.0,0.0,0.0,0.0,0.0,4.0,415548.39375,1662193.575,0.0,0.0,292462.08,877386.24,2.0,0.0,-637.25,-875.0,-558.0,2.0,15.0,12.0,184748.094,203408.69400000002,217.0,-198.12815668202768,-15609.735000000002,0.0,-10.51152,15.0,3358130.985,3401124.795,14.0,0.0
101398,Cash loans,F,N,Y,0,112500.0,675000.0,38880.0,675000.0,Unaccompanied,Pensioner,Secondary / secondary special,Married,House / apartment,0.028663,-22411,,-10264.0,-4814,1,0,0,1,0,0,2.0,2,2,SATURDAY,12,0,0,0,0,0,0,XNA,0.6673897,,0.0,0.0,0.0,0.0,-1144.0,0,0,0,0,1,0,0,0,0,0,0,0,0,0,0,0,0,0,0,0,0.0,0.0,0.0,0.0,0.0,3.0,45000.0,45000.0,0.0,0.0,0.0,0.0,1.0,0.0,-261.0,-261.0,-261.0,1.0,3.0,3.0,83383.5,81868.5,27.0,-401.0600000000001,-10824.660000000002,0.0,-7.9259257,6.0,274068.315,284896.935,3.0,0.0
101399,Cash loans,F,N,N,0,90000.0,360000.0,25731.0,360000.0,Unaccompanied,Working,Secondary / secondary special,Married,House / apartment,0.015221,-15319,-3082.0,-6467.0,-4709,1,1,1,1,0,0,2.0,2,2,TUESDAY,18,0,0,0,1,1,0,Trade: type 7,0.12285951,0.3264752,0.0,0.0,0.0,0.0,-1264.0,0,1,0,0,0,0,0,0,0,0,0,0,0,0,0,0,0,0,0,0,0.0,0.0,0.0,0.0,0.0,3.0,217726.91999999998,870907.6799999999,0.0,0.0,110209.24124999999,440836.96499999997,2.0,0.0,-688.75,-1351.0,-317.0,2.0,14.0,9.0,234921.6,243306.9642857143,210.0,-752.5054285714285,-22500.0,0.0,-4.0380955,56.0,2992677.255,3150703.395,8.0,53.0
101401,Cash loans,M,Y,Y,0,157500.0,1024740.0,55719.0,900000.0,Unaccompanied,Working,Secondary / secondary special,Married,House / apartment,0.018029,-16905,-651.0,-8212.0,-420,1,1,0,1,0,0,2.0,3,3,THURSDAY,12,0,0,0,0,0,0,Self-employed,0.25400093,,0.0,0.0,0.0,0.0,-627.0,0,1,0,0,0,0,0,0,0,0,0,0,0,0,0,0,0,0,0,0,,,,,,,,,,,,,,,,,,,1.0,1.0,121594.5,121594.5,10.0,0.0,0.0,0.0,-17.0,-14.0,138095.91,138095.91,1.0,0.0
101412,Cash loans,F,N,N,0,81000.0,199008.0,19683.0,180000.0,Unaccompanied,Working,Higher education,Married,House / apartment,0.020246,-11543,-1934.0,-4580.0,-2450,1,1,1,1,0,1,2.0,3,3,SUNDAY,10,0,0,0,1,1,0,School,0.18437752,0.6127042,4.0,2.0,4.0,2.0,-1334.0,0,1,0,0,0,0,0,0,0,0,0,0,0,0,0,0,0,0,0,0,0.0,0.0,0.0,0.0,1.0,1.0,47398.5,142195.5,0.0,0.0,0.0,0.0,0.0,0.0,-1094.6666666666667,-1167.0,-951.0,1.0,5.0,4.0,90529.2,101203.2,42.0,-5743.178571428572,-21864.915,0.0,-10.071428,9.0,593326.53,834540.03,4.0,0.0
101426,Cash loans,M,Y,Y,0,157500.0,360000.0,28440.0,360000.0,Unaccompanied,Working,Secondary / secondary special,Civil marriage,House / apartment,0.00733,-19386,-3595.0,-3169.0,-2814,1,1,0,1,1,0,2.0,2,2,TUESDAY,10,0,0,0,0,1,0,Agriculture,0.66068196,0.62630427,0.0,0.0,0.0,0.0,-654.0,0,1,0,0,0,0,0,0,0,0,0,0,0,0,0,0,0,0,0,0,0.0,0.0,0.0,0.0,0.0,1.0,98685.0,296055.0,0.0,0.0,50608.170000000006,151824.51,2.0,0.0,-714.0,-954.0,-593.0,2.0,7.0,1.0,132255.0,133144.7142857143,9.0,0.0,0.0,0.0,-10.666667,-9.0,85736.88,85736.88,1.0,0.0
101427,Cash loans,F,N,Y,0,225000.0,472500.0,37462.5,472500.0,Unaccompanied,Commercial associate,Secondary / secondary special,Single / not married,House / apartment,0.007274,-8413,-1060.0,-8396.0,-1056,1,1,0,1,0,0,1.0,2,2,WEDNESDAY,13,0,0,0,0,1,1,Business Entity Type 3,0.020931607,0.13426542,1.0,1.0,1.0,1.0,-237.0,0,1,0,0,0,0,0,0,0,0,0,0,0,0,0,0,0,0,0,0,0.0,0.0,0.0,0.0,1.0,2.0,96703.38,483516.9,0.0,0.0,41852.97,209264.85,4.0,0.0,-215.2,-453.0,-19.0,2.0,8.0,4.0,39349.125,38054.8125,30.0,0.0,0.0,0.0,-15.533334,0.0,188375.94,188375.94,3.0,0.0
101428,Cash loans,M,Y,Y,0,202500.0,254700.0,20119.5,225000.0,Unaccompanied,Commercial associate,Secondary / secondary special,Civil marriage,House / apartment,0.022625,-11820,-490.0,-2168.0,-3962,1,1,0,1,0,0,2.0,2,2,WEDNESDAY,7,0,0,0,0,0,0,Transport: type 4,0.56032896,0.2580842,0.0,0.0,0.0,0.0,-3098.0,0,1,0,0,0,0,0,0,0,0,0,0,0,0,0,0,0,0,0,0,0.0,0.0,0.0,0.0,0.0,0.0,384973.7727272727,4234711.5,0.0,0.0,147838.9090909091,1626228.0,3.0,0.0,-2000.8181818181818,-2851.0,-740.0,3.0,,,,,,,,,,,,,1.0,0.0
101429,Cash loans,M,N,Y,0,67500.0,225000.0,17905.5,225000.0,Unaccompanied,Pensioner,Secondary / secondary special,Separated,House / apartment,0.01452,-20429,,-7787.0,-3990,1,0,0,1,0,0,1.0,2,2,FRIDAY,7,0,0,0,0,0,0,XNA,0.21904463,,0.0,0.0,0.0,0.0,-137.0,0,1,0,0,0,0,0,0,0,0,0,0,0,0,0,0,0,0,0,0,,,,,,,,,,,,,,,,,,,4.0,2.0,93144.375,93144.375,31.0,217.74193548387098,0.0,5463.765,-16.806452,-2.0,205784.73,199034.73,2.0,0.0
101434,Cash loans,F,N,Y,0,90000.0,550980.0,30897.0,450000.0,Unaccompanied,Working,Secondary / secondary special,Married,House / apartment,0.018634,-18584,-2127.0,-10485.0,-2052,1,1,0,1,0,0,2.0,2,2,FRIDAY,14,0,0,0,0,0,0,Self-employed,0.7189642,0.5513813,2.0,1.0,2.0,1.0,-540.0,0,1,0,0,0,0,0,0,0,0,0,0,0,0,0,0,0,0,0,0,0.0,0.0,0.0,0.0,1.0,0.0,161196.75,161196.75,0.0,0.0,0.0,0.0,0.0,0.0,-358.0,-358.0,-358.0,1.0,1.0,1.0,158175.0,169483.5,8.0,0.0,0.0,0.0,-32.75,-13.0,185454.72,185454.72,1.0,0.0
101440,Cash loans,F,N,Y,0,90000.0,550980.0,43659.0,450000.0,Family,Working,Secondary / secondary special,Married,House / apartment,0.030755,-12360,-688.0,-1350.0,-2372,1,1,0,1,0,1,2.0,2,2,WEDNESDAY,11,0,0,0,0,0,0,Self-employed,0.59135497,,5.0,2.0,5.0,0.0,0.0,0,1,0,0,0,0,0,0,0,0,0,0,0,0,0,0,0,0,0,0,0.0,0.0,0.0,0.0,1.0,0.0,449865.0,449865.0,0.0,0.0,460246.5,460246.5,1.0,0.0,-904.0,-904.0,-904.0,1.0,3.0,2.0,104385.0,107688.0,43.0,0.0,0.0,0.0,-2.4651163,11.0,322824.06,322824.06,1.0,0.0
101448,Cash loans,F,N,Y,0,112500.0,206059.5,17815.5,166500.0,Family,Working,Secondary / secondary special,Married,House / apartment,0.035792,-16647,-3646.0,-75.0,-165,1,1,0,1,0,0,2.0,2,2,TUESDAY,13,0,0,0,0,0,0,Business Entity Type 3,0.5936886,,0.0,0.0,0.0,0.0,-1279.0,0,1,0,0,0,0,0,0,0,0,0,0,0,0,0,0,0,0,0,0,,,,,,,,,,,,,,,,,,,12.0,5.0,81723.75,98428.125,65.0,0.0,0.0,0.0,-8.353847,0.0,643248.855,643248.855,4.0,0.0
101449,Cash loans,F,N,Y,0,157500.0,225000.0,17775.0,225000.0,Unaccompanied,Working,Secondary / secondary special,Widow,House / apartment,0.028663,-19489,-2606.0,-2605.0,-3025,1,1,0,1,1,0,1.0,2,2,THURSDAY,14,0,0,0,0,0,0,School,0.6597597,0.27644068,0.0,0.0,0.0,0.0,0.0,0,1,0,0,0,0,0,0,0,0,0,0,0,0,0,0,0,0,0,0,0.0,0.0,0.0,0.0,1.0,1.0,216636.13636363635,2382997.5,0.0,0.0,146088.0,1168704.0,2.0,0.0,-1105.5454545454545,-2747.0,-346.0,2.0,3.0,3.0,103107.0,105165.0,167.0,-560.5170359281437,-8878.815,0.0,-2.8143713,209.0,672899.805,766506.15,3.0,2.0
101465,Cash loans,F,N,N,0,202500.0,135000.0,14175.0,135000.0,Unaccompanied,Working,Higher education,Single / not married,House / apartment,0.028663,-9924,-1270.0,-2563.0,-2564,1,1,0,1,1,0,1.0,2,2,TUESDAY,10,0,0,0,0,1,1,Bank,0.6713871,0.38762534,6.0,4.0,6.0,4.0,-2293.0,0,1,0,0,0,0,0,0,0,0,0,0,0,0,0,0,0,0,0,0,0.0,0.0,0.0,0.0,0.0,1.0,136443.9375,1091551.5,0.0,0.0,76592.475,382962.375,2.0,0.0,-1526.25,-1902.0,-1023.0,2.0,8.0,6.0,74529.3375,173063.8125,91.0,-1267.4502197802196,-31499.999999999996,0.0,-4.3846154,44.0,961018.74,1076356.71,4.0,35.0
101467,Cash loans,M,Y,Y,2,103500.0,218938.5,22563.0,189000.0,Unaccompanied,Working,Secondary / secondary special,Married,House / apartment,0.01885,-16832,-882.0,-9289.0,-385,1,1,0,1,1,0,4.0,2,2,TUESDAY,15,0,0,0,0,0,0,Government,0.65487343,0.84066653,0.0,0.0,0.0,0.0,-360.0,0,1,0,0,0,0,0,0,0,0,0,0,0,0,0,0,0,0,0,0,0.0,0.0,0.0,0.0,0.0,0.0,270000.0,270000.0,0.0,0.0,,0.0,0.0,0.0,-2593.0,-2593.0,-2593.0,1.0,3.0,2.0,51223.5,53391.0,11.0,0.0,0.0,0.0,-13.181818,-6.0,124857.315,124857.315,1.0,0.0
101472,Cash loans,M,N,N,0,135000.0,119893.5,13041.0,103500.0,Unaccompanied,Working,Secondary / secondary special,Civil marriage,House / apartment,0.00733,-9127,-612.0,-8448.0,-1703,1,1,0,1,0,0,2.0,2,2,WEDNESDAY,13,0,0,0,0,0,0,Self-employed,0.5969233,0.44005784,6.0,0.0,5.0,0.0,0.0,0,1,0,0,0,0,0,0,0,0,0,0,0,0,0,0,0,0,0,0,0.0,0.0,0.0,1.0,0.0,4.0,39390.87,118172.61,0.0,0.0,0.0,0.0,0.0,0.0,-916.0,-1698.0,-289.0,2.0,6.0,3.0,33501.75,38206.5,30.0,-269.0055,-8037.63,0.0,-4.766667,2.0,276328.035,284398.2,3.0,0.0
101478,Cash loans,M,N,Y,0,206100.0,237024.0,12231.0,180000.0,Unaccompanied,Pensioner,Secondary / secondary special,Married,House / apartment,0.025164,-23105,,-1174.0,-5320,1,0,0,1,0,1,2.0,2,2,WEDNESDAY,12,0,0,0,0,0,0,XNA,0.24919991,0.27356467,0.0,0.0,0.0,0.0,-343.0,0,0,0,0,1,0,0,0,0,0,0,0,0,0,0,0,0,0,0,0,0.0,0.0,0.0,0.0,0.0,7.0,444548.25,3556386.0,0.0,0.0,82458.0,494748.0,2.0,0.0,-1757.625,-2373.0,-576.0,1.0,21.0,9.0,226281.42857142858,238569.0,132.0,941.4330681818182,-31776.300000000003,197434.035,-5.719697,14.0,4585437.855,4461168.69,7.0,1.0
101497,Cash loans,F,Y,N,0,247500.0,929088.0,37431.0,720000.0,Unaccompanied,Working,Secondary / secondary special,Separated,House / apartment,0.020713,-19023,-3203.0,-2079.0,-2551,1,1,0,1,0,0,1.0,3,1,TUESDAY,10,0,0,0,0,0,0,Medicine,0.47368672,0.48124933,2.0,1.0,2.0,0.0,-1821.0,0,1,0,0,0,0,0,0,0,0,0,0,0,0,0,0,0,0,0,0,0.0,0.0,0.0,0.0,2.0,2.0,872593.2,4362966.0,0.0,0.0,479814.3,2399071.5,3.0,0.0,-1036.4,-2069.0,-349.0,2.0,4.0,3.0,303958.125,348250.5,43.0,0.0,0.0,0.0,-22.069767,-2.0,1844341.29,1844341.29,3.0,0.0
101504,Cash loans,F,N,Y,0,270000.0,2013840.0,62640.0,1800000.0,,Commercial associate,Secondary / secondary special,Married,House / apartment,0.0228,-19673,-349.0,-569.0,-3208,1,1,0,1,1,0,2.0,2,2,MONDAY,8,0,0,0,0,0,0,Housing,0.48723945,0.14199154,2.0,2.0,2.0,2.0,-2154.0,0,1,0,0,0,0,0,0,0,0,0,0,0,0,0,0,0,0,0,0,0.0,0.0,0.0,0.0,1.0,3.0,278839.575,3624914.475,0.0,0.0,34783.5,417402.0,3.0,0.0,-1648.6923076923076,-2841.0,-180.0,2.0,13.0,5.0,351428.53846153844,475855.6153846154,53.0,7641.509433962264,0.0,173559.33000000002,-10.792453,-1.0,1869672.285,1464672.285,5.0,0.0
101547,Cash loans,F,N,N,0,112500.0,537471.0,58014.0,495000.0,Unaccompanied,Working,Higher education,Married,House / apartment,0.00496,-10579,-3536.0,-6055.0,-2507,1,1,0,1,0,0,2.0,2,2,FRIDAY,12,0,0,0,0,0,0,Business Entity Type 3,0.7651411,,0.0,0.0,0.0,0.0,-646.0,0,1,0,0,0,0,0,0,0,0,0,0,0,0,0,0,0,0,0,0,,,,,,,,,,,,,,,,,,,4.0,3.0,119149.875,130291.875,34.0,0.0,0.0,0.0,-10.264706,-3.0,572665.77,572665.77,3.0,0.0
101548,Cash loans,F,N,Y,2,103500.0,407520.0,29655.0,360000.0,Unaccompanied,Working,Higher education,Married,With parents,0.035792,-11603,-2929.0,-5917.0,-197,1,1,1,1,1,0,4.0,2,2,FRIDAY,11,0,0,0,0,1,1,Business Entity Type 3,0.73105663,0.37233368,0.0,0.0,0.0,0.0,-1453.0,0,1,0,0,0,0,0,0,0,0,0,0,0,0,0,0,0,0,0,0,0.0,0.0,0.0,0.0,1.0,1.0,229500.0,229500.0,0.0,0.0,203422.14,203422.14,1.0,0.0,-225.0,-225.0,-225.0,1.0,11.0,6.0,74669.72727272728,81759.68181818182,68.0,605.2109558823526,-9019.215,109517.48999999999,-7.7058825,67.0,1116675.18,1075520.835,7.0,7.0
101555,Cash loans,F,Y,Y,0,135000.0,103500.0,10998.0,103500.0,Unaccompanied,Working,Higher education,Married,House / apartment,0.018801,-20274,-1874.0,-4281.0,-2371,1,1,0,1,0,0,2.0,2,2,TUESDAY,13,0,0,0,0,1,1,Business Entity Type 1,0.5254719,0.059629656,0.0,0.0,0.0,0.0,-276.0,0,0,0,0,1,0,0,0,0,0,0,0,0,0,0,0,0,0,0,0,0.0,0.0,0.0,0.0,1.0,0.0,201139.03125,3218224.5,0.0,0.0,102107.97375,1225295.685,6.0,0.0,-1070.125,-2911.0,-157.0,2.0,1.0,1.0,27933.75,27931.5,4.0,0.0,0.0,0.0,-30.0,0.0,29247.749999999996,29247.749999999996,1.0,0.0
101570,Cash loans,F,N,N,1,112500.0,900000.0,29034.0,900000.0,Unaccompanied,Working,Secondary / secondary special,Married,House / apartment,0.00963,-15126,-354.0,-8284.0,-4924,1,1,0,1,0,0,3.0,2,2,TUESDAY,7,0,0,0,0,1,1,Postal,0.5032929,0.7662337,0.0,0.0,0.0,0.0,-758.0,0,1,0,0,0,0,0,0,0,0,0,0,0,0,0,0,0,0,0,0,0.0,0.0,0.0,0.0,0.0,2.0,225000.0,675000.0,0.0,0.0,82941.0,248823.0,2.0,0.0,-1710.3333333333333,-2919.0,-1101.0,2.0,1.0,1.0,101925.0,96574.5,6.0,2952.4874999999993,0.0,17705.024999999998,-12.833333,-8.0,123462.13500000001,105747.21,1.0,0.0
101572,Cash loans,F,N,Y,0,189000.0,276277.5,16902.0,238500.0,Unaccompanied,Commercial associate,Secondary / secondary special,Married,Office apartment,0.02461,-17358,-3347.0,-5373.0,-887,1,1,0,1,1,0,2.0,2,2,TUESDAY,11,0,0,0,0,0,0,Government,0.41599262,,0.0,0.0,0.0,0.0,-559.0,0,1,0,0,0,0,0,0,0,0,0,0,0,0,0,0,0,0,0,0,,,,,,,,,,,,,,,,,,,2.0,2.0,198319.5,198319.5,31.0,-314.5514516129032,-8682.48,0.0,-8.354838,3.0,365161.86,374912.95499999996,2.0,0.0
101578,Revolving loans,F,N,Y,0,153747.0,135000.0,6750.0,135000.0,Unaccompanied,Commercial associate,Higher education,Married,House / apartment,0.008474,-14236,-102.0,-308.0,-840,1,1,1,1,0,0,2.0,2,2,THURSDAY,11,1,1,0,1,1,0,Self-employed,0.682339,0.41534716,0.0,0.0,0.0,0.0,0.0,0,0,0,0,0,0,0,0,0,1,0,0,0,0,0,0,0,0,0,0,0.0,0.0,0.0,0.0,0.0,0.0,233242.08,699726.24,0.0,0.0,74869.5,224608.5,1.0,0.0,-379.0,-762.0,-99.0,2.0,,,,,,,,,,,,,,
101580,Cash loans,F,N,Y,0,117000.0,330804.0,14035.5,202500.0,Family,Commercial associate,Secondary / secondary special,Civil marriage,House / apartment,0.031329,-19989,-205.0,-1714.0,-3036,1,1,0,1,0,1,2.0,2,2,MONDAY,11,0,0,0,0,1,1,Self-employed,0.17931546,0.508287,0.0,0.0,0.0,0.0,-373.0,0,1,0,0,0,0,0,0,0,0,0,0,0,0,0,0,0,0,0,0,0.0,0.0,0.0,0.0,1.0,0.0,161454.375,645817.5,0.0,0.0,224511.75,449023.5,1.0,0.0,-1301.75,-1889.0,-619.0,1.0,3.0,3.0,117748.545,120477.045,27.0,-146.30999999999997,-3944.0699999999997,0.0,-3.7037036,2.0,281367.08999999997,285317.46,3.0,0.0
101588,Cash loans,F,Y,Y,3,90000.0,769527.0,32733.0,612000.0,"Spouse, partner",Working,Secondary / secondary special,Married,House / apartment,0.020246,-13027,-443.0,-3735.0,-4914,1,1,0,1,0,1,5.0,3,3,MONDAY,6,0,0,0,0,0,0,Kindergarten,0.5189083,0.26504943,0.0,0.0,0.0,0.0,-1765.0,0,1,0,0,0,0,0,0,0,0,0,0,0,0,0,0,0,0,0,0,0.0,0.0,0.0,0.0,0.0,1.0,107727.75,538638.75,0.0,0.0,39695.625,158782.5,1.0,0.0,-807.8,-2031.0,-104.0,1.0,2.0,2.0,56828.025,53480.25,25.0,-2489.3207999999995,-8554.455,0.0,-10.04,6.0,126157.455,188390.47499999998,2.0,0.0
101602,Cash loans,F,Y,N,0,103500.0,453366.0,29101.5,400500.0,Unaccompanied,Commercial associate,Secondary / secondary special,Single / not married,House / apartment,0.007305,-12308,-846.0,-6421.0,-4322,1,1,0,1,0,1,1.0,3,3,THURSDAY,13,0,0,0,0,0,0,Business Entity Type 3,0.6501334,0.8128226,0.0,0.0,0.0,0.0,-239.0,0,1,0,0,0,0,0,0,0,0,0,0,0,0,0,0,0,0,0,0,0.0,0.0,0.0,0.0,0.0,3.0,18432.0,36864.0,0.0,0.0,0.0,0.0,0.0,0.0,-1869.5,-1870.0,-1869.0,1.0,4.0,3.0,69995.25,68307.75,26.0,0.0,0.0,0.0,-13.153846,0.0,182853.18,182853.18,3.0,0.0
101610,Cash loans,F,Y,N,0,180000.0,315000.0,33205.5,315000.0,"Spouse, partner",Working,Secondary / secondary special,Married,House / apartment,0.003818,-10838,-1343.0,-5166.0,-1697,1,1,1,1,1,0,2.0,2,2,THURSDAY,14,0,0,0,0,0,0,Self-employed,0.4871247,0.37740424,3.0,0.0,3.0,0.0,-1269.0,0,1,0,0,0,0,0,0,0,0,0,0,0,0,0,0,0,0,0,0,0.0,0.0,0.0,0.0,0.0,3.0,481059.43615384615,6253772.67,0.0,0.0,265110.67000000004,2385996.0300000003,5.0,0.0,-936.1538461538462,-1992.0,-165.0,2.0,7.0,3.0,63886.5,78595.71428571429,16.0,1179.4528125,-4515.4800000000005,20364.93,-8.8125,23.0,148542.93,129671.685,3.0,15.0
101614,Cash loans,M,N,N,2,180000.0,1208304.0,54031.5,1080000.0,Unaccompanied,Working,Secondary / secondary special,Married,House / apartment,0.005002,-15438,-2344.0,-6256.0,-4615,1,1,0,1,0,1,4.0,3,3,WEDNESDAY,10,0,0,0,0,1,1,Government,0.6968015,,0.0,0.0,0.0,0.0,-3374.0,0,1,0,0,0,0,0,0,0,0,0,0,0,0,0,0,0,0,0,0,,,,,,,,,,,,,,,,,,,,,,,99.0,0.0,0.0,0.0,-5.080808,0.0,326891.565,326891.565,,
101616,Cash loans,F,N,N,0,58500.0,58500.0,6939.0,58500.0,Unaccompanied,Working,Secondary / secondary special,Married,House / apartment,0.026392,-13674,-1223.0,-1369.0,-4424,1,1,1,1,0,1,2.0,2,2,FRIDAY,18,0,0,0,0,0,0,Kindergarten,0.52746177,0.6075573,0.0,0.0,0.0,0.0,-350.0,0,1,0,0,0,0,0,0,0,0,0,0,0,0,0,0,0,0,0,0,0.0,0.0,0.0,0.0,1.0,1.0,765039.0,2295117.0,0.0,0.0,0.0,0.0,1.0,0.0,-745.6666666666666,-1205.0,-137.0,2.0,4.0,4.0,75451.5,86109.75,23.0,-442.618043478261,-10149.255000000001,0.0,-11.73913,7.0,173238.705,183418.92,3.0,0.0
101643,Cash loans,F,Y,Y,1,202500.0,272520.0,21658.5,225000.0,Unaccompanied,Working,Secondary / secondary special,Married,House / apartment,0.0228,-14718,-1763.0,-1205.0,-1901,1,1,0,1,0,0,3.0,2,2,TUESDAY,7,0,0,0,0,0,0,Self-employed,0.5754066,0.391055,0.0,0.0,0.0,0.0,-108.0,0,1,0,0,0,0,0,0,0,0,0,0,0,0,0,0,0,0,0,0,0.0,0.0,0.0,0.0,0.0,2.0,155416.02500000002,1398744.225,0.0,0.0,49037.67,392301.36,3.0,0.0,-586.3333333333334,-1092.0,-39.0,3.0,15.0,6.0,158226.9,172035.0,38.0,-1184.3550000000002,-18225.0,0.0,-7.5263157,31.0,590975.46,635980.9500000001,6.0,17.0
101644,Cash loans,M,Y,N,0,270000.0,547344.0,28075.5,472500.0,Family,Working,Secondary / secondary special,Married,House / apartment,0.018029,-18962,-10091.0,-5978.0,-2506,1,1,0,1,0,0,2.0,3,3,THURSDAY,7,0,0,0,0,0,0,Other,0.4092142,0.7490217,12.0,0.0,12.0,0.0,-2335.0,0,1,0,0,0,0,0,0,0,0,0,0,0,0,0,0,0,0,0,0,0.0,0.0,0.0,0.0,0.0,1.0,1491888.8076923077,19394554.5,0.0,0.0,95005.63636363637,1045062.0,4.0,0.0,-1218.0,-2170.0,-323.0,2.0,4.0,3.0,45067.5,39958.875,17.0,-323.64529411764715,-5378.9400000000005,0.0,-7.529412,2.0,142658.19,148160.16,3.0,0.0
101649,Cash loans,M,Y,N,0,180000.0,267102.0,27499.5,247500.0,Unaccompanied,Working,Secondary / secondary special,Married,House / apartment,0.010006,-15677,-5857.0,-3670.0,-827,1,1,0,1,0,0,2.0,2,1,THURSDAY,8,0,0,0,0,0,0,Business Entity Type 2,0.23036487,0.44896227,7.0,0.0,7.0,0.0,0.0,0,0,0,0,0,0,1,0,0,0,0,0,0,0,0,0,0,0,0,0,0.0,0.0,0.0,0.0,1.0,2.0,369726.0,2218356.0,0.0,0.0,103509.0,517545.0,1.0,0.0,-1688.1666666666667,-2430.0,-610.0,3.0,6.0,5.0,266324.25,356508.0,137.0,3713.9298175182485,-28844.28,456143.355,-4.927007,18.0,2911195.485,2402387.1,5.0,3.0
101650,Cash loans,F,N,N,0,126000.0,245268.0,19507.5,202500.0,Unaccompanied,Working,Secondary / secondary special,Civil marriage,House / apartment,0.014464,-13504,-1310.0,-6967.0,-5267,1,1,1,1,0,0,2.0,2,2,THURSDAY,2,0,0,0,0,0,0,Business Entity Type 3,0.64226943,,0.0,0.0,0.0,0.0,-970.0,0,1,0,0,0,0,0,0,0,0,0,0,0,0,0,0,0,0,0,0,,,,,,,,,,,,,,,,,,,2.0,2.0,217451.25,229626.0,18.0,0.0,0.0,0.0,-7.5555553,-1.0,280237.545,280237.545,2.0,0.0
101665,Cash loans,F,N,N,0,90000.0,360000.0,15264.0,360000.0,Unaccompanied,Pensioner,Secondary / secondary special,Widow,House / apartment,0.030755,-23007,,-14236.0,-4957,1,0,0,1,0,0,1.0,2,2,TUESDAY,13,0,0,0,0,0,0,XNA,0.7121727,0.74079907,1.0,0.0,1.0,0.0,-2383.0,0,1,0,0,0,0,0,0,0,0,0,0,0,0,0,0,0,0,0,0,0.0,0.0,0.0,0.0,0.0,0.0,104760.0,523800.0,0.0,0.0,0.0,0.0,0.0,0.0,-1330.6,-2038.0,-623.0,1.0,2.0,2.0,33705.0,26219.25,30.0,-725.685,-3979.17,0.0,-7.3333335,16.0,120335.94,142106.49,3.0,12.0
101667,Cash loans,F,N,N,0,135000.0,440784.0,27094.5,360000.0,Unaccompanied,Working,Incomplete higher,Single / not married,With parents,0.007305,-8316,-319.0,-3102.0,-995,1,1,0,1,0,1,1.0,3,3,SATURDAY,12,0,0,0,0,0,0,Other,0.68103415,0.3740208,1.0,0.0,1.0,0.0,-897.0,0,1,0,0,0,0,0,0,0,0,0,0,0,0,0,0,0,0,0,0,0.0,0.0,0.0,0.0,1.0,3.0,276113.25,552226.5,0.0,0.0,0.0,0.0,1.0,0.0,-151.5,-278.0,-25.0,1.0,2.0,1.0,25830.0,24475.5,6.0,0.0,0.0,0.0,-10.5,-8.0,57101.94,57101.94,1.0,0.0
101669,Cash loans,F,N,Y,0,67500.0,98109.0,7267.5,81000.0,Unaccompanied,Pensioner,Higher education,Widow,House / apartment,0.009175,-22166,,-2123.0,-4288,1,0,0,1,0,0,1.0,2,2,FRIDAY,19,0,0,0,0,0,0,XNA,0.713596,0.3016249,0.0,0.0,0.0,0.0,-339.0,0,1,0,0,0,0,0,0,0,0,0,0,0,0,0,0,0,0,0,0,0.0,0.0,0.0,0.0,2.0,5.0,27311.772857142856,764729.64,0.0,0.0,4773.666666666667,128889.0,5.0,0.0,-517.9285714285714,-1208.0,-4.0,3.0,7.0,3.0,75214.28571428571,88918.71428571429,10.0,0.0,0.0,0.0,-16.2,0.0,177964.83000000002,177964.83000000002,2.0,0.0
101674,Cash loans,M,Y,N,1,234000.0,552555.0,30105.0,477000.0,Other_A,Working,Higher education,Separated,With parents,0.008625,-9998,-420.0,-4577.0,-2665,1,1,0,1,0,0,2.0,2,2,TUESDAY,15,1,1,0,1,1,0,Business Entity Type 3,0.4121091,0.51369375,0.0,0.0,0.0,0.0,-638.0,0,0,0,0,0,0,1,0,0,0,0,0,0,0,0,0,0,0,0,0,0.0,0.0,0.0,0.0,1.0,1.0,411449.4,2057247.0,0.0,0.0,219426.3,1097131.5,4.0,0.0,-802.8,-1490.0,-374.0,3.0,2.0,1.0,45747.0,50892.75,18.0,0.0,0.0,0.0,-17.833334,-7.0,109446.75,109446.75,1.0,0.0
101675,Cash loans,F,N,N,0,180000.0,225000.0,22252.5,225000.0,Unaccompanied,Commercial associate,Secondary / secondary special,Single / not married,House / apartment,0.072508,-18309,-2256.0,-2627.0,-1866,1,1,0,1,1,0,1.0,1,1,TUESDAY,12,0,0,0,0,0,0,Self-employed,0.65542185,,0.0,0.0,0.0,0.0,-1282.0,0,1,0,0,0,0,0,0,0,0,0,0,0,0,0,0,0,0,0,0,,,,,,,,,,,,,,,,,,,6.0,6.0,159999.75,164587.5,35.0,0.0,0.0,0.0,-11.2,0.0,675974.835,675974.835,5.0,0.0
101678,Cash loans,F,N,Y,0,171000.0,675000.0,25578.0,675000.0,Unaccompanied,Commercial associate,Secondary / secondary special,Married,Municipal apartment,0.028663,-17673,-3060.0,-220.0,-1204,1,1,0,1,0,0,2.0,2,2,FRIDAY,9,0,0,0,0,0,0,Kindergarten,0.26295283,0.5954562,0.0,0.0,0.0,0.0,-710.0,0,1,0,0,0,0,0,0,0,0,0,0,0,0,0,0,0,0,0,0,0.0,0.0,0.0,0.0,0.0,2.0,228000.0,684000.0,0.0,0.0,128080.5,384241.5,1.0,0.0,-714.6666666666666,-1353.0,-35.0,2.0,3.0,3.0,297283.5,396124.5,150.0,-174.2265,-10228.5,0.0,-2.82,32.0,1771990.29,1798124.265,3.0,27.0
101682,Cash loans,F,N,N,0,135000.0,135000.0,16020.0,135000.0,Unaccompanied,Working,Higher education,Single / not married,House / apartment,0.028663,-9006,-115.0,-2045.0,-1679,1,1,1,1,0,0,1.0,2,2,WEDNESDAY,11,0,0,0,0,0,0,Business Entity Type 3,0.6054743,0.25946766,0.0,0.0,0.0,0.0,-880.0,0,1,0,0,0,0,0,0,0,0,0,0,0,0,0,0,0,0,0,0,0.0,0.0,0.0,0.0,0.0,4.0,116141.78571428571,812992.5,0.0,0.0,42592.5,298147.5,5.0,0.0,-380.42857142857144,-709.0,-174.0,2.0,7.0,4.0,109859.78571428571,111721.5,30.0,0.0,0.0,0.0,-16.066668,0.0,205666.245,205666.245,2.0,0.0
101686,Cash loans,F,N,Y,1,90000.0,177768.0,7960.5,135000.0,Unaccompanied,Working,Secondary / secondary special,Widow,House / apartment,0.030755,-21648,-1425.0,-66.0,-4722,1,1,0,1,0,0,2.0,2,2,TUESDAY,12,0,0,0,0,0,0,Other,0.66583943,0.3893388,0.0,0.0,0.0,0.0,-1415.0,0,1,0,0,0,0,0,0,0,0,0,0,0,0,0,0,0,0,0,0,0.0,0.0,0.0,0.0,1.0,4.0,62002.096875,992033.55,0.0,0.0,2912.8846153846152,37867.5,4.0,0.0,-1343.4375,-2453.0,-557.0,2.0,9.0,6.0,113425.0,123853.5,111.0,0.0,0.0,0.0,-11.333333,0.0,809206.155,809206.155,5.0,0.0
101697,Cash loans,M,N,Y,8,180000.0,389844.0,18751.5,315000.0,Unaccompanied,Working,Secondary / secondary special,Married,House / apartment,0.018209,-12883,-1674.0,-199.0,-3370,1,1,0,1,0,0,10.0,3,3,TUESDAY,4,0,1,1,0,1,1,Transport: type 4,0.5024456,,0.0,0.0,0.0,0.0,-897.0,0,1,0,0,0,0,0,0,0,0,0,0,0,0,0,0,0,0,0,0,,,,,,,,,,,,,,,,,,,3.0,1.0,150000.0,170542.5,6.0,0.0,0.0,0.0,-8.333333,-2.0,56498.13,56498.13,1.0,0.0
101700,Cash loans,F,N,N,1,135000.0,675000.0,36747.0,675000.0,Unaccompanied,Working,Higher education,Married,House / apartment,0.018029,-11642,-2054.0,-1020.0,-1349,1,1,1,1,1,0,3.0,3,3,THURSDAY,5,0,0,0,0,0,0,Business Entity Type 3,0.3919153,0.14287253,2.0,0.0,2.0,0.0,-662.0,0,1,0,0,0,0,0,0,0,0,0,0,0,0,0,0,0,0,0,0,0.0,0.0,0.0,0.0,0.0,2.0,498000.0,1494000.0,0.0,0.0,455916.0,1367748.0,3.0,0.0,-375.6666666666667,-610.0,-208.0,1.0,3.0,1.0,17299.5,12492.0,13.0,-300.5653846153846,-2001.1499999999999,0.0,-4.769231,2.0,46886.04,50793.39,1.0,0.0
101711,Cash loans,M,N,Y,0,90000.0,248760.0,25618.5,225000.0,"Spouse, partner",Pensioner,Secondary / secondary special,Married,House / apartment,0.030755,-24371,,-10264.0,-4186,1,0,0,1,0,0,2.0,2,2,THURSDAY,10,0,0,0,0,0,0,XNA,0.68350387,,3.0,0.0,3.0,0.0,-1242.0,0,0,0,0,1,0,0,0,0,0,0,0,0,0,0,0,0,0,0,0,,,,,,,,,,,,,,,,,,,5.0,3.0,96213.6,107089.2,42.0,0.0,0.0,0.0,-33.761906,1.0,530610.66,530610.66,3.0,0.0
101714,Cash loans,F,N,Y,0,202500.0,906660.0,34308.0,675000.0,Unaccompanied,Pensioner,Secondary / secondary special,Married,House / apartment,0.072508,-20266,,-7378.0,-3822,1,0,0,1,1,0,2.0,1,1,FRIDAY,16,0,0,0,0,0,0,XNA,0.68791497,0.45969045,0.0,0.0,0.0,0.0,-389.0,0,0,0,0,1,0,0,0,0,0,0,0,0,0,0,0,0,0,0,0,0.0,0.0,0.0,0.0,2.0,3.0,82219.77900000001,411098.895,0.0,0.0,17370.9,86854.5,3.0,0.0,-346.2,-555.0,-42.0,2.0,5.0,2.0,49698.0,49761.9,18.0,0.0,0.0,0.0,-14.611111,0.0,161564.26499999998,161564.26499999998,1.0,0.0
101715,Cash loans,F,N,Y,0,112500.0,424255.5,33646.5,346500.0,Unaccompanied,Working,Secondary / secondary special,Married,House / apartment,0.018029,-13065,-348.0,-2746.0,-956,1,1,0,1,0,0,2.0,3,2,FRIDAY,7,0,0,0,0,0,0,Business Entity Type 3,0.4836453,0.27500036,3.0,1.0,3.0,1.0,-1045.0,0,1,0,0,0,0,0,0,0,0,0,0,0,0,0,0,0,0,0,0,0.0,0.0,0.0,0.0,0.0,1.0,117234.9,586174.5,0.0,0.0,34132.5,136530.0,3.0,0.0,-554.4,-927.0,-215.0,2.0,7.0,4.0,100004.14285714286,133930.2857142857,54.0,-360.20750000000004,-7731.0,0.0,-4.240741,34.0,431823.87,451275.07499999995,3.0,0.0
101728,Cash loans,F,N,Y,0,157500.0,543037.5,30451.5,463500.0,Unaccompanied,Commercial associate,Incomplete higher,Widow,Office apartment,0.003122,-17467,-4226.0,-477.0,-1017,1,1,0,1,1,0,1.0,3,3,THURSDAY,13,0,0,0,0,0,0,Self-employed,0.57748353,0.45074728,5.0,1.0,5.0,1.0,-1617.0,0,1,0,0,0,0,0,0,0,0,0,0,0,0,0,0,0,0,0,0,0.0,0.0,0.0,0.0,2.0,2.0,69285.483,346427.415,0.0,0.0,0.0,0.0,0.0,0.0,-1261.0,-1609.0,-847.0,1.0,8.0,4.0,70081.3125,67848.75,52.0,0.0,0.0,0.0,-8.711538,0.0,581185.125,581185.125,4.0,0.0
101732,Cash loans,F,N,Y,0,157500.0,218016.0,17352.0,180000.0,Unaccompanied,Pensioner,Secondary / secondary special,Married,House / apartment,0.035792,-19356,,-971.0,-2267,1,0,0,1,0,1,2.0,2,2,TUESDAY,14,0,0,0,0,0,0,XNA,0.6210216,0.50287825,0.0,0.0,0.0,0.0,-690.0,0,1,0,0,0,0,0,0,0,0,0,0,0,0,0,0,0,0,0,0,0.0,0.0,0.0,0.0,0.0,1.0,266420.7675,1598524.605,0.0,0.0,119347.17,716083.02,4.0,0.0,-621.3333333333334,-945.0,-196.0,2.0,3.0,2.0,70048.5,71940.0,11.0,0.0,0.0,0.0,-39.81818,-15.0,71690.265,71690.265,2.0,0.0
101757,Cash loans,F,N,N,0,94500.0,174132.0,20664.0,157500.0,Unaccompanied,Pensioner,Secondary / secondary special,Civil marriage,House / apartment,0.011703,-23439,,-10725.0,-4641,1,0,0,1,0,0,2.0,2,2,TUESDAY,15,0,0,0,0,0,0,XNA,0.3359861,0.28961125,2.0,1.0,2.0,1.0,-732.0,0,1,0,0,0,0,0,0,0,0,0,0,0,0,0,0,0,0,0,0,0.0,0.0,0.0,0.0,2.0,3.0,168000.0,1512000.0,0.0,0.0,62133.5,559201.5,2.0,0.0,-724.7777777777778,-2626.0,-64.0,3.0,5.0,4.0,175375.8,181420.2,75.0,-3694.2821999999996,-29818.89,0.0,-5.306667,16.0,1098830.025,1375901.19,3.0,5.0
101758,Cash loans,M,Y,Y,1,216000.0,163512.0,10449.0,135000.0,Unaccompanied,Working,Secondary / secondary special,Civil marriage,House / apartment,0.028663,-9198,-1074.0,-806.0,-1626,1,1,1,1,0,1,3.0,2,2,WEDNESDAY,8,0,0,0,0,0,0,Business Entity Type 3,0.58804816,0.5118918,1.0,0.0,1.0,0.0,-803.0,0,0,0,0,0,0,1,0,0,0,0,0,0,0,0,0,0,0,0,0,0.0,0.0,0.0,0.0,0.0,2.0,506119.00499999995,1518357.015,0.0,0.0,384354.0,1153062.0,2.0,0.0,-562.3333333333334,-755.0,-184.0,2.0,2.0,2.0,43976.25,43976.25,17.0,0.0,0.0,0.0,-30.352942,-3.0,96282.045,96282.045,2.0,0.0
101759,Cash loans,F,N,N,1,157500.0,468333.0,30060.0,382500.0,Unaccompanied,Working,Secondary / secondary special,Married,House / apartment,0.00496,-12971,-1774.0,-2704.0,-4319,1,1,0,1,0,0,3.0,2,2,WEDNESDAY,12,0,0,0,0,0,0,Business Entity Type 3,0.6418724,0.5602843,0.0,0.0,0.0,0.0,-1612.0,0,1,0,0,0,0,0,0,0,0,0,0,0,0,0,0,0,0,0,0,0.0,0.0,0.0,0.0,0.0,4.0,62032.5,124065.0,0.0,0.0,27481.5,54963.0,1.0,0.0,-898.0,-1612.0,-184.0,1.0,3.0,3.0,158430.0,193660.5,41.0,-597.8656097560977,-23567.085000000003,0.0,-9.243902,7.0,831311.55,855824.04,3.0,0.0
101762,Cash loans,F,N,N,0,675000.0,941580.0,98874.0,900000.0,Family,Working,Higher education,Married,House / apartment,0.072508,-17231,-2061.0,-7999.0,-774,1,1,0,1,1,0,2.0,1,1,SATURDAY,18,0,0,0,0,0,0,Other,0.6871351,0.45253357,0.0,0.0,0.0,0.0,-1128.0,0,1,0,0,0,0,0,0,0,0,0,0,0,0,0,0,0,0,0,0,0.0,0.0,0.0,0.0,0.0,2.0,591428.5714285715,4140000.0,0.0,0.0,0.0,0.0,3.0,0.0,-2174.285714285714,-2846.0,-288.0,2.0,1.0,1.0,156339.0,156339.0,1.0,0.0,0.0,0.0,-19.0,-19.0,159128.19,159128.19,1.0,0.0
101764,Cash loans,F,N,N,0,157500.0,272520.0,21528.0,225000.0,Unaccompanied,Working,Secondary / secondary special,Married,House / apartment,0.02461,-16063,-2374.0,-9993.0,-4294,1,1,1,1,1,0,2.0,2,2,MONDAY,11,0,0,0,0,0,0,Self-employed,0.61213005,0.5298898,0.0,0.0,0.0,0.0,-1553.0,0,1,0,0,0,0,0,0,0,0,0,0,0,0,0,0,0,0,0,0,0.0,0.0,0.0,0.0,0.0,0.0,636813.9321428572,4457697.525,0.0,0.0,22777.071428571428,159439.5,2.0,0.0,-1242.2857142857142,-1862.0,-251.0,2.0,8.0,8.0,437000.625,476119.6875,126.0,-7831.731071428571,-66003.255,0.0,-4.9920635,29.0,5152997.79,6139795.905,8.0,2.0
101780,Cash loans,M,N,Y,1,225000.0,432990.0,34339.5,382500.0,Unaccompanied,Working,Secondary / secondary special,Married,House / apartment,0.018634,-11006,-542.0,-942.0,-3574,1,1,0,1,0,0,3.0,2,2,SATURDAY,13,0,0,0,0,0,0,Business Entity Type 3,0.35217154,0.2127563,3.0,2.0,3.0,2.0,-767.0,0,0,0,0,0,0,1,0,0,0,0,0,0,0,0,0,0,0,0,0,0.0,0.0,0.0,0.0,2.0,3.0,399162.9,5987443.5,0.0,0.0,65952.96428571429,923341.5,3.0,0.0,-1427.7333333333333,-2905.0,-292.0,3.0,13.0,5.0,26966.76923076923,28487.423076923078,62.0,-267.0706451612903,-6898.05,0.0,-3.7741935,3.0,398294.865,414853.245,4.0,0.0
101784,Cash loans,M,N,Y,1,261000.0,1030680.0,63184.5,900000.0,Unaccompanied,Working,Secondary / secondary special,Civil marriage,House / apartment,0.006629,-19206,-3770.0,-3731.0,-2760,1,1,0,1,0,0,3.0,2,2,SATURDAY,8,0,0,0,0,0,0,Industry: type 9,0.7741961,0.6769925,0.0,0.0,0.0,0.0,-461.0,0,1,0,0,0,0,0,0,0,0,0,0,0,0,0,0,0,0,0,0,0.0,0.0,0.0,0.0,0.0,0.0,239066.25,1434397.5,0.0,0.0,0.0,0.0,2.0,0.0,-1594.8333333333333,-2722.0,-322.0,2.0,1.0,1.0,96741.0,105255.0,4.0,19406.25,0.0,65252.295,-10.0,-7.0,189679.275,112054.275,1.0,0.0
101789,Cash loans,M,Y,Y,0,337500.0,1350000.0,43681.5,1350000.0,Unaccompanied,Commercial associate,Higher education,Married,House / apartment,0.019689,-17447,-3152.0,-3039.0,-879,1,1,0,1,0,0,2.0,2,2,FRIDAY,9,0,0,0,0,0,0,Business Entity Type 3,0.65782297,0.5316861,5.0,1.0,5.0,0.0,-2379.0,0,0,0,0,0,0,1,0,0,0,0,0,0,0,0,0,0,0,0,0,0.0,0.0,0.0,0.0,0.0,0.0,941543.0,8473887.0,0.0,0.0,271997.28750000003,1631983.725,4.0,0.0,-1333.2222222222222,-1786.0,-396.0,2.0,2.0,2.0,72096.12,67781.25,75.0,0.0,0.0,0.0,-2.4533334,0.0,318802.23,318802.23,2.0,0.0
101816,Cash loans,F,N,Y,0,90000.0,420498.0,20358.0,351000.0,Unaccompanied,Pensioner,Secondary / secondary special,Widow,House / apartment,0.025164,-23043,,-3559.0,-4974,1,0,0,1,0,0,1.0,2,2,MONDAY,8,0,0,0,0,0,0,XNA,0.38537917,,0.0,0.0,0.0,0.0,-657.0,0,1,0,0,0,0,0,0,0,0,0,0,0,0,0,0,0,0,0,0,,,,,,,,,,,,,,,,,,,11.0,6.0,221774.72727272726,241089.13636363635,73.0,760.9315068493152,0.0,41331.645000000004,-11.945206,0.0,1310195.115,1254647.115,5.0,0.0
101819,Cash loans,M,Y,Y,0,180000.0,135000.0,11583.0,135000.0,Unaccompanied,Working,Higher education,Married,House / apartment,0.022625,-17681,-452.0,-5965.0,-1215,1,1,0,1,1,0,2.0,2,2,WEDNESDAY,11,0,0,0,0,0,0,Business Entity Type 3,0.67885935,0.49386287,0.0,0.0,0.0,0.0,-1899.0,0,1,0,0,0,0,0,0,0,0,0,0,0,0,0,0,0,0,0,0,0.0,0.0,0.0,0.0,1.0,0.0,893851.5,5363109.0,0.0,0.0,171678.375,686713.5,5.0,0.0,-1026.5,-2801.0,-336.0,3.0,1.0,1.0,64080.0,54751.5,10.0,0.0,0.0,0.0,-31.9,-22.0,77191.965,77191.965,1.0,0.0
101827,Cash loans,F,N,Y,0,112500.0,460692.0,17496.0,301500.0,Unaccompanied,Pensioner,Secondary / secondary special,Married,House / apartment,0.01885,-20853,,-8462.0,-4370,1,0,0,1,1,0,2.0,2,2,THURSDAY,11,0,0,0,0,0,0,XNA,0.76454335,0.6817059,0.0,0.0,0.0,0.0,-371.0,0,1,0,0,0,0,0,0,0,0,0,0,0,0,0,0,0,0,0,0,0.0,0.0,0.0,0.0,0.0,3.0,110118.375,440473.5,0.0,0.0,0.0,0.0,2.0,0.0,-1274.75,-2561.0,-288.0,2.0,3.0,3.0,79651.5,79651.5,21.0,0.0,0.0,0.0,-54.47619,-13.0,149838.39,149838.39,2.0,0.0
101863,Cash loans,M,Y,Y,0,360000.0,225000.0,10822.5,225000.0,Unaccompanied,Commercial associate,Secondary / secondary special,Married,House / apartment,0.018209,-19025,-1578.0,-1858.0,-2543,1,1,0,1,1,0,2.0,3,3,FRIDAY,7,0,1,1,0,1,1,Construction,0.5189083,0.37571102,0.0,0.0,0.0,0.0,-2076.0,0,1,0,0,0,0,0,0,0,0,0,0,0,0,0,0,0,0,0,0,0.0,0.0,0.0,0.0,0.0,3.0,300474.0,901422.0,0.0,0.0,156843.0,470529.0,2.0,0.0,-728.3333333333334,-1663.0,-196.0,2.0,3.0,3.0,103336.38,102435.0,58.0,-924.3496551724137,-8418.419999999998,0.0,-8.568966,5.0,456306.975,509919.25499999995,3.0,0.0
101867,Cash loans,F,N,N,0,144000.0,769896.0,61857.0,720000.0,Unaccompanied,Working,Secondary / secondary special,Married,House / apartment,0.006296,-14883,-2292.0,-2282.0,-2074,1,1,0,1,0,0,2.0,3,3,WEDNESDAY,12,0,1,1,0,1,1,Self-employed,0.63270855,,0.0,0.0,0.0,0.0,0.0,0,1,0,0,0,0,0,0,0,0,0,0,0,0,0,0,0,0,0,0,0.0,0.0,0.0,0.0,1.0,2.0,675000.0,675000.0,0.0,0.0,,0.0,1.0,0.0,-258.0,-258.0,-258.0,1.0,4.0,4.0,360937.125,398428.875,62.0,0.0,0.0,0.0,-12.387096,-2.0,2490213.42,2490213.42,4.0,0.0
101870,Cash loans,F,N,N,0,135000.0,670500.0,38623.5,670500.0,"Spouse, partner",Commercial associate,Secondary / secondary special,Civil marriage,Municipal apartment,0.072508,-14476,-4495.0,-8619.0,-5106,1,1,1,1,1,0,2.0,1,1,SUNDAY,14,0,0,0,0,0,0,Business Entity Type 3,0.69490397,0.7476634,3.0,0.0,3.0,0.0,-501.0,0,1,0,0,0,0,0,0,0,0,0,0,0,0,0,0,0,0,0,0,1.0,0.0,0.0,0.0,0.0,2.0,53641.35,107282.7,0.0,0.0,0.0,0.0,0.0,0.0,-538.0,-634.0,-442.0,1.0,3.0,2.0,59182.5,59182.5,10.0,0.0,0.0,0.0,-12.2,-8.0,145120.455,145120.455,1.0,0.0
101873,Cash loans,M,Y,Y,0,112500.0,407520.0,32328.0,360000.0,Unaccompanied,Commercial associate,Secondary / secondary special,Married,House / apartment,0.035792,-16913,-910.0,-6422.0,-458,1,1,0,1,0,0,2.0,2,2,SATURDAY,10,0,0,0,0,0,0,Business Entity Type 3,0.69083226,0.12931429,0.0,0.0,0.0,0.0,-826.0,0,1,0,0,0,0,0,0,0,0,0,0,0,0,0,0,0,0,0,0,0.0,0.0,0.0,0.0,0.0,0.0,438463.1925,876926.385,0.0,0.0,586490.895,586490.895,1.0,0.0,-1823.0,-2861.0,-785.0,1.0,15.0,3.0,197202.9,233139.6,133.0,-1117.3977067669175,-28195.605,0.0,-5.338346,27.0,1251643.86,1400257.7550000001,2.0,0.0
101878,Cash loans,M,Y,Y,1,292500.0,393543.0,20223.0,328500.0,Unaccompanied,State servant,Higher education,Married,House / apartment,0.00963,-14872,-1577.0,-7598.0,-5222,1,1,0,1,0,1,3.0,2,2,THURSDAY,12,0,0,0,0,0,0,Housing,0.2934296,0.30314636,1.0,0.0,1.0,0.0,-1544.0,0,1,0,0,0,0,0,0,0,0,0,0,0,0,0,0,0,0,0,0,0.0,0.0,0.0,0.0,1.0,2.0,443186.55,5318238.6,0.0,0.0,143790.5,1294114.5,6.0,0.0,-729.3333333333334,-1395.0,-61.0,2.0,5.0,5.0,95190.3,101251.8,18.0,0.0,0.0,0.0,-13.777778,-1.0,551739.285,551739.285,4.0,0.0
101879,Cash loans,F,Y,N,0,225000.0,986418.0,45837.0,810000.0,Unaccompanied,Pensioner,Secondary / secondary special,Married,House / apartment,0.018801,-22737,,-299.0,-4512,1,0,0,1,0,1,2.0,2,2,SATURDAY,11,0,0,0,0,0,0,XNA,0.37476578,0.6801388,12.0,0.0,12.0,0.0,-1785.0,0,1,0,0,0,0,0,0,0,0,0,0,0,0,0,0,0,0,0,0,0.0,0.0,0.0,0.0,1.0,5.0,350756.24,3156806.16,0.0,0.0,25911.0,207288.0,2.0,0.0,-1503.5555555555557,-2900.0,-178.0,1.0,11.0,6.0,329497.74818181817,373630.5,179.0,-396.59480446927375,-45327.195,0.0,-13.659218,2.0,6723913.5,6794903.97,6.0,0.0
101880,Cash loans,F,Y,Y,0,360000.0,819000.0,39532.5,819000.0,"Spouse, partner",Commercial associate,Secondary / secondary special,Married,House / apartment,0.04622,-14831,-879.0,-324.0,-2381,1,1,0,1,0,0,2.0,1,1,SATURDAY,17,0,1,1,0,0,0,Business Entity Type 3,0.7229718,0.6006575,0.0,0.0,0.0,0.0,-1715.0,0,1,0,0,0,0,0,0,0,0,0,0,0,0,0,0,0,0,0,0,0.0,0.0,0.0,0.0,0.0,0.0,2085300.0,10426500.0,0.0,0.0,147107.25,588429.0,2.0,0.0,-985.2,-1810.0,-128.0,2.0,14.0,6.0,237490.39285714287,301346.6785714286,84.0,3059.3592857142853,-1040.175,221444.72999999998,-9.785714,7.0,3006305.145,2749318.965,4.0,0.0
101887,Cash loans,M,N,Y,1,247500.0,1094688.0,39451.5,945000.0,Unaccompanied,Working,Incomplete higher,Married,House / apartment,0.04622,-9535,-328.0,-4248.0,-1764,1,1,0,1,0,1,3.0,1,1,THURSDAY,16,0,1,1,0,0,0,Business Entity Type 3,0.6741936,0.27788568,1.0,0.0,1.0,0.0,-703.0,0,1,0,0,0,0,0,0,0,0,0,0,0,0,0,0,0,0,0,0,0.0,0.0,0.0,0.0,0.0,0.0,452259.1575,1809036.63,0.0,0.0,320292.0,1281168.0,2.0,0.0,-978.25,-1361.0,-577.0,2.0,1.0,1.0,104103.0,105903.0,8.0,0.0,0.0,0.0,-46.25,-6.0,119831.805,119831.805,1.0,0.0
101897,Cash loans,F,N,N,0,90000.0,539100.0,26064.0,450000.0,Unaccompanied,Pensioner,Secondary / secondary special,Widow,House / apartment,0.005002,-21011,,-10155.0,-4432,1,0,0,1,1,0,1.0,3,3,MONDAY,13,0,0,0,0,0,0,XNA,0.54850423,0.79226446,0.0,0.0,0.0,0.0,-240.0,0,0,0,0,1,0,0,0,0,0,0,0,0,0,0,0,0,0,0,0,0.0,0.0,0.0,0.0,1.0,0.0,172500.0,517500.0,0.0,0.0,0.0,0.0,0.0,0.0,-2632.6666666666665,-2863.0,-2422.0,1.0,1.0,1.0,144787.5,139765.5,6.0,0.0,0.0,0.0,-21.833334,-15.0,155853.9,155853.9,1.0,0.0
101901,Cash loans,F,Y,Y,1,135000.0,509400.0,32683.5,450000.0,Unaccompanied,Working,Higher education,Married,House / apartment,0.020246,-12158,-175.0,-2045.0,-1514,1,1,0,1,0,1,3.0,3,3,THURSDAY,9,0,0,0,0,0,0,Medicine,0.26291046,0.40661743,0.0,0.0,0.0,0.0,-2734.0,0,1,0,0,0,0,0,0,0,0,0,0,0,0,0,0,0,0,0,0,0.0,0.0,0.0,0.0,0.0,0.0,189000.0,378000.0,0.0,0.0,0.0,0.0,0.0,0.0,-1056.0,-1267.0,-845.0,2.0,3.0,2.0,54883.5,55435.5,13.0,-790.4215384615384,-6527.879999999999,0.0,-10.0,3.0,156319.875,166595.35499999998,2.0,0.0
101903,Cash loans,M,Y,Y,0,135000.0,265500.0,17869.5,265500.0,Unaccompanied,Working,Secondary / secondary special,Single / not married,With parents,0.018209,-8318,-1335.0,-8318.0,-995,1,1,0,1,0,1,1.0,3,3,THURSDAY,11,0,0,0,0,0,0,Self-employed,0.11330639,0.47225335,0.0,0.0,0.0,0.0,-883.0,0,1,0,0,0,0,0,0,0,0,0,0,0,0,0,0,0,0,0,0,0.0,0.0,0.0,0.0,1.0,1.0,118516.2075,237032.415,0.0,0.0,70668.0,141336.0,1.0,0.0,-500.5,-907.0,-94.0,1.0,1.0,1.0,121923.0,135634.5,35.0,-1920.387857142857,-5971.5,0.0,-8.6285715,7.0,146626.425,213840.0,1.0,0.0
101920,Cash loans,M,Y,Y,0,360000.0,958225.5,92529.0,904500.0,Unaccompanied,Working,Secondary / secondary special,Married,House / apartment,0.020246,-21989,-6189.0,-9684.0,-5257,1,1,0,1,1,0,2.0,3,3,TUESDAY,6,0,0,0,0,0,0,Other,0.62867975,0.58674,6.0,0.0,5.0,0.0,-797.0,0,1,0,0,0,0,0,0,0,0,0,0,0,0,0,0,0,0,0,0,0.0,0.0,0.0,0.0,1.0,1.0,1068270.0,6409620.0,0.0,0.0,226776.6,1133883.0,2.0,0.0,-923.0,-1705.0,-176.0,1.0,1.0,1.0,334228.5,334228.5,16.0,0.0,0.0,0.0,-28.6875,2.0,450590.04,450590.04,1.0,0.0
101921,Cash loans,F,N,Y,2,157500.0,1575000.0,65128.5,1575000.0,"Spouse, partner",Working,Secondary / secondary special,Married,House / apartment,0.030755,-13547,-400.0,-2691.0,-1696,1,1,0,1,0,0,4.0,2,2,FRIDAY,11,0,0,0,0,0,0,Self-employed,0.6046173,0.66263777,0.0,0.0,0.0,0.0,-2625.0,0,1,0,0,0,0,0,0,0,0,0,0,0,0,0,0,0,0,0,0,0.0,0.0,0.0,0.0,0.0,2.0,302791.095,302791.095,0.0,0.0,0.0,0.0,0.0,0.0,-907.0,-907.0,-907.0,1.0,4.0,3.0,116033.625,115471.125,26.0,0.0,0.0,0.0,-23.384615,-1.0,281084.31,281084.31,3.0,0.0
101922,Cash loans,M,N,Y,2,121500.0,172597.5,8433.0,117000.0,Unaccompanied,Pensioner,Secondary / secondary special,Married,House / apartment,0.01885,-22360,,-1876.0,-5063,1,0,0,1,0,1,4.0,2,2,FRIDAY,12,0,0,0,0,0,0,XNA,0.6248739,0.7776594,0.0,0.0,0.0,0.0,-1597.0,0,0,0,0,1,0,0,0,0,0,0,0,0,0,0,0,0,0,0,0,0.0,0.0,0.0,0.0,0.0,5.0,174372.75,348745.5,0.0,0.0,0.0,0.0,0.0,0.0,-1717.5,-2076.0,-1359.0,1.0,12.0,11.0,216826.28625,248108.03625,125.0,-1071.99612,-29875.86,0.0,-10.152,3.0,3755774.385,3889773.9,10.0,0.0
101961,Cash loans,M,Y,N,0,94500.0,265500.0,16965.0,265500.0,Unaccompanied,Working,Incomplete higher,Single / not married,With parents,0.019101,-8155,-1543.0,-2540.0,-86,1,1,0,1,0,0,1.0,2,2,MONDAY,11,0,0,0,0,1,1,Business Entity Type 3,0.39812356,,2.0,1.0,2.0,1.0,-224.0,0,0,0,0,0,0,0,1,0,0,0,0,0,0,0,0,0,0,0,0,,,,,,,,,,,,,,,,,,,13.0,5.0,67265.65384615384,68863.5,38.0,0.0,0.0,0.0,-4.8421054,0.0,370668.825,370668.825,4.0,0.0
101962,Cash loans,M,N,Y,1,202500.0,112500.0,11812.5,112500.0,Unaccompanied,Working,Higher education,Married,House / apartment,0.020246,-11237,-2196.0,-8070.0,-3488,1,1,1,1,1,0,3.0,3,3,WEDNESDAY,3,0,0,0,0,0,0,Telecom,0.7051115,0.5424451,1.0,0.0,1.0,0.0,-2232.0,0,1,0,0,0,0,0,0,0,0,0,0,0,0,0,0,0,0,0,0,0.0,0.0,0.0,0.0,0.0,0.0,152522.9296875,2440366.875,0.0,0.0,0.0,0.0,2.0,0.0,-1702.5625,-2893.0,-296.0,2.0,11.0,5.0,43868.43818181818,66198.68181818182,129.0,0.0,0.0,0.0,-4.131783,7.0,679709.79,679709.79,6.0,4.0
101971,Cash loans,M,Y,N,0,135000.0,454500.0,19386.0,454500.0,Unaccompanied,Working,Secondary / secondary special,Married,House / apartment,0.020713,-15752,-2918.0,-4353.0,-4851,1,1,0,1,1,0,2.0,3,2,FRIDAY,14,0,0,0,0,0,0,Construction,0.6116834,,0.0,0.0,0.0,0.0,-1433.0,0,1,0,0,0,0,0,0,0,0,0,0,0,0,0,0,0,0,0,0,,,,,,,,,,,,,,,,,,,5.0,5.0,1194300.0,1201725.0,70.0,0.0,0.0,0.0,-7.1857142,0.0,5232242.835,5232242.835,4.0,0.0
101976,Cash loans,M,N,N,0,171000.0,407520.0,32328.0,360000.0,Unaccompanied,Working,Secondary / secondary special,Separated,House / apartment,0.025164,-13400,-305.0,-7490.0,-4571,1,1,0,1,0,0,1.0,2,2,TUESDAY,12,0,0,0,0,0,0,Business Entity Type 3,0.25132117,,1.0,0.0,1.0,0.0,0.0,0,1,0,0,0,0,0,0,0,0,0,0,0,0,0,0,0,0,0,0,,,,,,,,,,,,,,,,,,,2.0,1.0,51750.0,141498.0,29.0,-1426.729655172414,-8352.18,0.0,-6.862069,17.0,198031.68,239406.84,1.0,2.0
102002,Cash loans,F,N,Y,0,225000.0,729792.0,39721.5,630000.0,Unaccompanied,Working,Secondary / secondary special,Married,House / apartment,0.006207,-11698,-2928.0,-89.0,-2402,1,1,0,1,0,1,2.0,2,2,THURSDAY,11,0,0,0,0,0,0,Self-employed,0.5988738,0.5298898,6.0,0.0,6.0,0.0,-969.0,0,1,0,0,0,0,0,0,0,0,0,0,0,0,0,0,0,0,0,0,0.0,0.0,0.0,0.0,2.0,0.0,143730.0,718650.0,0.0,0.0,29224.8,146124.0,4.0,0.0,-577.2,-1444.0,-30.0,2.0,2.0,2.0,57384.0,52492.5,24.0,-1881.9243749999998,-8242.875,0.0,-6.125,26.0,130341.825,175508.01,2.0,14.0
102005,Cash loans,F,N,Y,1,189000.0,1354500.0,47209.5,1354500.0,Unaccompanied,Commercial associate,Higher education,Married,House / apartment,0.019101,-15009,-92.0,-1375.0,-3527,1,1,0,1,0,0,3.0,2,2,MONDAY,18,0,0,0,1,0,1,Business Entity Type 3,0.63634455,0.62630427,3.0,1.0,3.0,1.0,-1066.0,0,1,0,0,0,0,0,0,0,0,0,0,0,0,0,0,0,0,0,0,0.0,0.0,0.0,0.0,0.0,0.0,65773.5,197320.5,0.0,0.0,0.0,0.0,0.0,0.0,-1270.3333333333333,-1444.0,-1106.0,1.0,3.0,2.0,81883.5,73695.0,15.0,0.0,0.0,0.0,-11.6,0.0,227763.405,227763.405,2.0,0.0
102007,Cash loans,M,N,N,0,162000.0,332946.0,17127.0,238500.0,Unaccompanied,Working,Secondary / secondary special,Married,House / apartment,0.010147,-16743,-3105.0,-6998.0,-293,1,1,0,1,0,0,2.0,2,2,TUESDAY,13,0,0,0,0,0,0,Postal,0.03842667,0.14024319,0.0,0.0,0.0,0.0,-1162.0,0,1,0,0,0,0,0,0,0,0,0,0,0,0,0,0,0,0,0,0,0.0,0.0,0.0,0.0,0.0,0.0,99786.21428571429,698503.5,0.0,0.0,45683.07000000001,274098.42000000004,4.0,0.0,-1108.2857142857142,-2433.0,-378.0,2.0,8.0,5.0,154290.538125,186338.97562500002,124.0,1306.4516129032259,0.0,139875.525,-14.2338705,22.0,1473902.55,1311902.55,3.0,7.0
102017,Cash loans,F,N,Y,0,216000.0,539100.0,22968.0,450000.0,Unaccompanied,Working,Higher education,Widow,House / apartment,0.006207,-19443,-3395.0,-11525.0,-2981,1,1,0,1,0,1,1.0,2,2,WEDNESDAY,13,0,0,0,0,0,0,Self-employed,0.7506269,0.6722429,0.0,0.0,0.0,0.0,-3356.0,0,1,0,0,0,0,0,0,0,0,0,0,0,0,0,0,0,0,0,0,0.0,0.0,0.0,0.0,1.0,2.0,144584.06625,578336.265,0.0,0.0,0.0,0.0,0.0,0.0,-1692.0,-2393.0,-789.0,1.0,2.0,1.0,62145.0,71248.5,110.0,-101.98595454545455,-11092.275,0.0,-2.8818183,14.0,817242.435,828460.89,1.0,4.0
102019,Cash loans,M,N,Y,2,180000.0,481176.0,24696.0,360000.0,Unaccompanied,Working,Secondary / secondary special,Married,House / apartment,0.009175,-16107,-651.0,-1531.0,-3773,1,1,0,1,0,0,4.0,2,2,THURSDAY,13,0,0,0,0,0,0,Self-employed,0.74235094,0.07546094,2.0,0.0,2.0,0.0,-537.0,0,1,0,0,0,0,0,0,0,0,0,0,0,0,0,0,0,0,0,0,0.0,0.0,0.0,0.0,1.0,1.0,85500.0,342000.0,0.0,0.0,74285.3925,297141.57,4.0,0.0,-287.5,-382.0,-153.0,2.0,3.0,3.0,124635.0,126088.5,12.0,0.0,0.0,0.0,-8.75,-3.0,116166.19499999999,116166.19499999999,2.0,0.0
102029,Cash loans,F,N,Y,0,112500.0,296280.0,23539.5,225000.0,Unaccompanied,State servant,Secondary / secondary special,Married,Municipal apartment,0.009334,-16965,-3162.0,-7437.0,-521,1,1,0,1,1,0,2.0,2,2,FRIDAY,18,0,0,0,0,0,0,Medicine,0.7610536,0.79813725,7.0,0.0,7.0,0.0,-2616.0,0,1,0,0,0,0,0,0,0,0,0,0,0,0,0,0,0,0,0,0,0.0,0.0,0.0,0.0,0.0,0.0,69494.625,138989.25,0.0,0.0,0.0,0.0,0.0,0.0,-1170.5,-1824.0,-517.0,1.0,5.0,4.0,43475.4,140325.3,91.0,0.0,0.0,0.0,-4.659341,4.0,587654.685,587654.685,3.0,0.0
102051,Cash loans,F,N,Y,2,180000.0,450000.0,23107.5,450000.0,Unaccompanied,Commercial associate,Secondary / secondary special,Civil marriage,House / apartment,0.001276,-9963,-786.0,-918.0,-2382,1,1,1,1,1,0,4.0,2,2,FRIDAY,7,0,0,0,0,0,0,Other,0.04336207,0.5424451,7.0,0.0,7.0,0.0,-671.0,0,1,0,0,0,0,0,0,0,0,0,0,0,0,0,0,0,0,0,0,0.0,0.0,0.0,0.0,0.0,2.0,163769.7225,982618.335,0.0,0.0,59186.195999999996,295930.98,4.0,0.0,-742.0,-1530.0,-239.0,2.0,2.0,2.0,92452.5,91692.0,10.0,0.0,0.0,0.0,-8.8,-2.0,220662.675,220662.675,2.0,0.0
102052,Cash loans,F,N,N,2,126000.0,289597.5,14062.5,234000.0,Unaccompanied,Commercial associate,Secondary / secondary special,Married,House / apartment,0.005313,-14412,-1846.0,-8394.0,-5264,1,1,0,1,0,0,4.0,2,2,THURSDAY,12,0,0,0,0,0,0,Business Entity Type 3,0.73065233,0.63637614,0.0,0.0,0.0,0.0,-2130.0,0,1,0,0,0,0,0,0,0,0,0,0,0,0,0,0,0,0,0,0,0.0,0.0,0.0,0.0,1.0,0.0,338777.5909090909,3726553.5,0.0,0.0,203682.68181818182,2240509.5,3.0,0.0,-1352.3636363636363,-2627.0,-206.0,2.0,2.0,2.0,51232.5,29704.5,9.0,0.0,0.0,0.0,-11.444445,-1.0,68611.59,68611.59,2.0,0.0
102054,Cash loans,M,Y,Y,3,315000.0,738108.0,45283.5,630000.0,Unaccompanied,Working,Higher education,Married,House / apartment,0.030755,-13717,-4243.0,-4439.0,-4443,1,1,0,1,0,0,5.0,2,2,THURSDAY,14,0,0,0,0,1,1,Construction,0.5813896,0.6430256,1.0,0.0,1.0,0.0,-877.0,0,0,0,0,0,0,1,0,0,0,0,0,0,0,0,0,0,0,0,0,0.0,0.0,0.0,0.0,1.0,1.0,2173725.0,4347450.0,0.0,0.0,1379886.75,2759773.5,2.0,0.0,-479.5,-594.0,-365.0,2.0,1.0,1.0,112495.5,73435.5,11.0,-796.6227272727273,-7814.25,0.0,-6.3636365,2.0,87599.02500000001,96361.875,1.0,0.0
102062,Cash loans,M,N,Y,0,72000.0,225000.0,14508.0,225000.0,Unaccompanied,Working,Secondary / secondary special,Married,House / apartment,0.01885,-16160,-4716.0,-7637.0,-4350,1,1,1,1,1,0,2.0,2,2,TUESDAY,16,0,0,0,0,0,0,Self-employed,0.6654257,0.43296167,1.0,1.0,1.0,1.0,-1530.0,0,1,0,0,0,0,0,0,0,0,0,0,0,0,0,0,0,0,0,0,0.0,0.0,0.0,0.0,0.0,1.0,102060.0,408240.0,0.0,0.0,0.0,0.0,1.0,0.0,-1039.0,-1504.0,-392.0,2.0,3.0,3.0,91498.5,81651.0,28.0,-3311.0999999999995,-11779.154999999999,0.0,-5.928571,30.0,197359.425,290070.225,2.0,4.0
102067,Cash loans,M,N,Y,0,166500.0,431280.0,22149.0,360000.0,Unaccompanied,Pensioner,Secondary / secondary special,Single / not married,House / apartment,0.01885,-22140,,-12255.0,-4229,1,0,0,1,0,0,1.0,2,2,THURSDAY,11,0,0,0,0,0,0,XNA,0.2167973,0.5100895,1.0,0.0,1.0,0.0,-441.0,0,1,0,0,0,0,0,0,0,0,0,0,0,0,0,0,0,0,0,0,0.0,0.0,0.0,0.0,1.0,2.0,80782.875,646263.0,0.0,0.0,24341.0625,194728.5,3.0,0.0,-924.5,-1384.0,-576.0,2.0,4.0,2.0,60251.625,60823.125,29.0,0.0,0.0,0.0,-5.5172415,0.0,380337.3,380337.3,1.0,0.0
102068,Cash loans,M,Y,Y,2,180000.0,195543.0,13198.5,148500.0,Unaccompanied,Working,Higher education,Married,House / apartment,0.025164,-14921,-1754.0,-559.0,-4965,1,1,0,1,0,0,4.0,2,2,THURSDAY,11,0,0,0,0,0,0,Business Entity Type 3,0.26980707,0.5726825,0.0,0.0,0.0,0.0,-2154.0,0,1,0,0,0,0,0,0,0,0,0,0,0,0,0,0,0,0,0,0,0.0,0.0,0.0,0.0,2.0,4.0,246760.07142857142,1727320.5,0.0,0.0,201679.875,806719.5,2.0,0.0,-623.1428571428571,-1284.0,-65.0,2.0,12.0,5.0,199453.125,239731.125,96.0,-201.26062500000003,-9579.69,0.0,-25.760416,8.0,1791225.0,1810546.02,4.0,0.0
102070,Cash loans,F,N,Y,0,247500.0,1107612.0,47677.5,990000.0,Unaccompanied,Working,Higher education,Married,House / apartment,0.009175,-13659,-996.0,-4740.0,-4774,1,1,1,1,0,0,2.0,2,2,WEDNESDAY,14,1,1,0,1,1,0,Trade: type 3,0.61681306,0.3539876,0.0,0.0,0.0,0.0,-1.0,0,0,0,0,0,0,0,0,0,1,0,0,0,0,0,0,0,0,0,0,0.0,0.0,0.0,0.0,0.0,0.0,13425.0,40275.0,0.0,0.0,0.0,0.0,1.0,0.0,-1788.3333333333333,-2843.0,-761.0,2.0,,,,,,,,,,,,,,
102090,Cash loans,F,N,N,0,90000.0,360000.0,18378.0,360000.0,Unaccompanied,Pensioner,Secondary / secondary special,Widow,House / apartment,0.019689,-23459,,-4140.0,-4731,1,0,0,1,1,0,1.0,2,2,MONDAY,15,0,0,0,1,0,0,XNA,0.12418291,0.61782616,0.0,0.0,0.0,0.0,-7.0,0,1,0,0,0,0,0,0,0,0,0,0,0,0,0,0,0,0,0,0,0.0,0.0,0.0,0.0,1.0,0.0,98113.5,98113.5,0.0,0.0,0.0,0.0,0.0,0.0,-441.0,-441.0,-441.0,1.0,1.0,1.0,57600.0,57600.0,8.0,0.0,0.0,0.0,-11.125,-8.0,44891.28,44891.28,1.0,0.0
102092,Cash loans,M,N,N,0,180000.0,88618.5,10021.5,76500.0,Unaccompanied,Working,Incomplete higher,Single / not married,House / apartment,0.026392,-8644,-1310.0,-3080.0,-1300,1,1,0,1,0,0,1.0,2,2,TUESDAY,17,0,0,0,1,1,0,Bank,0.57411325,0.37233368,1.0,0.0,0.0,0.0,-1082.0,0,1,0,0,0,0,0,0,0,0,0,0,0,0,0,0,0,0,0,0,0.0,0.0,0.0,0.0,1.0,2.0,47878.5,143635.5,0.0,0.0,5077.5,15232.5,2.0,0.0,-493.3333333333333,-822.0,-204.0,2.0,6.0,3.0,63002.25,61202.25,28.0,1179.1687500000003,-2686.5,12002.580000000002,-9.035714,3.0,194316.525,161299.80000000002,3.0,3.0
102099,Cash loans,M,Y,Y,0,157500.0,247500.0,19683.0,247500.0,,Working,Secondary / secondary special,Married,House / apartment,0.026392,-9211,-926.0,-9211.0,-1690,1,1,0,1,0,0,2.0,2,2,MONDAY,13,0,0,0,1,1,0,Business Entity Type 3,0.56712675,0.3656165,0.0,0.0,0.0,0.0,-965.0,0,1,0,0,0,0,0,0,0,0,0,0,0,0,0,0,0,0,0,0,0.0,0.0,0.0,0.0,0.0,2.0,246561.0,739683.0,0.0,0.0,262925.48250000004,525850.9650000001,3.0,0.0,-376.0,-681.0,-106.0,2.0,2.0,2.0,74664.0,80561.25,21.0,1477.3757142857144,-2480.58,28858.050000000003,-19.52381,4.0,143398.44,112373.55,1.0,0.0
102100,Cash loans,F,Y,Y,1,382500.0,2156400.0,67063.5,1800000.0,Family,Commercial associate,Higher education,Married,House / apartment,0.072508,-16513,-593.0,-10134.0,-27,1,1,0,1,0,1,3.0,1,1,WEDNESDAY,13,0,0,0,0,0,0,Transport: type 4,0.6732178,0.4974689,1.0,0.0,1.0,0.0,-475.0,0,1,0,0,0,0,0,0,0,0,0,0,0,0,0,0,0,0,0,0,0.0,0.0,0.0,0.0,0.0,1.0,211208.4,211208.4,0.0,0.0,0.0,0.0,0.0,0.0,-268.0,-268.0,-268.0,1.0,1.0,1.0,70691.535,56556.0,11.0,0.0,0.0,0.0,-19.818182,3.0,68202.99,68202.99,1.0,0.0
102112,Cash loans,F,N,Y,0,180000.0,632664.0,46165.5,540000.0,Unaccompanied,Working,Secondary / secondary special,Single / not married,House / apartment,0.010276,-11219,-636.0,-5328.0,-1906,1,1,0,1,0,0,1.0,2,2,SATURDAY,12,0,0,0,0,0,0,Kindergarten,0.70330316,,1.0,0.0,1.0,0.0,-579.0,0,1,0,0,0,0,0,0,0,0,0,0,0,0,0,0,0,0,0,0,,,,,,,,,,,,,,,,,,,10.0,2.0,220495.5,275659.2,6.0,0.0,0.0,0.0,-10.5,-2.0,615907.4400000001,615907.4400000001,2.0,0.0
102113,Cash loans,F,N,N,1,112500.0,202500.0,10467.0,202500.0,Unaccompanied,Working,Higher education,Single / not married,House / apartment,0.00823,-10104,-313.0,-4639.0,-2772,1,1,0,1,0,1,2.0,2,2,WEDNESDAY,16,0,0,0,0,0,0,Trade: type 7,0.539478,0.6109913,2.0,0.0,2.0,0.0,-11.0,0,1,0,0,0,0,0,0,0,0,0,0,0,0,0,0,0,0,0,0,0.0,0.0,0.0,0.0,0.0,0.0,139575.0,418725.0,0.0,0.0,0.0,0.0,0.0,0.0,-1046.0,-1310.0,-699.0,1.0,3.0,1.0,29151.0,26235.0,12.0,0.0,0.0,0.0,-14.0,-11.0,94362.48,94362.48,1.0,0.0
102122,Cash loans,F,Y,Y,0,180000.0,454500.0,36040.5,454500.0,Unaccompanied,Working,Secondary / secondary special,Separated,House / apartment,0.015221,-19463,-7698.0,-9544.0,-2985,1,1,0,1,0,0,1.0,2,2,FRIDAY,8,0,0,0,1,0,1,Self-employed,0.2762829,0.23922628,3.0,0.0,3.0,0.0,-315.0,0,1,0,0,0,0,0,0,0,0,0,0,0,0,0,0,0,0,0,0,0.0,0.0,0.0,0.0,2.0,0.0,222517.58250000002,2670210.99,0.0,0.0,77343.5,696091.5,4.0,0.0,-961.8333333333334,-2656.0,-168.0,2.0,2.0,2.0,71406.0,73129.5,12.0,0.0,0.0,0.0,-8.083333,1.0,105203.92499999999,105203.92499999999,2.0,0.0
102123,Cash loans,F,N,N,0,148500.0,1350000.0,41904.0,1350000.0,Unaccompanied,Working,Secondary / secondary special,Married,House / apartment,0.028663,-22825,-11015.0,-5057.0,-1635,1,1,1,1,1,0,2.0,2,2,THURSDAY,14,0,0,0,0,0,0,Medicine,0.14797132,0.6956219,6.0,0.0,6.0,0.0,-539.0,0,0,0,0,1,0,0,0,0,0,0,0,0,0,0,0,0,0,0,0,0.0,0.0,0.0,0.0,0.0,2.0,751234.725,6009877.8,0.0,0.0,157305.2142857143,1101136.5,4.0,0.0,-1068.625,-1486.0,-579.0,2.0,2.0,1.0,553500.0,620770.5,12.0,0.0,0.0,0.0,-22.583334,-19.0,478825.425,478825.425,1.0,0.0
102125,Cash loans,M,Y,Y,0,225000.0,817560.0,30951.0,675000.0,Family,Pensioner,Secondary / secondary special,Married,House / apartment,0.030755,-17774,,-7671.0,-1320,1,0,0,1,0,0,2.0,2,2,MONDAY,10,0,0,0,0,0,0,XNA,0.60451275,0.5937176,0.0,0.0,0.0,0.0,-654.0,0,1,0,0,0,0,0,0,0,0,0,0,0,0,0,0,0,0,0,0,0.0,0.0,0.0,0.0,1.0,2.0,90524.7,452623.5,0.0,0.0,42723.0,213615.0,1.0,0.0,-626.4,-1165.0,-194.0,1.0,4.0,2.0,135131.625,135131.625,20.0,0.0,0.0,0.0,-13.5,-3.0,273043.035,273043.035,2.0,0.0
102126,Cash loans,M,Y,Y,0,90000.0,479799.0,24628.5,400500.0,Unaccompanied,Commercial associate,Lower secondary,Married,House / apartment,0.019101,-11692,-2838.0,-958.0,-3849,1,1,0,1,0,0,2.0,2,2,TUESDAY,16,0,0,0,0,0,0,University,0.4576097,0.26504943,4.0,2.0,4.0,1.0,-121.0,0,0,0,0,0,0,1,0,0,0,0,0,0,0,0,0,0,0,0,0,0.0,0.0,0.0,0.0,1.0,7.0,90000.0,90000.0,0.0,0.0,0.0,0.0,1.0,0.0,-20.0,-20.0,-20.0,1.0,10.0,7.0,97256.25,106795.8,78.0,-796.8998076923077,-21684.78,0.0,-7.717949,25.0,1166471.145,1228629.33,7.0,0.0
102146,Cash loans,M,Y,Y,1,157500.0,112500.0,11943.0,112500.0,Family,Working,Higher education,Married,House / apartment,0.006296,-11520,-376.0,-5047.0,-3721,1,1,1,1,1,0,3.0,3,3,FRIDAY,10,0,0,0,0,0,0,Military,0.53101945,,2.0,0.0,2.0,0.0,-923.0,0,1,0,0,0,0,0,0,0,0,0,0,0,0,0,0,0,0,0,0,,,,,,,,,,,,,,,,,,,6.0,6.0,92212.5,79920.75,30.0,0.0,0.0,0.0,-11.033334,-3.0,372806.235,372806.235,5.0,0.0
102147,Cash loans,F,N,Y,0,103500.0,404325.0,20772.0,337500.0,Unaccompanied,Working,Secondary / secondary special,Married,House / apartment,0.006008,-17529,-10292.0,-10328.0,-1071,1,1,0,1,0,0,2.0,2,2,FRIDAY,9,0,0,0,0,0,0,Housing,0.55492395,0.28224844,3.0,0.0,3.0,0.0,-766.0,0,1,0,0,0,0,0,0,0,0,0,0,0,0,0,0,0,0,0,0,0.0,0.0,0.0,0.0,0.0,4.0,75860.3745,758603.745,0.0,0.0,29274.75,292747.5,5.0,0.0,-482.3,-1803.0,-28.0,3.0,7.0,4.0,102251.57142857143,106834.5,23.0,0.0,0.0,0.0,-8.304348,0.0,262979.685,262979.685,3.0,0.0
102151,Cash loans,F,Y,Y,1,90000.0,360000.0,18508.5,360000.0,Unaccompanied,Working,Secondary / secondary special,Married,House / apartment,0.01885,-10575,-2428.0,-2143.0,-2147,1,1,1,1,0,0,3.0,2,2,TUESDAY,14,0,0,0,0,1,1,Kindergarten,0.45272368,0.71949077,0.0,0.0,0.0,0.0,-2138.0,0,1,0,0,0,0,0,0,0,0,0,0,0,0,0,0,0,0,0,0,0.0,0.0,0.0,0.0,0.0,2.0,206658.81818181818,2273247.0,0.0,0.0,174976.3125,1399810.5,3.0,0.0,-1044.6363636363637,-1973.0,-280.0,2.0,5.0,3.0,296916.3,321391.8,23.0,-183.16760869565215,-4192.875,0.0,-6.478261,275.0,146333.115,150545.97,5.0,251.0
102158,Cash loans,F,N,N,0,301500.0,630000.0,32296.5,630000.0,Unaccompanied,State servant,Higher education,Civil marriage,House / apartment,0.00702,-15616,-3218.0,-3843.0,-4688,1,1,1,1,1,0,2.0,2,2,MONDAY,11,0,0,0,0,0,0,Bank,0.1879289,0.2692858,5.0,0.0,5.0,0.0,-1901.0,0,1,0,0,0,0,0,0,0,0,0,0,0,0,0,0,0,0,0,0,0.0,0.0,0.0,0.0,0.0,5.0,467050.5,4670505.0,0.0,0.0,203341.05,2033410.5,7.0,0.0,-739.6,-1273.0,-57.0,2.0,10.0,8.0,434691.0,461275.65,64.0,7031.347734375,0.0,402007.86,-7.5,0.0,4267554.4350000005,3817548.18,8.0,0.0
102159,Cash loans,F,N,Y,1,135000.0,300046.5,10246.5,196366.5,Other_B,Working,Secondary / secondary special,Widow,House / apartment,0.031329,-19111,-2439.0,-10095.0,-2659,1,1,0,1,1,0,2.0,2,2,THURSDAY,11,0,0,0,0,0,0,Government,0.5575634,0.48665315,4.0,0.0,4.0,0.0,-1455.0,0,1,0,0,0,0,0,0,0,0,0,0,0,0,0,0,0,0,0,0,0.0,0.0,0.0,0.0,1.0,0.0,182162.0,1639458.0,0.0,0.0,79364.5,714280.5,3.0,0.0,-941.6666666666666,-2698.0,-161.0,2.0,3.0,2.0,46891.215000000004,42391.215000000004,12.0,-499.035,-5986.26,0.0,-5.3333335,2.0,63420.03,69408.45,2.0,0.0
102162,Cash loans,F,Y,Y,1,135000.0,269982.0,28480.5,238500.0,Unaccompanied,Commercial associate,Higher education,Married,House / apartment,0.005084,-10600,-2274.0,-351.0,-662,1,1,0,1,0,0,3.0,2,2,SATURDAY,14,0,0,0,0,0,0,Medicine,0.6274077,0.17770407,0.0,0.0,0.0,0.0,-574.0,0,1,0,0,0,0,0,0,0,0,0,0,0,0,0,0,0,0,0,0,0.0,0.0,0.0,0.0,0.0,1.0,412875.0,1651500.0,0.0,0.0,10625.625,42502.5,1.0,0.0,-343.5,-525.0,-281.0,2.0,1.0,1.0,57280.5,62320.5,8.0,0.0,0.0,0.0,-25.0,0.0,68130.945,68130.945,1.0,0.0
102165,Cash loans,M,Y,N,0,292500.0,1800000.0,56002.5,1800000.0,Unaccompanied,Commercial associate,Incomplete higher,Married,House / apartment,0.01452,-11106,-424.0,-1381.0,-3545,1,1,0,1,0,0,2.0,2,2,TUESDAY,15,0,0,0,0,0,0,Transport: type 4,0.67558026,0.31859553,2.0,0.0,2.0,0.0,-652.0,0,1,0,0,0,0,0,0,0,0,0,0,0,0,0,0,0,0,0,0,0.0,0.0,0.0,0.0,0.0,1.0,369607.302,1848036.51,0.0,0.0,281874.6,1409373.0,2.0,0.0,-1770.0,-2833.0,-167.0,2.0,1.0,1.0,130995.0,117895.5,10.0,0.0,0.0,0.0,-5.5,0.0,130994.37,130994.37,1.0,0.0
102166,Cash loans,F,N,Y,0,135000.0,172021.5,18193.5,148500.0,Unaccompanied,Working,Secondary / secondary special,Separated,House / apartment,0.018634,-17822,-4054.0,-8057.0,-1376,1,1,0,1,0,0,1.0,2,2,FRIDAY,17,0,0,0,0,0,0,Self-employed,0.5802236,0.6956219,0.0,0.0,0.0,0.0,-1161.0,0,1,0,0,0,0,0,0,0,0,0,0,0,0,0,0,0,0,0,0,0.0,0.0,0.0,0.0,0.0,3.0,137076.75,274153.5,0.0,0.0,30210.75,60421.5,1.0,0.0,-1671.0,-1794.0,-1548.0,1.0,6.0,3.0,118200.0,143444.25,26.0,1903.8461538461538,0.0,16215.75,-12.653846,-4.0,467886.60000000003,418386.60000000003,3.0,0.0
102174,Cash loans,F,N,N,0,112500.0,225000.0,23184.0,225000.0,Unaccompanied,Commercial associate,Secondary / secondary special,Single / not married,House / apartment,0.018209,-16075,-1013.0,-5106.0,-4690,1,1,1,1,1,0,1.0,3,3,MONDAY,18,0,0,0,0,0,0,Self-employed,0.41351378,0.79813725,1.0,0.0,1.0,0.0,-2836.0,0,1,0,0,0,0,0,0,0,0,0,0,0,0,0,0,0,0,0,0,0.0,0.0,0.0,0.0,0.0,3.0,84801.6,424008.0,0.0,0.0,0.0,0.0,0.0,0.0,-1694.8,-2796.0,-851.0,1.0,5.0,4.0,106651.8,104957.1,68.0,0.0,0.0,0.0,-5.9852943,0.0,970266.15,970266.15,3.0,0.0
102193,Cash loans,M,N,Y,0,135000.0,382050.0,27801.0,337500.0,Other_B,Commercial associate,Secondary / secondary special,Married,House / apartment,0.018801,-20351,-1486.0,-4757.0,-3044,1,1,0,1,0,0,2.0,2,2,TUESDAY,9,0,0,0,1,1,0,Business Entity Type 3,0.106776394,0.6109913,0.0,0.0,0.0,0.0,-1887.0,0,1,0,0,0,0,0,0,0,0,0,0,0,0,0,0,0,0,0,0,0.0,0.0,0.0,0.0,1.0,5.0,126000.0,378000.0,0.0,0.0,49806.0,149418.0,2.0,0.0,-1006.0,-2437.0,-171.0,2.0,11.0,4.0,171220.5,232363.63636363635,106.0,-903.3049528301885,-23488.155,0.0,-1.0943396,33.0,1541733.795,1637484.1199999999,3.0,8.0
102198,Cash loans,M,N,Y,0,94500.0,1226700.0,39703.5,900000.0,"Spouse, partner",Pensioner,Secondary / secondary special,Married,House / apartment,0.020246,-20772,,-10369.0,-4311,1,0,0,1,0,0,2.0,3,3,MONDAY,11,0,0,0,0,0,0,XNA,0.4598793,0.75440615,2.0,0.0,2.0,0.0,-2059.0,0,0,0,0,1,0,0,0,0,0,0,0,0,0,0,0,0,0,0,0,0.0,0.0,0.0,0.0,0.0,1.0,154914.375,1394229.375,0.0,0.0,0.0,0.0,1.0,0.0,-1579.5555555555557,-2921.0,-731.0,2.0,1.0,1.0,112500.0,109602.0,10.0,0.0,0.0,0.0,-10.5,0.0,121746.42,121746.42,1.0,0.0
102205,Cash loans,F,N,Y,0,292500.0,495000.0,25402.5,495000.0,Family,Commercial associate,Secondary / secondary special,Married,House / apartment,0.00702,-17231,-3166.0,-6376.0,-774,1,1,0,1,0,0,2.0,2,2,TUESDAY,12,0,0,0,0,0,0,Self-employed,0.4025753,0.31859553,3.0,2.0,3.0,1.0,-3340.0,0,1,0,0,0,0,0,0,0,0,0,0,0,0,0,0,0,0,0,0,0.0,0.0,0.0,0.0,0.0,0.0,240507.0,3367098.0,0.0,0.0,151050.8076923077,1963660.5,6.0,0.0,-538.2857142857143,-1601.0,-31.0,1.0,28.0,3.0,156560.19910714286,184913.78303571427,18.0,0.0,0.0,0.0,-18.666666,-8.0,139917.825,139917.825,3.0,0.0
102206,Cash loans,F,N,N,1,112500.0,225000.0,16132.5,225000.0,Unaccompanied,Working,Secondary / secondary special,Civil marriage,House / apartment,0.025164,-15977,-9271.0,-9181.0,-4878,1,1,1,1,1,0,3.0,2,2,WEDNESDAY,10,0,0,0,0,0,0,University,0.75227696,0.6041126,2.0,0.0,2.0,0.0,-2005.0,0,1,0,0,0,0,0,0,0,0,0,0,0,0,0,0,0,0,0,0,0.0,0.0,0.0,0.0,1.0,4.0,128157.75,512631.0,0.0,0.0,0.0,0.0,1.0,0.0,-1503.25,-2572.0,-575.0,2.0,17.0,11.0,97544.64705882352,115547.29411764706,53.0,2122.6576415094337,0.0,98275.635,-24.962265,0.0,974615.04,862114.1849999999,8.0,0.0
102218,Cash loans,F,N,N,0,90000.0,786528.0,43915.5,720000.0,Unaccompanied,Commercial associate,Secondary / secondary special,Married,House / apartment,0.00702,-17825,-909.0,-9788.0,-1372,1,1,1,1,0,0,2.0,2,2,TUESDAY,14,0,0,0,0,0,0,Self-employed,0.497509,0.7688076,6.0,1.0,6.0,1.0,-2389.0,0,1,0,0,0,0,0,0,0,0,0,0,0,0,0,0,0,0,0,0,0.0,0.0,0.0,0.0,0.0,4.0,134118.5175,1072948.14,0.0,0.0,4083.8464285714285,28586.925,2.0,0.0,-1742.875,-2893.0,-330.0,2.0,4.0,2.0,112432.5,117856.125,26.0,-436.3269230769231,-5666.49,0.0,-9.846154,7.0,397797.48000000004,409141.98000000004,3.0,0.0
102221,Cash loans,F,N,N,0,157500.0,522396.0,29299.5,472500.0,Unaccompanied,Working,Secondary / secondary special,Married,House / apartment,0.035792,-16002,-2736.0,-8276.0,-2845,1,1,0,1,0,0,2.0,2,2,FRIDAY,11,0,0,0,0,0,0,Self-employed,0.5875448,0.45789954,0.0,0.0,0.0,0.0,-2555.0,0,1,0,0,0,0,0,0,0,0,0,0,0,0,0,0,0,0,0,0,0.0,0.0,0.0,0.0,1.0,3.0,97147.035,777176.28,0.0,0.0,19874.25,119245.5,1.0,0.0,-1583.25,-2185.0,-195.0,2.0,4.0,2.0,226113.75,242130.375,21.0,-999.2378571428571,-17580.375,0.0,-6.904762,29.0,315072.135,336056.13,2.0,4.0
102230,Cash loans,M,Y,Y,0,270000.0,646389.0,31225.5,558000.0,Unaccompanied,Working,Secondary / secondary special,Married,House / apartment,0.072508,-18198,-694.0,-3437.0,-1741,1,1,0,1,0,1,2.0,1,1,TUESDAY,17,0,0,0,0,0,0,Transport: type 4,0.6618722,0.37064964,1.0,0.0,1.0,0.0,-1242.0,0,0,0,0,0,0,1,0,0,0,0,0,0,0,0,0,0,0,0,0,0.0,0.0,0.0,0.0,1.0,0.0,473954.20875,7583267.34,0.0,0.0,135949.185,2039237.775,6.0,0.0,-1188.1875,-2705.0,-69.0,2.0,5.0,3.0,68265.54000000001,122121.54,88.0,0.0,0.0,0.0,-6.9772725,6.0,1172681.46,1172681.46,2.0,0.0
102238,Cash loans,M,Y,Y,1,225000.0,823882.5,86512.5,787500.0,Unaccompanied,Commercial associate,Secondary / secondary special,Married,House / apartment,0.00963,-10655,-1244.0,-5170.0,-3192,1,1,0,1,0,0,3.0,2,2,FRIDAY,15,0,0,0,0,0,0,Business Entity Type 3,0.23323077,0.6144144,0.0,0.0,0.0,0.0,-1242.0,0,1,0,0,0,0,0,0,0,0,0,0,0,0,0,0,0,0,0,0,0.0,0.0,0.0,0.0,1.0,5.0,48417.27,145251.81,0.0,0.0,0.0,0.0,1.0,0.0,-1560.0,-2626.0,-812.0,1.0,10.0,6.0,207806.85,214583.85,34.0,31500.0,0.0,521589.28500000003,-15.588235,0.0,3221669.475,2150669.475,5.0,0.0
102248,Cash loans,F,N,Y,0,360000.0,675000.0,29862.0,675000.0,Unaccompanied,Pensioner,Higher education,Separated,House / apartment,0.04622,-23110,,-3321.0,-5138,1,0,0,1,0,1,1.0,1,1,TUESDAY,17,0,0,0,0,0,0,XNA,0.65757686,0.21885908,1.0,0.0,1.0,0.0,-59.0,0,0,0,0,1,0,0,0,0,0,0,0,0,0,0,0,0,0,0,0,0.0,0.0,0.0,0.0,1.0,0.0,241332.0,2171988.0,82.0,738.0,41862.29,376760.61,3.0,0.0,-856.5555555555555,-1846.0,-372.0,2.0,4.0,4.0,143536.39875,139968.29249999998,34.0,-3631.7355882352945,-30429.81,0.0,-13.088235,15.0,321757.47000000003,445236.48000000004,3.0,13.0
102252,Cash loans,F,N,Y,0,54000.0,292500.0,23238.0,292500.0,Unaccompanied,Commercial associate,Secondary / secondary special,Married,House / apartment,0.015221,-10517,-3198.0,-958.0,-2477,1,1,0,1,1,0,2.0,2,2,THURSDAY,15,0,0,0,0,1,1,Medicine,0.0077315583,0.49566582,4.0,3.0,4.0,2.0,-1303.0,0,1,0,0,0,0,0,0,0,0,0,0,0,0,0,0,0,0,0,0,0.0,0.0,0.0,0.0,1.0,2.0,81066.55500000001,486399.33,0.0,0.0,0.0,0.0,0.0,0.0,-732.5,-1301.0,-340.0,1.0,3.0,3.0,89100.0,93099.0,36.0,-1413.5425,-8548.74,0.0,-11.0,22.0,338863.185,389750.71499999997,3.0,0.0
102259,Cash loans,F,N,Y,0,112500.0,314055.0,13329.0,238500.0,Unaccompanied,Pensioner,Secondary / secondary special,Widow,House / apartment,0.002134,-19036,,-312.0,-2063,1,0,0,1,0,0,1.0,3,3,WEDNESDAY,11,0,0,0,0,0,0,XNA,0.6822063,,10.0,0.0,9.0,0.0,-233.0,0,0,0,0,1,0,0,0,0,0,0,0,0,0,0,0,0,0,0,0,,,,,,,,,,,,,,,,,,,1.0,1.0,97200.0,105754.5,7.0,0.0,0.0,0.0,-9.714286,-8.0,87933.51000000001,87933.51000000001,1.0,0.0
102262,Cash loans,M,N,N,0,103500.0,675000.0,21775.5,675000.0,Unaccompanied,State servant,Secondary / secondary special,Married,House / apartment,0.005144,-12943,-3421.0,-801.0,-343,1,1,0,1,0,0,2.0,2,2,SATURDAY,17,0,0,0,0,1,1,Medicine,0.58468026,0.2636468,0.0,0.0,0.0,0.0,-2681.0,0,1,0,0,0,0,0,0,0,0,0,0,0,0,0,0,0,0,0,0,0.0,0.0,0.0,0.0,0.0,0.0,159386.11200000002,796930.56,0.0,0.0,119646.9225,478587.69,5.0,0.0,-508.0,-1277.0,-17.0,2.0,3.0,3.0,39747.0,37314.0,16.0,0.0,0.0,0.0,-13.125,-4.0,90632.565,90632.565,2.0,0.0
102273,Cash loans,M,N,Y,0,112500.0,195543.0,14359.5,148500.0,Unaccompanied,Pensioner,Higher education,Widow,House / apartment,0.006671,-23062,,-10583.0,-4749,1,0,0,1,0,1,1.0,2,2,TUESDAY,14,0,0,0,0,0,0,XNA,0.24770546,0.6690567,3.0,1.0,3.0,0.0,-167.0,0,0,0,0,1,0,0,0,0,0,0,0,0,0,0,0,0,0,0,0,0.0,0.0,0.0,0.0,1.0,0.0,78603.3,393016.5,0.0,0.0,16669.8,83349.0,2.0,0.0,-919.2,-1208.0,-629.0,2.0,2.0,2.0,21618.0,20009.25,13.0,-533.0942307692308,-2796.705,0.0,-10.384615,4.0,41921.055,48851.28,2.0,0.0
102286,Cash loans,F,N,N,0,103500.0,454500.0,17131.5,454500.0,Unaccompanied,Pensioner,Secondary / secondary special,Widow,House / apartment,0.028663,-22247,,-7965.0,-2159,1,0,0,1,1,0,1.0,2,2,THURSDAY,16,0,0,0,0,0,0,XNA,0.0670403,0.41359675,3.0,0.0,3.0,0.0,-2110.0,0,0,0,0,1,0,0,0,0,0,0,0,0,0,0,0,0,0,0,0,0.0,0.0,0.0,0.0,1.0,1.0,212331.6,1061658.0,0.0,0.0,208546.5,625639.5,3.0,0.0,-594.4,-1253.0,-196.0,2.0,2.0,2.0,108876.15,116257.5,34.0,0.0,0.0,0.0,1.2647059,26.0,371589.615,371589.615,2.0,21.0
102293,Cash loans,F,N,Y,0,135000.0,225000.0,22050.0,225000.0,Unaccompanied,Commercial associate,Secondary / secondary special,Married,House / apartment,0.026392,-18701,-1204.0,-10710.0,-2256,1,1,0,1,0,0,2.0,2,2,WEDNESDAY,16,0,0,0,0,1,1,Business Entity Type 3,0.64894366,0.7062051,6.0,0.0,6.0,0.0,-1909.0,0,1,0,0,0,0,0,0,0,0,0,0,0,0,0,0,0,0,0,0,0.0,0.0,0.0,0.0,0.0,2.0,165756.55875,1989078.705,0.0,0.0,36023.4,360234.0,4.0,0.0,-1370.5833333333333,-2368.0,-270.0,2.0,4.0,3.0,96285.375,105358.5,15.0,2430.0,0.0,9125.325,-15.266666,-10.0,160551.585,124101.585,2.0,0.0
102294,Cash loans,F,Y,Y,2,112500.0,479700.0,51790.5,450000.0,Unaccompanied,Working,Higher education,Married,House / apartment,0.010966,-13939,-273.0,-1286.0,-3170,1,1,0,1,0,1,4.0,2,2,MONDAY,13,0,0,0,0,0,0,Business Entity Type 3,0.64636874,,0.0,0.0,0.0,0.0,-411.0,0,1,0,0,0,0,0,0,0,0,0,0,0,0,0,0,0,0,0,0,,,,,,,,,,,,,,,,,,,9.0,3.0,225500.0,242674.5,26.0,16625.24653846154,-68936.265,227399.08500000002,-7.3461537,2.0,2203865.37,1771608.96,2.0,2.0
102296,Cash loans,F,N,Y,0,135000.0,900000.0,57649.5,900000.0,Unaccompanied,Commercial associate,Secondary / secondary special,Married,House / apartment,0.010006,-14452,-2162.0,-2886.0,-4849,1,1,1,1,1,0,2.0,2,2,SUNDAY,16,0,0,0,0,0,0,Self-employed,0.4199132,,0.0,0.0,0.0,0.0,-1179.0,0,1,0,0,0,0,0,0,0,0,0,0,0,0,0,0,0,0,0,0,0.0,0.0,0.0,0.0,1.0,2.0,450000.0,450000.0,0.0,0.0,450000.0,450000.0,1.0,0.0,-747.0,-747.0,-747.0,1.0,2.0,2.0,562500.0,601704.0,162.0,-4627.018888888889,-44188.604999999996,0.0,-3.5864198,6.0,1909133.91,2658710.9699999997,2.0,6.0
102298,Cash loans,F,N,Y,1,112500.0,622413.0,33894.0,495000.0,Family,Working,Secondary / secondary special,Married,House / apartment,0.018634,-11668,-338.0,-11642.0,-4264,1,1,0,1,0,0,3.0,2,2,TUESDAY,10,0,0,0,1,1,0,Trade: type 7,0.44138864,0.7463002,1.0,0.0,1.0,0.0,-889.0,0,1,0,0,0,0,0,0,0,0,0,0,0,0,0,0,0,0,0,0,0.0,0.0,0.0,0.0,0.0,0.0,,,,,,,,,,,,,1.0,1.0,137677.5,137677.5,13.0,-988.0996153846154,-6952.95,0.0,-14.846154,7.0,154130.355,166975.65,1.0,0.0
102303,Cash loans,F,N,Y,0,315000.0,1800000.0,74416.5,1800000.0,Family,Working,Higher education,Married,House / apartment,0.010643,-20276,-3868.0,-6199.0,-3224,1,1,0,1,0,0,2.0,2,2,TUESDAY,12,0,1,1,0,0,0,Other,0.5830651,,1.0,0.0,1.0,0.0,-1722.0,0,1,0,0,0,0,0,0,0,0,0,0,0,0,0,0,0,0,0,0,,,,,,,,,,,,,,,,,,,6.0,4.0,311992.5,408885.0,140.0,0.0,0.0,0.0,-5.242857,6.0,4229437.5,4229437.5,3.0,0.0
102309,Cash loans,M,Y,Y,0,135000.0,420588.0,32679.0,360000.0,Family,Working,Secondary / secondary special,Married,House / apartment,0.01885,-19723,-2198.0,-5768.0,-3268,1,1,1,1,1,1,2.0,2,2,MONDAY,11,0,0,0,0,0,0,Industry: type 7,0.55678105,0.7136314,0.0,0.0,0.0,0.0,0.0,0,1,0,0,0,0,0,0,0,0,0,0,0,0,0,0,0,0,0,0,0.0,0.0,0.0,0.0,0.0,4.0,35748.0,35748.0,0.0,0.0,0.0,0.0,0.0,0.0,-1366.0,-1366.0,-1366.0,1.0,6.0,6.0,157905.0,256667.25,70.0,-5993.15142857143,-34555.05,0.0,-12.642858,7.0,1348923.96,1768444.56,6.0,0.0
102315,Cash loans,F,Y,Y,1,180000.0,234000.0,12825.0,234000.0,Family,Working,Higher education,Civil marriage,House / apartment,0.018209,-12910,-1465.0,-6899.0,-5127,1,1,0,1,0,0,3.0,3,3,FRIDAY,9,0,0,0,0,0,0,Kindergarten,0.39621255,0.39794633,0.0,0.0,0.0,0.0,-475.0,0,0,0,0,1,0,0,0,0,0,0,0,0,0,0,0,0,0,0,0,0.0,0.0,0.0,0.0,1.0,8.0,176979.018,2654685.27,0.0,0.0,103528.22727272728,1138810.5,3.0,0.0,-1413.9333333333334,-2264.0,-184.0,2.0,20.0,2.0,313483.05,348357.15,35.0,-193.54114285714286,-5100.84,0.0,-3.942857,3.0,549343.395,556117.335,2.0,0.0
102340,Cash loans,M,N,Y,0,157500.0,345510.0,17770.5,247500.0,Unaccompanied,Pensioner,Secondary / secondary special,Separated,House / apartment,0.04622,-18806,,-570.0,-2121,1,0,0,1,0,1,1.0,1,1,FRIDAY,10,0,0,0,0,0,0,XNA,0.78387654,0.5902333,2.0,0.0,2.0,0.0,-1051.0,0,0,0,0,1,0,0,0,0,0,0,0,0,0,0,0,0,0,0,0,0.0,0.0,0.0,0.0,1.0,3.0,259500.0,778500.0,0.0,0.0,173014.5,519043.5,3.0,0.0,-498.3333333333333,-959.0,-268.0,2.0,4.0,3.0,197482.5,233205.75,37.0,-832.4610810810813,-14318.775000000001,0.0,-10.189189,3.0,649012.545,679813.605,3.0,2.0
102342,Cash loans,F,N,Y,0,67500.0,572292.0,23107.5,472500.0,Children,Pensioner,Secondary / secondary special,Married,House / apartment,0.018029,-21815,,-7710.0,-4481,1,0,0,1,0,0,2.0,3,3,THURSDAY,8,0,0,0,0,0,0,XNA,0.2377225,0.44539624,4.0,3.0,4.0,1.0,0.0,0,1,0,0,0,0,0,0,0,0,0,0,0,0,0,0,0,0,0,0,0.0,0.0,0.0,0.0,1.0,3.0,0.0,0.0,0.0,0.0,0.0,0.0,1.0,0.0,-481.0,-481.0,-481.0,1.0,3.0,2.0,36871.5,38796.0,10.0,0.0,0.0,0.0,-17.8,-16.0,83911.725,83911.725,1.0,0.0
102344,Cash loans,F,N,Y,0,117000.0,225000.0,23184.0,225000.0,Unaccompanied,Pensioner,Secondary / secondary special,Single / not married,House / apartment,0.019101,-24303,,-4238.0,-4804,1,0,0,1,0,0,1.0,2,2,FRIDAY,8,0,0,0,0,0,0,XNA,0.3345387,,0.0,0.0,0.0,0.0,-909.0,0,0,0,0,1,0,0,0,0,0,0,0,0,0,0,0,0,0,0,0,,,,,,,,,,,,,,,,,,,7.0,4.0,38025.0,38173.5,51.0,-176.32941176470587,-4428.764999999999,0.0,-15.392157,4.0,333019.755,342012.555,5.0,0.0
102346,Cash loans,M,Y,Y,1,202500.0,712944.0,36531.0,567000.0,Unaccompanied,Working,Secondary / secondary special,Married,House / apartment,0.005313,-12540,-552.0,-1107.0,-2492,1,1,0,1,0,0,3.0,2,2,THURSDAY,16,0,0,0,0,1,1,Business Entity Type 3,0.44978878,0.6463299,2.0,0.0,1.0,0.0,-2093.0,0,1,0,0,0,0,0,0,0,0,0,0,0,0,0,0,0,0,0,0,0.0,0.0,0.0,0.0,1.0,2.0,486015.0,4374135.0,0.0,0.0,326562.2935714285,2285936.0549999997,2.0,0.0,-1522.0,-2795.0,-257.0,1.0,6.0,6.0,318564.17250000004,318273.0,31.0,0.0,0.0,0.0,-8.580646,0.0,2011830.1649999998,2011830.1649999998,5.0,0.0
102347,Cash loans,F,N,N,0,56700.0,67500.0,7087.5,67500.0,Unaccompanied,Pensioner,Secondary / secondary special,Married,House / apartment,0.031329,-23816,,-16465.0,-4860,1,0,0,1,1,0,2.0,2,2,SATURDAY,12,0,0,0,0,0,0,XNA,0.31433678,0.7713616,0.0,0.0,0.0,0.0,-876.0,0,1,0,0,0,0,0,0,0,0,0,0,0,0,0,0,0,0,0,0,0.0,0.0,0.0,0.0,0.0,0.0,78016.5,78016.5,0.0,0.0,,0.0,0.0,0.0,-1358.0,-1358.0,-1358.0,1.0,4.0,3.0,45517.5,49811.625,29.0,2520.943448275862,0.0,43266.96,-28.206896,0.0,292657.185,219549.82499999998,3.0,0.0
102374,Cash loans,M,Y,Y,0,292500.0,573408.0,24421.5,495000.0,"Spouse, partner",Working,Secondary / secondary special,Married,House / apartment,0.008625,-20100,-12619.0,-12611.0,-1,1,1,0,1,0,0,2.0,2,2,SATURDAY,12,0,1,1,0,0,0,Transport: type 2,0.5220792,0.5937176,6.0,1.0,6.0,1.0,0.0,0,1,0,0,0,0,0,0,0,0,0,0,0,0,0,0,0,0,0,0,0.0,0.0,0.0,0.0,0.0,1.0,501540.0,7523100.0,0.0,0.0,51210.405,563314.455,8.0,0.0,-1308.6666666666667,-2430.0,-105.0,2.0,2.0,2.0,53055.0,83434.5,18.0,0.0,0.0,0.0,-3.6666667,1.0,187930.66499999998,187930.66499999998,1.0,0.0
102380,Cash loans,M,N,Y,2,162000.0,257391.0,25204.5,238500.0,Unaccompanied,Commercial associate,Secondary / secondary special,Married,House / apartment,0.025164,-13653,-4828.0,-6571.0,-4814,1,1,0,1,0,0,4.0,2,2,WEDNESDAY,10,0,0,0,0,1,1,Business Entity Type 1,0.5960128,0.824595,0.0,0.0,0.0,0.0,-1777.0,0,1,0,0,0,0,0,0,0,0,0,0,0,0,0,0,0,0,0,0,0.0,0.0,0.0,0.0,1.0,2.0,56700.0,56700.0,0.0,0.0,0.0,0.0,0.0,0.0,-1521.0,-1521.0,-1521.0,1.0,2.0,2.0,150277.5,171942.75,38.0,-761.5219736842105,-20229.165,0.0,-7.5526314,28.0,551004.57,579942.405,2.0,20.0
102387,Cash loans,M,Y,N,0,202500.0,630000.0,32296.5,630000.0,Unaccompanied,Working,Secondary / secondary special,Married,House / apartment,0.028663,-12198,-302.0,-558.0,-1133,1,1,0,1,0,1,2.0,2,2,TUESDAY,10,0,0,0,0,1,1,Emergency,0.7805349,,10.0,0.0,10.0,0.0,-1968.0,0,1,0,0,0,0,0,0,0,0,0,0,0,0,0,0,0,0,0,0,0.0,0.0,0.0,0.0,0.0,3.0,6025500.0,6025500.0,0.0,0.0,,0.0,1.0,0.0,-568.0,-568.0,-568.0,1.0,4.0,2.0,117663.75,125125.875,22.0,0.0,0.0,0.0,-15.045455,0.0,350808.435,350808.435,2.0,0.0
102393,Cash loans,F,Y,Y,1,112500.0,260640.0,26838.0,225000.0,Unaccompanied,Commercial associate,Secondary / secondary special,Married,House / apartment,0.00702,-12104,-2502.0,-916.0,-3727,1,1,0,1,0,0,3.0,2,2,MONDAY,10,0,0,0,0,0,0,School,0.5120978,,1.0,0.0,1.0,0.0,-942.0,0,1,0,0,0,0,0,0,0,0,0,0,0,0,0,0,0,0,0,0,,,,,,,,,,,,,,,,,,,1.0,1.0,72936.0,80640.0,12.0,0.0,0.0,0.0,-7.4166665,0.0,98755.11000000002,98755.11000000002,1.0,0.0
102403,Cash loans,M,Y,Y,0,135000.0,104256.0,11074.5,90000.0,Unaccompanied,Commercial associate,Secondary / secondary special,Married,House / apartment,0.019101,-15722,-1861.0,-7985.0,-4250,1,1,0,1,0,0,2.0,2,2,WEDNESDAY,10,0,0,0,0,0,0,Business Entity Type 3,0.5510103,0.735221,1.0,0.0,1.0,0.0,-3311.0,0,1,0,0,0,0,0,0,0,0,0,0,0,0,0,0,0,0,0,0,0.0,0.0,0.0,0.0,0.0,2.0,1019364.4199999999,3058093.26,0.0,0.0,58984.815,176954.445,1.0,0.0,-2066.6666666666665,-2730.0,-959.0,1.0,1.0,1.0,135000.0,163255.5,13.0,-1362.548076923077,-17520.75,0.0,-3.4615386,3.0,212262.79499999998,229975.91999999998,1.0,0.0
102413,Cash loans,M,Y,Y,0,157500.0,301896.0,23490.0,252000.0,Unaccompanied,Working,Secondary / secondary special,Civil marriage,House / apartment,0.008019,-15409,-2736.0,-3555.0,-4039,1,1,0,1,0,0,2.0,2,2,MONDAY,12,0,0,0,0,0,0,Transport: type 3,0.6446324,0.5549468,2.0,0.0,2.0,0.0,0.0,0,1,0,0,0,0,0,0,0,0,0,0,0,0,0,0,0,0,0,0,0.0,0.0,0.0,0.0,0.0,3.0,104939.5,944455.5,0.0,0.0,58172.37,523551.33,2.0,0.0,-761.7777777777778,-2045.0,-193.0,2.0,3.0,2.0,131095.5,141789.0,25.0,8221.481999999998,0.0,181180.57499999998,-8.12,0.0,746310.15,540773.1,2.0,0.0
102414,Cash loans,M,Y,Y,0,180000.0,1741972.5,54198.0,1557000.0,Unaccompanied,State servant,Higher education,Married,House / apartment,0.035792,-14822,-5506.0,-3687.0,-5556,1,1,0,1,0,0,2.0,2,2,MONDAY,14,0,0,0,0,0,0,Police,0.5860496,0.7223929,0.0,0.0,0.0,0.0,-3887.0,0,0,0,0,0,0,1,0,0,0,0,0,0,0,0,0,0,0,0,0,0.0,0.0,0.0,0.0,0.0,4.0,1587145.88,14284312.92,0.0,0.0,646505.3571428572,4525537.5,0.0,0.0,-1551.111111111111,-2646.0,-613.0,3.0,10.0,3.0,267975.0,284357.7,50.0,12150.0,0.0,95680.62,-8.8,0.0,2589405.3,1981905.3,2.0,0.0
102415,Cash loans,F,Y,N,0,202500.0,247500.0,12037.5,247500.0,Unaccompanied,Working,Secondary / secondary special,Married,House / apartment,0.01885,-17152,-7350.0,-916.0,-677,1,1,1,1,1,0,2.0,2,2,THURSDAY,15,0,0,0,0,0,0,Government,0.6279648,0.42061096,5.0,1.0,5.0,0.0,-2365.0,0,1,0,0,0,0,0,0,0,0,0,0,0,0,0,0,0,0,0,0,0.0,0.0,0.0,0.0,1.0,4.0,408416.25,2450497.5,0.0,0.0,78528.6,392643.0,3.0,0.0,-1449.0,-2702.0,-437.0,2.0,8.0,5.0,112789.125,132581.25,166.0,-44.78286144578313,-5608.215,0.0,-5.13253,0.0,1899008.73,1906442.685,7.0,0.0
102416,Cash loans,F,N,Y,1,157500.0,490482.0,58338.0,441000.0,Unaccompanied,Commercial associate,Secondary / secondary special,Married,House / apartment,0.019689,-11002,-1374.0,-5863.0,-3596,1,1,0,1,0,0,3.0,2,2,SATURDAY,9,0,0,0,0,0,0,Self-employed,0.39236358,,0.0,0.0,0.0,0.0,-229.0,0,1,0,0,0,0,0,0,0,0,0,0,0,0,0,0,0,0,0,0,,,,,,,,,,,,,,,,,,,2.0,2.0,90564.75,93163.5,27.0,-229.19166666666672,-6066.900000000001,0.0,-27.25926,9.0,150668.46,156856.635,2.0,3.0
102439,Cash loans,F,N,Y,0,45000.0,539100.0,23877.0,450000.0,Family,Working,Secondary / secondary special,Married,House / apartment,0.0105,-19400,-838.0,-5909.0,-2949,1,1,0,1,0,0,2.0,3,3,WEDNESDAY,11,0,0,0,0,0,0,Other,0.52354676,0.70018387,2.0,0.0,2.0,0.0,-1051.0,0,1,0,0,0,0,0,0,0,0,0,0,0,0,0,0,0,0,0,0,0.0,0.0,0.0,0.0,1.0,1.0,103500.0,103500.0,0.0,0.0,0.0,0.0,0.0,0.0,-575.0,-575.0,-575.0,1.0,3.0,1.0,22072.5,24403.5,12.0,0.0,0.0,0.0,-4.1666665,0.0,86333.175,86333.175,1.0,0.0
102441,Cash loans,M,N,Y,0,225000.0,162000.0,17577.0,162000.0,Unaccompanied,Working,Secondary / secondary special,Married,House / apartment,0.032561,-13990,-2076.0,-8095.0,-5462,1,1,1,1,0,0,2.0,1,1,SATURDAY,14,0,0,0,0,0,0,Industry: type 4,0.6785637,,0.0,0.0,0.0,0.0,-3670.0,0,0,0,1,0,0,0,0,0,0,0,0,0,0,0,0,0,0,0,0,0.0,0.0,0.0,0.0,0.0,0.0,315000.0,315000.0,0.0,0.0,208467.0,208467.0,1.0,0.0,-479.0,-479.0,-479.0,1.0,,,,,,,,,,,,,,
102443,Cash loans,F,N,Y,0,202500.0,225000.0,23625.0,225000.0,Unaccompanied,Working,Higher education,Married,House / apartment,0.011657,-10417,-1497.0,-1995.0,-997,1,1,0,1,0,0,2.0,1,1,THURSDAY,18,1,1,0,1,1,0,Business Entity Type 3,0.6114289,0.5814837,0.0,0.0,0.0,0.0,-244.0,0,0,0,1,0,0,0,0,0,0,0,0,0,0,0,0,0,0,0,0,0.0,0.0,0.0,0.0,1.0,0.0,144000.0,432000.0,0.0,0.0,98997.0,296991.0,2.0,0.0,-588.3333333333334,-937.0,-413.0,1.0,1.0,1.0,150412.5,161662.5,3.0,0.0,0.0,0.0,-6.0,-3.0,168060.42,168060.42,1.0,0.0
102444,Cash loans,M,N,N,0,135000.0,90000.0,9693.0,90000.0,Unaccompanied,Commercial associate,Higher education,Married,House / apartment,0.04622,-15144,-4236.0,-5239.0,-4569,1,1,0,1,1,0,2.0,1,1,THURSDAY,12,0,0,0,0,0,0,Self-employed,0.7110687,0.17876047,4.0,0.0,4.0,0.0,-2542.0,0,0,0,1,0,0,0,0,0,0,0,0,0,0,0,0,0,0,0,0,0.0,0.0,0.0,0.0,3.0,7.0,47088.0,94176.0,0.0,0.0,3251.25,6502.5,1.0,0.0,-766.5,-1489.0,-44.0,2.0,8.0,4.0,50889.375,55130.625,63.0,0.0,0.0,0.0,-5.984127,1.0,579492.99,579492.99,3.0,0.0
102445,Cash loans,M,Y,N,0,81000.0,161595.0,17095.5,139500.0,Unaccompanied,Working,Secondary / secondary special,Married,With parents,0.002134,-10265,-1284.0,-1435.0,-2890,1,1,0,1,0,0,2.0,3,3,FRIDAY,8,0,0,0,0,0,0,Security Ministries,0.4326408,0.28665248,0.0,0.0,0.0,0.0,-873.0,0,1,0,0,0,0,0,0,0,0,0,0,0,0,0,0,0,0,0,0,0.0,0.0,0.0,0.0,1.0,3.0,192690.0,578070.0,0.0,0.0,85764.0,257292.0,1.0,0.0,-604.6666666666666,-1002.0,-235.0,1.0,3.0,2.0,99525.0,110035.5,24.0,-1356.3675,-19828.395,0.0,-8.916667,10.0,346734.585,379287.405,2.0,0.0
102448,Cash loans,F,Y,N,1,121500.0,531706.5,23548.5,459000.0,Unaccompanied,Commercial associate,Higher education,Single / not married,House / apartment,0.006233,-14435,-3186.0,-1978.0,-5151,1,1,0,1,0,0,2.0,2,2,MONDAY,17,0,0,0,0,0,0,Kindergarten,0.4075605,0.31859553,2.0,1.0,2.0,0.0,0.0,0,1,0,0,0,0,0,0,0,0,0,0,0,0,0,0,0,0,0,0,0.0,0.0,0.0,0.0,0.0,0.0,130528.335,391585.005,0.0,0.0,23599.5,70798.5,1.0,0.0,-638.3333333333334,-1028.0,-173.0,1.0,5.0,3.0,105897.6,104766.3,23.0,0.0,0.0,0.0,-13.043478,0.0,314579.79,314579.79,3.0,0.0
102449,Cash loans,F,N,Y,0,135000.0,577741.5,21910.5,477000.0,Unaccompanied,Working,Secondary / secondary special,Married,House / apartment,0.008575,-18204,-7330.0,-5630.0,-1754,1,1,0,1,0,0,2.0,2,2,FRIDAY,12,0,0,0,0,0,0,Trade: type 7,0.34428036,0.51549536,0.0,0.0,0.0,0.0,-2170.0,0,1,0,0,0,0,0,0,0,0,0,0,0,0,0,0,0,0,0,0,0.0,0.0,0.0,0.0,0.0,4.0,477641.502,2388207.51,0.0,0.0,328561.875,1314247.5,1.0,0.0,-1637.0,-2835.0,-288.0,2.0,8.0,6.0,200743.3125,225804.375,66.0,9634.639772727272,-18000.0,657910.8,-8.19697,10.0,2863848.015,2227961.79,5.0,1.0
102450,Cash loans,M,N,N,0,337500.0,675000.0,53329.5,675000.0,Unaccompanied,Working,Secondary / secondary special,Married,With parents,0.018029,-12126,-781.0,-463.0,-1930,1,1,1,1,1,0,2.0,3,3,SATURDAY,14,0,0,0,0,0,0,Business Entity Type 3,0.3366841,,0.0,0.0,0.0,0.0,-233.0,0,1,0,0,0,0,0,0,0,0,0,0,0,0,0,0,0,0,0,0,0.0,0.0,0.0,0.0,0.0,3.0,472270.5,1416811.5,0.0,0.0,573966.0,1147932.0,1.0,0.0,-178.66666666666666,-315.0,-90.0,2.0,1.0,1.0,68310.0,63810.0,7.0,0.0,0.0,0.0,-13.714286,0.0,82730.565,82730.565,1.0,0.0
102456,Cash loans,F,N,Y,1,135000.0,135000.0,14175.0,135000.0,Unaccompanied,Working,Higher education,Married,House / apartment,0.010276,-11930,-2946.0,-5869.0,-1155,1,1,1,1,0,0,3.0,2,2,THURSDAY,11,0,0,0,0,0,0,Business Entity Type 3,0.35388964,,0.0,0.0,0.0,0.0,-181.0,0,1,0,0,0,0,0,0,0,0,0,0,0,0,0,0,0,0,0,0,0.0,0.0,0.0,0.0,0.0,1.0,87663.0,262989.0,0.0,0.0,0.0,0.0,1.0,0.0,-1644.0,-2020.0,-1456.0,2.0,6.0,4.0,130257.0,218939.25,13.0,3461.5384615384614,0.0,31631.445,-12.846154,-3.0,812816.595,767816.595,2.0,0.0
102458,Cash loans,F,N,N,1,180000.0,630000.0,32166.0,630000.0,Unaccompanied,Working,Higher education,Married,House / apartment,0.035792,-14496,-3741.0,-3612.0,-3854,1,1,1,1,0,0,3.0,2,2,FRIDAY,12,0,0,0,0,1,1,Services,0.6447275,0.078536145,0.0,0.0,0.0,0.0,-48.0,0,1,0,0,0,0,0,0,0,0,0,0,0,0,0,0,0,0,0,0,0.0,0.0,0.0,0.0,1.0,3.0,392528.6590909091,4317815.25,0.0,0.0,197371.8,1973718.0,7.0,0.0,-864.8181818181819,-2327.0,-48.0,2.0,6.0,2.0,40268.625,35464.875,16.0,0.0,0.0,0.0,-18.25,-2.0,140019.93,140019.93,2.0,0.0
102459,Cash loans,F,N,Y,1,112500.0,750816.0,24349.5,594000.0,Family,Commercial associate,Secondary / secondary special,Married,House / apartment,0.019689,-14098,-5292.0,-3090.0,-4665,1,1,0,1,0,0,3.0,2,2,MONDAY,12,0,0,0,0,0,0,Industry: type 1,0.4269762,0.53707,1.0,0.0,1.0,0.0,-716.0,0,1,0,0,0,0,0,0,0,0,0,0,0,0,0,0,0,0,0,0,0.0,0.0,0.0,0.0,1.0,2.0,171357.78600000002,1713577.86,0.0,0.0,94418.40999999999,849765.69,5.0,0.0,-861.4,-2057.0,-198.0,2.0,14.0,3.0,153642.85714285713,183674.57142857142,119.0,1512.6050420168067,0.0,156469.995,-10.378151,1.0,1654072.29,1474072.29,2.0,0.0
102465,Cash loans,F,Y,Y,1,225000.0,922365.0,33259.5,778500.0,Unaccompanied,State servant,Secondary / secondary special,Married,House / apartment,0.00823,-15881,-7567.0,-610.0,-5545,1,1,0,1,0,1,3.0,2,2,THURSDAY,13,0,0,0,0,0,0,Other,0.61537,0.59892625,2.0,0.0,2.0,0.0,-3169.0,0,1,0,0,0,0,0,0,0,0,0,0,0,0,0,0,0,0,0,0,0.0,0.0,0.0,0.0,1.0,4.0,1418361.75,8510170.5,0.0,0.0,0.0,0.0,2.0,0.0,-1480.5,-2857.0,-726.0,3.0,14.0,6.0,862392.8571428572,943721.3571428572,221.0,2809.628959276018,-8352.09,513000.0,-6.475113,4.0,7991031.285,7370103.285,4.0,2.0
102470,Cash loans,F,N,N,1,76500.0,163512.0,13045.5,135000.0,Unaccompanied,Working,Secondary / secondary special,Married,With parents,0.018634,-10788,-1490.0,-1567.0,-1317,1,1,1,1,1,0,3.0,2,2,SATURDAY,19,0,0,0,0,1,1,Business Entity Type 3,0.17840335,0.48485148,0.0,0.0,0.0,0.0,-1265.0,0,0,0,0,0,0,1,0,0,0,0,0,0,0,0,0,0,0,0,0,0.0,0.0,0.0,0.0,0.0,1.0,62316.0,186948.0,0.0,0.0,10631.175000000001,31893.525,2.0,0.0,-815.3333333333334,-1265.0,-211.0,2.0,2.0,2.0,41908.5,44471.25,20.0,0.0,0.0,0.0,-3.9,9.0,61256.744999999995,61256.744999999995,1.0,0.0
102471,Cash loans,F,N,Y,3,81000.0,675000.0,37822.5,675000.0,Unaccompanied,Commercial associate,Higher education,Married,House / apartment,0.0228,-12009,-364.0,-5795.0,-333,1,1,0,1,0,1,5.0,2,2,TUESDAY,16,0,0,0,1,1,0,Trade: type 7,0.6374723,,3.0,0.0,3.0,0.0,-528.0,0,1,0,0,0,0,0,0,0,0,0,0,0,0,0,0,0,0,0,0,,,,,,,,,,,,,,,,,,,5.0,3.0,151191.0,155349.0,18.0,0.0,0.0,0.0,-20.555555,-11.0,511848.36000000004,511848.36000000004,2.0,0.0
102475,Cash loans,M,Y,Y,0,175500.0,248760.0,29650.5,225000.0,Unaccompanied,Working,Lower secondary,Married,House / apartment,0.005002,-14459,-2770.0,-4209.0,-4158,1,1,1,1,0,1,2.0,3,3,TUESDAY,11,0,0,0,1,1,1,Business Entity Type 3,0.77065974,0.42413032,0.0,0.0,0.0,0.0,-2269.0,0,1,0,0,0,0,0,0,0,0,0,0,0,0,0,0,0,0,0,0,0.0,0.0,0.0,0.0,0.0,0.0,390051.45,3120411.6,0.0,0.0,0.0,0.0,3.0,0.0,-1161.375,-2801.0,-117.0,3.0,2.0,1.0,61740.0,54990.0,11.0,0.0,0.0,0.0,0.0,0.0,100284.39,100284.39,2.0,0.0
102476,Cash loans,F,N,Y,0,202500.0,848745.0,43465.5,675000.0,Unaccompanied,Working,Secondary / secondary special,Civil marriage,House / apartment,0.018634,-17310,-1926.0,-475.0,-844,1,1,0,1,0,0,2.0,2,2,TUESDAY,15,0,0,0,0,1,1,Trade: type 7,0.53407335,0.3825018,0.0,0.0,0.0,0.0,-281.0,0,0,0,1,0,0,0,0,0,0,0,0,0,0,0,0,0,0,0,0,0.0,0.0,0.0,0.0,1.0,2.0,519057.0,2595285.0,0.0,0.0,321266.619,1606333.095,2.0,0.0,-1009.0,-2020.0,-425.0,2.0,3.0,2.0,90555.0,96418.5,43.0,-759.3687209302326,-10827.135,0.0,-5.023256,3.0,318348.27,351001.125,1.0,0.0
102506,Cash loans,M,Y,Y,1,270000.0,225000.0,27994.5,225000.0,Unaccompanied,Commercial associate,Secondary / secondary special,Married,House / apartment,0.072508,-10921,-509.0,-5670.0,-572,1,1,1,1,0,0,3.0,1,1,MONDAY,17,0,0,0,0,0,0,Business Entity Type 3,0.147094,0.60927564,0.0,0.0,0.0,0.0,-400.0,0,0,0,0,0,0,1,0,0,0,0,0,0,0,0,0,0,0,0,0,0.0,0.0,0.0,0.0,1.0,1.0,585579.0,1756737.0,0.0,0.0,136455.75,272911.5,1.0,0.0,-1476.3333333333333,-1673.0,-1168.0,1.0,6.0,2.0,89924.25,90139.5,16.0,0.0,0.0,0.0,-7.25,1.0,457419.555,457419.555,2.0,0.0
102509,Cash loans,M,Y,Y,0,360000.0,2013840.0,62640.0,1800000.0,Unaccompanied,Commercial associate,Higher education,Married,House / apartment,0.04622,-21051,-384.0,-2883.0,-1798,1,1,0,1,0,1,2.0,1,1,WEDNESDAY,17,0,1,1,0,0,0,Business Entity Type 3,0.5912282,0.3893388,0.0,0.0,0.0,0.0,-645.0,0,0,0,0,0,0,1,0,0,0,0,0,0,0,0,0,0,0,0,0,0.0,0.0,0.0,0.0,1.0,0.0,763389.16875,6107113.35,0.0,0.0,26119.285714285714,182835.0,2.0,0.0,-1512.5,-2624.0,-537.0,3.0,1.0,1.0,123005.7,98401.5,14.0,-1426.68,-7800.84,0.0,-13.642858,4.0,119840.13,139813.65,1.0,0.0
102519,Cash loans,F,N,N,0,108000.0,104256.0,8064.0,90000.0,Unaccompanied,Pensioner,Secondary / secondary special,Widow,House / apartment,0.0105,-20528,,-5518.0,-3097,1,0,0,1,0,0,1.0,3,3,THURSDAY,9,0,0,0,0,0,0,XNA,0.7411613,0.5226973,5.0,0.0,5.0,0.0,-385.0,0,1,0,0,0,0,0,0,0,0,0,0,0,0,0,0,0,0,0,0,0.0,0.0,0.0,0.0,0.0,2.0,136335.0,409005.0,0.0,0.0,0.0,0.0,0.0,0.0,-1646.0,-1736.0,-1551.0,1.0,3.0,2.0,105984.0,109734.0,17.0,0.0,0.0,0.0,-10.823529,-4.0,156034.98,156034.98,2.0,0.0
102522,Cash loans,M,N,N,0,288000.0,260640.0,31059.0,225000.0,Unaccompanied,Commercial associate,Higher education,Married,House / apartment,0.02461,-12234,-4308.0,-1355.0,-4691,1,1,0,1,0,0,2.0,2,2,THURSDAY,14,0,0,0,0,0,0,Transport: type 2,0.6071707,0.19747451,0.0,0.0,0.0,0.0,-677.0,0,1,0,0,0,0,0,0,0,0,0,0,0,0,0,0,0,0,0,0,0.0,0.0,0.0,0.0,1.0,3.0,224018.4825,2240184.825,0.0,0.0,68801.754375,550414.035,7.0,0.0,-903.4,-2898.0,-210.0,2.0,5.0,3.0,241324.2,305386.2,63.0,-142.85714285714286,-9000.0,0.0,-7.0,16.0,1125956.16,1134956.16,3.0,0.0
102545,Cash loans,M,Y,Y,1,157500.0,442062.0,22698.0,369000.0,Unaccompanied,Commercial associate,Secondary / secondary special,Married,House / apartment,0.014464,-18007,-4522.0,-4032.0,-1554,1,1,0,1,0,0,3.0,2,2,WEDNESDAY,6,0,0,0,0,0,0,Industry: type 3,0.6693285,0.6446794,0.0,0.0,0.0,0.0,-2433.0,0,1,0,0,0,0,0,0,0,0,0,0,0,0,0,0,0,0,0,0,0.0,0.0,0.0,0.0,0.0,3.0,170374.95,1703749.5,0.0,0.0,25570.0,230130.0,3.0,0.0,-1763.4,-2721.0,-398.0,2.0,8.0,7.0,189770.0625,232287.75,217.0,-61.1357142857143,-8532.900000000001,0.0,-7.580645,21.0,2735140.14,2748406.59,6.0,0.0
102549,Cash loans,F,N,N,0,90000.0,118512.0,8752.5,90000.0,Unaccompanied,Working,Incomplete higher,Single / not married,With parents,0.030755,-9882,-643.0,-2508.0,-2515,1,1,0,1,0,1,1.0,2,2,SATURDAY,15,0,0,0,1,1,0,School,0.7197809,0.37910047,0.0,0.0,0.0,0.0,-456.0,0,1,0,0,0,0,0,0,0,0,0,0,0,0,0,0,0,0,0,0,0.0,0.0,0.0,0.0,2.0,3.0,989775.0,989775.0,0.0,0.0,940855.5,940855.5,1.0,0.0,-166.0,-166.0,-166.0,1.0,5.0,1.0,20430.0,20192.4,10.0,0.0,0.0,0.0,-1.7,0.0,62179.74,62179.74,1.0,0.0
102562,Cash loans,F,N,Y,0,157500.0,539100.0,26064.0,450000.0,Unaccompanied,Working,Higher education,Civil marriage,House / apartment,0.009334,-16385,-7273.0,-8296.0,-5085,1,1,0,1,0,0,2.0,2,2,SATURDAY,12,0,0,0,0,0,0,Business Entity Type 2,0.60101515,0.5884878,1.0,0.0,1.0,0.0,-2214.0,0,1,0,0,0,0,0,0,0,0,0,0,0,0,0,0,0,0,0,0,0.0,0.0,0.0,0.0,0.0,0.0,283075.5,1698453.0,0.0,0.0,0.0,0.0,1.0,0.0,-1554.1666666666667,-2474.0,-523.0,2.0,4.0,3.0,85144.5,87129.0,24.0,-91.45875000000002,-2098.6200000000003,0.0,-27.5,33.0,268261.425,270456.435,2.0,28.0
102563,Cash loans,F,N,Y,0,157500.0,495000.0,25272.0,495000.0,Unaccompanied,Working,Secondary / secondary special,Separated,Municipal apartment,0.072508,-16172,-4289.0,-10328.0,-4518,1,1,1,1,1,0,1.0,1,1,SATURDAY,14,0,0,0,0,0,0,Business Entity Type 3,0.58149076,0.63303167,0.0,0.0,0.0,0.0,-40.0,0,1,0,0,0,0,0,0,0,0,0,0,0,0,0,0,0,0,0,0,0.0,0.0,0.0,0.0,0.0,0.0,440706.24000000005,2203531.2,0.0,0.0,0.0,0.0,1.0,0.0,-1034.2,-2098.0,-197.0,2.0,1.0,1.0,68895.0,67464.0,5.0,0.0,0.0,0.0,-25.8,-10.0,72827.86499999999,72827.86499999999,2.0,0.0
102568,Cash loans,M,Y,Y,0,112500.0,334152.0,17190.0,270000.0,Unaccompanied,Working,Secondary / secondary special,Single / not married,House / apartment,0.020713,-17985,-2209.0,-9250.0,-1541,1,1,0,1,0,1,1.0,3,3,FRIDAY,6,0,0,0,0,0,0,Government,0.58151203,0.3392877,0.0,0.0,0.0,0.0,-626.0,0,1,0,0,0,0,0,0,0,0,0,0,0,0,0,0,0,0,0,0,0.0,0.0,0.0,0.0,2.0,3.0,89872.48125,359489.925,0.0,0.0,0.0,0.0,1.0,0.0,-755.0,-1151.0,-513.0,2.0,15.0,5.0,181563.6,244939.8,63.0,-1505.4485714285713,-14235.57,0.0,-7.5396824,14.0,671047.2,765890.46,3.0,0.0
102582,Cash loans,M,Y,N,0,90000.0,225000.0,14377.5,225000.0,Unaccompanied,Working,Higher education,Married,House / apartment,0.030755,-9855,-1702.0,-4297.0,-2519,1,1,1,1,0,0,2.0,2,2,SATURDAY,11,0,0,0,0,0,0,Self-employed,0.4292034,,0.0,0.0,0.0,0.0,-1138.0,0,1,0,0,0,0,0,0,0,0,0,0,0,0,0,0,0,0,0,0,0.0,0.0,0.0,0.0,0.0,0.0,145215.0,145215.0,0.0,0.0,,0.0,1.0,0.0,-1206.0,-1206.0,-1206.0,1.0,5.0,3.0,85875.3,90219.6,31.0,-564.0546774193548,-16193.115,0.0,-9.967742,2.0,548006.085,565491.78,3.0,0.0
102592,Cash loans,F,Y,Y,0,202500.0,260640.0,27369.0,225000.0,Family,Working,Higher education,Married,House / apartment,0.031329,-10858,-177.0,-6119.0,-3515,1,1,0,1,0,0,2.0,2,2,SATURDAY,13,0,0,0,0,0,0,Business Entity Type 3,0.5845103,0.73240334,1.0,0.0,1.0,0.0,-856.0,0,1,0,0,0,0,0,0,0,0,0,0,0,0,0,0,0,0,0,0,0.0,0.0,0.0,0.0,0.0,3.0,640067.85,1280135.7,0.0,0.0,59554.125,119108.25,1.0,0.0,-1741.0,-2462.0,-1020.0,1.0,3.0,2.0,50484.0,50484.0,43.0,0.0,0.0,0.0,-4.0930233,0.0,242350.875,242350.875,1.0,0.0
102597,Cash loans,F,Y,N,0,85500.0,149256.0,17842.5,135000.0,Unaccompanied,Working,Secondary / secondary special,Married,House / apartment,0.028663,-10642,-1486.0,-1013.0,-923,1,1,0,1,0,0,2.0,2,2,WEDNESDAY,9,0,0,0,0,0,0,Self-employed,0.56542414,0.19070596,0.0,0.0,0.0,0.0,-487.0,0,1,0,0,0,0,0,0,0,0,0,0,0,0,0,0,0,0,0,0,0.0,0.0,0.0,0.0,2.0,0.0,69756.0,209268.0,0.0,0.0,8944.5,26833.5,1.0,0.0,-244.33333333333334,-404.0,-59.0,1.0,5.0,4.0,41301.792,43123.725,20.0,-498.97574999999995,-6918.119999999999,0.0,-8.95,2.0,168199.47,178178.985,4.0,0.0
102605,Cash loans,M,Y,N,2,157500.0,238500.0,12177.0,238500.0,Unaccompanied,Working,Secondary / secondary special,Married,House / apartment,0.006233,-16711,-866.0,-650.0,-258,1,1,0,1,1,0,4.0,2,2,WEDNESDAY,12,0,0,0,0,1,1,Transport: type 1,0.67185,0.5424451,1.0,0.0,1.0,0.0,-2741.0,0,1,0,0,0,0,0,0,0,0,0,0,0,0,0,0,0,0,0,0,0.0,0.0,0.0,0.0,0.0,4.0,650676.8076923077,8458798.5,0.0,0.0,194545.875,2334550.5,5.0,0.0,-1402.5384615384614,-2820.0,-195.0,2.0,3.0,1.0,18288.0,19495.5,7.0,0.0,0.0,0.0,-15.285714,-4.0,66148.695,66148.695,1.0,0.0
102614,Cash loans,M,Y,Y,0,112500.0,225000.0,14508.0,225000.0,Unaccompanied,Working,Secondary / secondary special,Single / not married,House / apartment,0.028663,-13507,-5860.0,-6827.0,-4926,1,1,0,1,1,0,1.0,2,2,WEDNESDAY,9,0,0,0,0,0,0,Industry: type 9,0.66710323,0.6313545,0.0,0.0,0.0,0.0,-1630.0,0,1,0,0,0,0,0,0,0,0,0,0,0,0,0,0,0,0,0,0,0.0,0.0,0.0,0.0,0.0,3.0,306871.191,1534355.955,0.0,0.0,197723.25,790893.0,2.0,0.0,-1311.8,-2576.0,-375.0,2.0,3.0,3.0,21903.0,39561.0,15.0,-362.27399999999994,-5423.219999999999,0.0,-36.8,2.0,66581.46,72015.56999999999,2.0,0.0
102617,Cash loans,F,Y,N,1,180000.0,90000.0,7110.0,90000.0,Unaccompanied,Commercial associate,Secondary / secondary special,Married,House / apartment,0.035792,-13745,-2259.0,-5333.0,-2302,1,1,1,1,0,0,3.0,2,2,SUNDAY,11,0,0,0,0,0,0,Self-employed,0.664149,0.20092608,2.0,0.0,2.0,0.0,-1049.0,0,1,0,0,0,0,0,0,0,0,0,0,0,0,0,0,0,0,0,0,0.0,0.0,0.0,0.0,1.0,6.0,159018.58125000002,3816445.95,0.0,0.0,46378.8975,1113093.54,10.0,0.0,-791.2083333333334,-1757.0,-208.0,2.0,25.0,9.0,127207.17,141500.43,92.0,-622.4669021739129,-10804.949999999999,0.0,-8.684783,19.0,743936.805,801203.76,8.0,11.0
102634,Cash loans,F,Y,Y,1,211500.0,341280.0,21937.5,270000.0,Unaccompanied,Working,Higher education,Separated,House / apartment,0.006207,-14301,-1327.0,-396.0,-556,1,1,0,1,0,1,2.0,2,2,SATURDAY,12,0,0,0,0,0,0,Medicine,0.4055662,0.31236538,0.0,0.0,0.0,0.0,-156.0,0,1,0,0,0,0,0,0,0,0,0,0,0,0,0,0,0,0,0,0,0.0,0.0,0.0,0.0,0.0,4.0,677221.0,6094989.0,0.0,0.0,366039.5625,2928316.5,2.0,0.0,-1562.2222222222222,-2886.0,-443.0,4.0,11.0,8.0,100766.45454545454,152127.0,93.0,4441.06935483871,-9062.144999999999,265383.45,-9.505377,6.0,2242316.655,1829297.205,7.0,0.0
102652,Cash loans,F,N,Y,0,202500.0,360000.0,28570.5,360000.0,Unaccompanied,Working,Secondary / secondary special,Married,House / apartment,0.022625,-16406,-3585.0,-2268.0,-4356,1,1,0,1,0,0,2.0,2,2,TUESDAY,14,0,0,0,0,0,0,Self-employed,0.7298468,0.48485148,0.0,0.0,0.0,0.0,-851.0,0,1,0,0,0,0,0,0,0,0,0,0,0,0,0,0,0,0,0,0,0.0,0.0,0.0,0.0,1.0,2.0,91255.335,1095064.02,0.0,0.0,18193.344545454544,200126.78999999998,4.0,0.0,-1950.5833333333333,-2786.0,-723.0,2.0,16.0,2.0,257062.5,273703.78125,52.0,-1857.6129807692307,-13626.539999999999,0.0,1.5,32.0,480091.185,576687.0599999999,2.0,25.0
102655,Cash loans,F,Y,N,0,315000.0,1451047.5,59881.5,1354500.0,Family,Commercial associate,Secondary / secondary special,Married,House / apartment,0.072508,-12233,-3354.0,-2249.0,-4602,1,1,1,1,1,0,2.0,1,1,WEDNESDAY,14,0,0,0,0,0,0,Business Entity Type 2,0.7005076,0.5100895,0.0,0.0,0.0,0.0,-638.0,0,0,0,0,0,0,1,0,0,0,0,0,0,0,0,0,0,0,0,0,0.0,0.0,0.0,0.0,0.0,0.0,307151.385,4607270.775,0.0,0.0,0.0,0.0,3.0,0.0,-1176.2,-2440.0,-95.0,3.0,2.0,1.0,207000.0,224761.5,20.0,0.0,0.0,0.0,-5.65,1.0,219677.40000000002,219677.40000000002,1.0,0.0
102671,Cash loans,F,N,Y,0,153000.0,454500.0,19386.0,454500.0,Unaccompanied,Pensioner,Higher education,Married,House / apartment,0.018209,-22793,,-5863.0,-2706,1,0,0,1,0,0,2.0,3,3,MONDAY,7,0,0,0,0,0,0,XNA,0.16202874,,0.0,0.0,0.0,0.0,-567.0,0,1,0,0,0,0,0,0,0,0,0,0,0,0,0,0,0,0,0,0,,,,,,,,,,,,,,,,,,,1.0,1.0,112500.0,101250.0,18.0,0.0,0.0,0.0,-11.833333,-2.0,111609.90000000001,111609.90000000001,1.0,0.0
102694,Cash loans,F,N,Y,0,135000.0,539100.0,27652.5,450000.0,Unaccompanied,Pensioner,Secondary / secondary special,Married,House / apartment,0.025164,-22375,,-4433.0,-4433,1,0,0,1,0,0,2.0,2,2,WEDNESDAY,13,0,0,0,0,0,0,XNA,0.15124296,0.28078958,0.0,0.0,0.0,0.0,-1530.0,0,1,0,0,0,0,0,0,0,0,0,0,0,0,0,0,0,0,0,0,0.0,0.0,0.0,0.0,1.0,2.0,229162.5,1374975.0,0.0,0.0,95604.75,573628.5,4.0,0.0,-983.8333333333334,-2099.0,-545.0,2.0,6.0,1.0,228615.0,259409.25,10.0,0.0,0.0,0.0,-12.1,-8.0,131048.81999999999,131048.81999999999,1.0,0.0
102701,Cash loans,F,N,Y,0,112500.0,239476.5,22095.0,193500.0,Unaccompanied,Working,Secondary / secondary special,Single / not married,House / apartment,0.019101,-8199,-245.0,-3054.0,-874,1,1,0,1,0,0,1.0,2,2,WEDNESDAY,12,0,0,0,1,1,1,Other,0.6871069,0.7463002,0.0,0.0,0.0,0.0,-304.0,0,1,0,0,0,0,0,0,0,0,0,0,0,0,0,0,0,0,0,0,0.0,0.0,0.0,0.0,0.0,0.0,105750.0,105750.0,0.0,0.0,0.0,0.0,0.0,0.0,-1060.0,-1060.0,-1060.0,1.0,1.0,1.0,78291.0,71541.0,9.0,0.0,0.0,0.0,-10.222222,-6.0,79462.62,79462.62,1.0,0.0
102703,Cash loans,F,N,Y,0,112500.0,553581.0,31041.0,472500.0,Unaccompanied,Working,Higher education,Married,House / apartment,0.031329,-18497,-1245.0,-904.0,-2040,1,1,0,1,0,0,2.0,2,2,SATURDAY,10,0,0,0,0,0,0,School,0.6840004,0.70769936,1.0,1.0,1.0,1.0,-862.0,0,1,0,0,0,0,0,0,0,0,0,0,0,0,0,0,0,0,0,0,0.0,0.0,0.0,0.0,0.0,0.0,90000.0,180000.0,0.0,0.0,0.0,0.0,1.0,0.0,-1611.5,-2172.0,-1051.0,2.0,3.0,2.0,185625.0,194623.5,20.0,0.0,0.0,0.0,-12.05,0.0,447206.805,447206.805,2.0,0.0
102704,Cash loans,F,N,Y,0,90000.0,292500.0,15997.5,292500.0,Unaccompanied,Pensioner,Secondary / secondary special,Married,House / apartment,0.028663,-21592,,-4234.0,-5048,1,0,0,1,0,0,2.0,2,2,THURSDAY,12,0,0,0,0,0,0,XNA,0.70121366,0.6161217,0.0,0.0,0.0,0.0,-1732.0,0,1,0,0,0,0,0,0,0,0,0,0,0,0,0,0,0,0,0,0,0.0,0.0,0.0,0.0,1.0,0.0,112791.21428571429,789538.5,0.0,0.0,43030.92857142857,301216.5,4.0,0.0,-1093.142857142857,-2449.0,-56.0,2.0,2.0,2.0,68443.875,71842.5,19.0,-622.4447368421053,-5888.610000000001,0.0,-27.736841,4.0,120822.615,132649.065,2.0,0.0
102713,Cash loans,F,Y,Y,3,63000.0,99504.0,10575.0,90000.0,Unaccompanied,Pensioner,Secondary / secondary special,Married,House / apartment,0.072508,-14135,,-5653.0,-5717,1,0,0,1,0,1,5.0,1,1,SATURDAY,10,0,0,0,0,0,0,XNA,0.66945434,0.7801436,0.0,0.0,0.0,0.0,-1.0,0,1,0,0,0,0,0,0,0,0,0,0,0,0,0,0,0,0,0,0,0.0,0.0,0.0,0.0,0.0,3.0,232431.42857142858,1627020.0,0.0,0.0,0.0,0.0,0.0,0.0,-1255.857142857143,-1681.0,-709.0,1.0,2.0,2.0,71140.5,75723.75,23.0,1447.8260869565217,0.0,27173.295,-28.826086,7.0,214356.87,181056.87,2.0,1.0
102720,Cash loans,F,N,Y,1,157500.0,254799.0,16411.5,193500.0,Unaccompanied,Working,Secondary / secondary special,Married,House / apartment,0.0105,-18640,-1245.0,-7964.0,-1945,1,1,0,1,0,0,3.0,3,3,TUESDAY,9,0,0,0,0,1,1,Kindergarten,0.54329485,0.23401517,0.0,0.0,0.0,0.0,-304.0,0,1,0,0,0,0,0,0,0,0,0,0,0,0,0,0,0,0,0,0,0.0,0.0,0.0,0.0,0.0,1.0,236557.287,2365572.87,0.0,0.0,145552.5,1018867.5,6.0,0.0,-808.3,-1795.0,-260.0,2.0,1.0,1.0,61533.0,49225.5,4.0,0.0,0.0,0.0,-41.75,-26.0,51456.555,51456.555,1.0,0.0
102731,Cash loans,F,Y,Y,2,180000.0,509400.0,40374.0,450000.0,Other_A,Commercial associate,Higher education,Married,House / apartment,0.04622,-11893,-96.0,-5924.0,-2736,1,1,0,1,0,0,4.0,1,1,FRIDAY,10,0,0,0,0,0,0,Business Entity Type 3,0.54920816,0.51549536,0.0,0.0,0.0,0.0,-666.0,0,1,0,0,0,0,0,0,0,0,0,0,0,0,0,0,0,0,0,0,0.0,0.0,0.0,0.0,1.0,0.0,189505.505,1705549.545,0.0,0.0,39361.785,354256.065,3.0,0.0,-1117.6666666666667,-2121.0,-203.0,2.0,2.0,2.0,125131.5,133260.75,8.0,3981.9375,0.0,16128.765,-16.875,0.0,189354.825,157499.325,1.0,0.0
102733,Cash loans,F,N,Y,0,121500.0,162000.0,14854.5,162000.0,Unaccompanied,Working,Higher education,Single / not married,House / apartment,0.011703,-9585,-1339.0,-3191.0,-2205,1,1,1,1,1,1,1.0,2,2,MONDAY,16,0,0,0,0,0,0,Business Entity Type 3,0.5715876,0.45253357,1.0,0.0,1.0,0.0,-870.0,0,1,0,0,0,0,0,0,0,0,0,0,0,0,0,0,0,0,0,0,0.0,0.0,0.0,0.0,0.0,0.0,123030.0,123030.0,0.0,0.0,0.0,0.0,0.0,0.0,-404.0,-404.0,-404.0,1.0,8.0,2.0,194940.5625,183995.4375,61.0,0.0,0.0,0.0,-2.1967213,3.0,457412.985,457412.985,1.0,0.0
102749,Cash loans,M,Y,N,0,135000.0,537471.0,56569.5,495000.0,Unaccompanied,Working,Secondary / secondary special,Married,House / apartment,0.007305,-19933,-4280.0,-5061.0,-3193,1,1,0,1,0,0,2.0,3,3,WEDNESDAY,12,0,0,0,0,1,1,Business Entity Type 3,0.5497549,0.79813725,5.0,0.0,5.0,0.0,-1681.0,0,1,0,0,0,0,0,0,0,0,0,0,0,0,0,0,0,0,0,0,0.0,0.0,0.0,0.0,0.0,2.0,450000.0,450000.0,0.0,0.0,0.0,0.0,0.0,0.0,-2134.0,-2134.0,-2134.0,1.0,9.0,4.0,178089.0,195668.0,59.0,0.0,0.0,0.0,-9.474576,0.0,1472729.085,1472729.085,3.0,0.0
102755,Cash loans,F,N,Y,0,112500.0,165915.0,13239.0,126000.0,Unaccompanied,Pensioner,Secondary / secondary special,Widow,House / apartment,0.011703,-21150,,-3576.0,-3576,1,0,0,1,0,0,1.0,2,2,TUESDAY,15,0,0,0,0,0,0,XNA,0.6856712,0.45074728,0.0,0.0,0.0,0.0,-873.0,0,1,0,0,0,0,0,0,0,0,0,0,0,0,0,0,0,0,0,0,0.0,0.0,0.0,0.0,0.0,0.0,331500.0,1989000.0,0.0,0.0,160242.525,640970.1,2.0,0.0,-1415.8333333333333,-2206.0,-344.0,2.0,21.0,2.0,149571.42857142858,163558.7142857143,30.0,-870.8955000000002,-25927.920000000002,0.0,-9.033334,2.0,937381.7250000001,963508.5900000001,2.0,0.0
102763,Cash loans,M,Y,Y,2,387000.0,218938.5,26113.5,189000.0,Unaccompanied,Working,Higher education,Married,With parents,0.003541,-10601,-1714.0,-5459.0,-3220,1,1,0,1,0,1,4.0,1,1,TUESDAY,13,0,0,0,0,0,0,Industry: type 9,0.6118029,0.6561584,2.0,0.0,2.0,0.0,-402.0,0,1,0,0,0,0,0,0,0,0,0,0,0,0,0,0,0,0,0,0,0.0,0.0,0.0,0.0,2.0,1.0,1928953.125,7715812.5,0.0,0.0,577089.0,577089.0,2.0,0.0,-849.75,-1385.0,-398.0,3.0,3.0,1.0,300000.0,308712.0,5.0,72000.0,0.0,273275.775,-11.8,-8.0,1332585.405,972585.405,1.0,0.0
102770,Cash loans,M,Y,N,2,45000.0,225000.0,11619.0,225000.0,Unaccompanied,Working,Secondary / secondary special,Married,House / apartment,0.010966,-12543,-811.0,-608.0,-2715,1,1,1,1,0,0,4.0,2,2,WEDNESDAY,16,0,0,0,0,1,1,Other,0.6286848,0.6430256,2.0,1.0,2.0,1.0,-482.0,0,1,0,0,0,0,0,0,0,0,0,0,0,0,0,0,0,0,0,0,0.0,0.0,0.0,0.0,0.0,2.0,259693.60499999998,2077548.8399999999,0.0,0.0,143920.6875,1151365.5,2.0,0.0,-1337.875,-2470.0,-262.0,2.0,2.0,2.0,86240.25,95960.25,18.0,0.0,0.0,0.0,-16.166666,-1.0,232808.085,232808.085,2.0,0.0
102772,Cash loans,F,N,Y,0,247500.0,502497.0,39829.5,454500.0,Unaccompanied,Commercial associate,Secondary / secondary special,Married,House / apartment,0.010643,-15415,-1393.0,-849.0,-3474,1,1,0,1,1,1,2.0,2,2,THURSDAY,12,0,0,0,0,1,1,Industry: type 4,0.30640823,0.4311918,3.0,0.0,3.0,0.0,-1041.0,0,1,0,0,0,0,0,0,0,0,0,0,0,0,0,0,0,0,0,0,0.0,0.0,0.0,0.0,1.0,7.0,133866.5625,1070932.5,0.0,0.0,47996.73,383973.84,5.0,0.0,-1327.625,-2918.0,-457.0,2.0,14.0,8.0,278406.64285714284,289555.71428571426,93.0,-120.64403225806454,-10439.775000000001,0.0,-5.322581,6.0,2063593.35,2074813.245,6.0,0.0
102799,Cash loans,F,N,Y,0,54000.0,418743.0,25749.0,342000.0,Unaccompanied,Working,Lower secondary,Married,House / apartment,0.010032,-16569,-949.0,-904.0,-94,1,1,0,1,0,0,2.0,2,2,FRIDAY,6,0,0,0,0,1,1,School,0.32489294,0.36227724,0.0,0.0,0.0,0.0,-587.0,0,1,0,0,0,0,0,0,0,0,0,0,0,0,0,0,0,0,0,0,0.0,0.0,0.0,0.0,0.0,3.0,152023.5,304047.0,0.0,0.0,63744.75,127489.5,1.0,0.0,-389.0,-553.0,-225.0,2.0,3.0,2.0,371251.5,390847.5,25.0,0.0,0.0,0.0,-7.36,0.0,863247.96,863247.96,2.0,0.0
102838,Cash loans,F,N,Y,1,148500.0,111384.0,8748.0,90000.0,Family,Working,Higher education,Separated,House / apartment,0.007305,-13741,-5521.0,-850.0,-4378,1,1,1,1,1,0,2.0,3,3,THURSDAY,9,0,0,0,0,0,0,Medicine,0.59350395,0.6722429,2.0,0.0,2.0,0.0,-395.0,0,1,0,0,0,0,0,0,0,0,0,0,0,0,0,0,0,0,0,0,0.0,0.0,0.0,0.0,1.0,0.0,428683.98600000003,4286839.86,0.0,0.0,101264.0625,810112.5,2.0,0.0,-1396.4,-2177.0,-554.0,2.0,1.0,1.0,69615.0,69615.0,12.0,0.0,0.0,0.0,-15.25,-8.0,81373.185,81373.185,1.0,0.0
102854,Cash loans,F,N,N,0,57150.0,136260.0,8334.0,112500.0,Unaccompanied,Pensioner,Secondary / secondary special,Married,House / apartment,0.01885,-22521,,-10773.0,-4560,1,0,0,1,0,0,2.0,2,2,SATURDAY,13,0,0,0,0,0,0,XNA,0.67782396,0.3944954,0.0,0.0,0.0,0.0,-1519.0,0,1,0,0,0,0,0,0,0,0,0,0,0,0,0,0,0,0,0,0,0.0,0.0,0.0,0.0,1.0,0.0,190097.4375,1520779.5,0.0,0.0,77946.75,623574.0,4.0,0.0,-1227.125,-2756.0,-243.0,2.0,4.0,4.0,72130.5,70619.625,55.0,-1270.7484545454547,-6327.360000000001,0.0,-12.763637,15.0,353472.93,423364.09500000003,5.0,0.0
102862,Cash loans,F,N,Y,0,157500.0,323194.5,25663.5,279000.0,Unaccompanied,Working,Secondary / secondary special,Civil marriage,House / apartment,0.022625,-15419,-4827.0,-7581.0,-4418,1,1,0,1,0,0,2.0,2,2,FRIDAY,13,0,0,0,0,1,1,Business Entity Type 3,0.5834106,0.31703177,0.0,0.0,0.0,0.0,-1659.0,0,1,0,0,0,0,0,0,0,0,0,0,0,0,0,0,0,0,0,0,0.0,0.0,0.0,0.0,0.0,5.0,88715.55375,1064586.645,0.0,0.0,23222.64375,278671.725,6.0,0.0,-474.25,-2755.0,-33.0,3.0,14.0,8.0,249422.14285714287,319228.39285714284,207.0,-2921.548043478261,-41600.115000000005,0.0,-7.0,24.0,3368191.365,3972951.81,8.0,23.0
102863,Cash loans,F,N,N,0,202500.0,622575.0,23598.0,463500.0,Unaccompanied,Working,Secondary / secondary special,Civil marriage,House / apartment,0.020713,-18610,-4647.0,-9764.0,-2153,1,1,0,1,0,0,2.0,3,2,MONDAY,12,0,0,0,0,0,0,Business Entity Type 1,0.5694873,0.6971469,0.0,0.0,0.0,0.0,-1970.0,0,1,0,0,0,0,0,0,0,0,0,0,0,0,0,0,0,0,0,0,0.0,0.0,0.0,0.0,0.0,3.0,693000.0,1386000.0,0.0,0.0,98986.5,197973.0,1.0,0.0,-1463.0,-1848.0,-1078.0,2.0,2.0,2.0,60171.75,65232.0,16.0,0.0,0.0,0.0,-18.625,-4.0,164171.295,164171.295,4.0,0.0
102867,Cash loans,F,N,N,1,54000.0,450000.0,16164.0,450000.0,Unaccompanied,Working,Secondary / secondary special,Married,House / apartment,0.010006,-16043,-5407.0,-1844.0,-4476,1,1,0,1,0,0,3.0,2,2,SATURDAY,12,0,0,0,0,0,0,School,0.585105,0.75440615,0.0,0.0,0.0,0.0,-1716.0,0,1,0,0,0,0,0,0,0,0,0,0,0,0,0,0,0,0,0,0,0.0,0.0,0.0,0.0,0.0,3.0,182970.0,182970.0,0.0,0.0,0.0,0.0,0.0,0.0,-1345.0,-1345.0,-1345.0,1.0,2.0,2.0,304875.0,251644.5,36.0,3388.72,-17507.205,71685.855,-43.02778,4.0,794034.18,672040.26,2.0,0.0
102868,Cash loans,F,N,Y,0,58500.0,99000.0,10273.5,99000.0,Family,Commercial associate,Secondary / secondary special,Civil marriage,House / apartment,0.018209,-13999,-6092.0,-5725.0,-5784,1,1,0,1,0,0,2.0,3,3,THURSDAY,15,0,0,0,0,0,0,Kindergarten,0.6890687,0.6971469,0.0,0.0,0.0,0.0,-1790.0,0,1,0,0,0,0,0,0,0,0,0,0,0,0,0,0,0,0,0,0,0.0,0.0,0.0,0.0,1.0,0.0,236376.495,1891011.96,0.0,0.0,51931.6875,415453.5,1.0,0.0,-1079.625,-1887.0,-456.0,2.0,1.0,1.0,34641.0,32719.5,6.0,0.0,0.0,0.0,-75.166664,-1.0,40038.075000000004,40038.075000000004,1.0,0.0
102878,Cash loans,M,N,N,0,135000.0,517536.0,21487.5,432000.0,Family,Working,Higher education,Married,House / apartment,0.022625,-16529,-4288.0,-8624.0,-77,1,1,0,1,0,0,2.0,2,2,FRIDAY,11,0,0,0,0,0,0,Business Entity Type 3,0.28589788,,0.0,0.0,0.0,0.0,-899.0,0,0,0,0,0,0,0,0,0,0,0,0,0,0,0,0,0,0,0,0,,,,,,,,,,,,,,,,,,,,,,,,,,,,,,,,
102887,Cash loans,F,N,Y,0,180000.0,259794.0,27409.5,229500.0,Unaccompanied,Working,Secondary / secondary special,Civil marriage,House / apartment,0.018634,-12450,-1922.0,-3244.0,-4258,1,1,0,1,0,0,2.0,2,2,FRIDAY,11,0,0,0,0,0,0,Business Entity Type 3,0.42093626,0.5620605,0.0,0.0,0.0,0.0,-505.0,0,1,0,0,0,0,0,0,0,0,0,0,0,0,0,0,0,0,0,0,0.0,0.0,0.0,0.0,0.0,5.0,246783.64304347825,5676023.79,0.0,0.0,76590.3125,1378625.625,4.0,0.0,-1127.3478260869565,-2851.0,-60.0,2.0,17.0,8.0,314298.26470588235,345066.8823529412,55.0,14147.03290909091,0.0,368197.65,-22.327272,0.0,3335838.39,2557751.58,7.0,0.0
102898,Cash loans,F,Y,Y,0,360000.0,440784.0,34956.0,360000.0,Unaccompanied,Working,Secondary / secondary special,Civil marriage,House / apartment,0.035792,-17872,-673.0,-8850.0,-1413,1,1,1,1,1,0,2.0,2,2,FRIDAY,9,0,1,1,0,1,1,Industry: type 9,0.43418732,0.13765447,0.0,0.0,0.0,0.0,-1166.0,0,1,0,0,0,0,0,0,0,0,0,0,0,0,0,0,0,0,0,0,0.0,0.0,0.0,0.0,0.0,4.0,155098.8,775494.0,0.0,0.0,83773.8,418869.0,2.0,0.0,-791.2,-1157.0,-235.0,2.0,7.0,2.0,107490.63857142857,141723.64285714287,133.0,-245.48413533834585,-28202.94,0.0,-2.7669172,23.0,1535444.1449999998,1568093.535,3.0,0.0
102904,Cash loans,F,N,Y,1,144000.0,523431.0,35109.0,427500.0,Unaccompanied,Working,Secondary / secondary special,Civil marriage,House / apartment,0.072508,-14164,-1740.0,-3265.0,-4814,1,1,0,1,0,0,3.0,1,1,SUNDAY,15,0,0,0,0,0,0,Business Entity Type 3,0.3535847,,0.0,0.0,0.0,0.0,0.0,0,1,0,0,0,0,0,0,0,0,0,0,0,0,0,0,0,0,0,0,,,,,,,,,,,,,,,,,,,2.0,2.0,66890.25,51315.75,23.0,0.0,0.0,0.0,-19.173914,-7.0,125779.5,125779.5,2.0,0.0
102912,Cash loans,M,N,Y,2,252000.0,301464.0,19395.0,238500.0,Unaccompanied,State servant,Secondary / secondary special,Married,With parents,0.006629,-11099,-2982.0,-4577.0,-2835,1,1,0,1,0,0,4.0,2,2,TUESDAY,6,0,0,0,0,0,0,Business Entity Type 2,0.47405744,0.62461466,0.0,0.0,0.0,0.0,0.0,0,1,0,0,0,0,0,0,0,0,0,0,0,0,0,0,0,0,0,0,0.0,0.0,0.0,0.0,0.0,2.0,309318.4285714286,2165229.0,0.0,0.0,125468.35714285714,878278.5,2.0,0.0,-1338.4285714285713,-2011.0,-285.0,1.0,5.0,4.0,193986.0,178553.7,57.0,-1195.6586842105262,-15303.015,0.0,-40.333332,5.0,1248579.72,1316732.265,4.0,3.0
102919,Cash loans,F,N,Y,0,157500.0,535306.5,25884.0,400500.0,Unaccompanied,Pensioner,Secondary / secondary special,Single / not married,House / apartment,0.01885,-22278,,-10830.0,-4916,1,0,0,1,0,0,1.0,2,2,SATURDAY,13,0,0,0,0,0,0,XNA,0.66331923,0.7136314,2.0,0.0,2.0,0.0,0.0,0,1,0,0,0,0,0,0,0,0,0,0,0,0,0,0,0,0,0,0,0.0,0.0,0.0,0.0,0.0,0.0,90000.0,90000.0,0.0,0.0,,0.0,0.0,0.0,-1556.0,-1556.0,-1556.0,1.0,11.0,5.0,124752.27272727272,133265.04545454544,53.0,-3059.274056603774,-22212.225000000002,0.0,-19.35849,6.0,729226.575,891368.1,5.0,2.0
102927,Cash loans,F,N,N,0,54000.0,118512.0,9490.5,90000.0,Unaccompanied,Working,Secondary / secondary special,Married,House / apartment,0.010643,-10537,-1629.0,-4719.0,-1127,1,1,1,1,1,0,2.0,2,2,WEDNESDAY,19,0,0,0,0,0,0,Medicine,0.5389075,0.38762534,0.0,0.0,0.0,0.0,-2019.0,0,1,0,0,0,0,0,0,0,0,0,0,0,0,0,0,0,0,0,0,0.0,0.0,0.0,0.0,0.0,1.0,178441.65,535324.95,0.0,0.0,92125.5,276376.5,1.0,0.0,-623.6666666666666,-834.0,-329.0,2.0,3.0,2.0,72083.7,73912.5,10.0,0.0,0.0,0.0,-30.6,-10.0,73820.7,73820.7,1.0,0.0
102932,Cash loans,M,Y,Y,1,135000.0,207396.0,16515.0,157500.0,Unaccompanied,Commercial associate,Incomplete higher,Married,House / apartment,0.0228,-13986,-391.0,-3213.0,-4256,1,1,0,1,0,1,3.0,2,2,WEDNESDAY,15,0,0,0,0,0,0,Construction,0.4165346,0.69255906,3.0,0.0,3.0,0.0,-2092.0,0,1,0,0,0,0,0,0,0,0,0,0,0,0,0,0,0,0,0,0,0.0,0.0,0.0,0.0,0.0,1.0,362750.14285714284,2539251.0,0.0,0.0,0.0,0.0,1.0,0.0,-1482.142857142857,-2817.0,-228.0,2.0,1.0,1.0,180000.0,220297.5,12.0,0.0,0.0,0.0,-8.583333,1.0,313726.275,313726.275,1.0,0.0
102933,Cash loans,M,N,N,0,180000.0,254700.0,18531.0,225000.0,Unaccompanied,Working,Secondary / secondary special,Single / not married,House / apartment,0.018634,-10618,-3052.0,-4763.0,-1944,1,1,1,1,0,0,1.0,2,2,THURSDAY,17,0,0,0,0,0,0,Business Entity Type 3,0.24496916,0.43473324,0.0,0.0,0.0,0.0,-1541.0,0,1,0,0,0,0,0,0,0,0,0,0,0,0,0,0,0,0,0,0,0.0,0.0,0.0,0.0,0.0,0.0,219000.0,657000.0,0.0,0.0,76322.295,152644.59,2.0,0.0,-1074.3333333333333,-1744.0,-538.0,2.0,6.0,2.0,306375.0,308155.5,24.0,0.0,0.0,0.0,-8.875,1.0,305163.495,305163.495,2.0,0.0
102935,Cash loans,F,N,Y,0,171000.0,732915.0,79065.0,675000.0,Unaccompanied,Pensioner,Secondary / secondary special,Married,House / apartment,0.010032,-23460,,-12215.0,-4635,1,0,0,1,0,0,2.0,2,2,WEDNESDAY,6,0,0,0,0,0,0,XNA,0.52284306,0.66263777,0.0,0.0,0.0,0.0,-305.0,0,1,0,0,0,0,0,0,0,0,0,0,0,0,0,0,0,0,0,0,0.0,0.0,0.0,0.0,0.0,0.0,101534.40000000001,304603.2,0.0,0.0,0.0,0.0,0.0,0.0,-1526.0,-2756.0,-767.0,1.0,2.0,2.0,107122.5,113080.5,8.0,0.0,0.0,0.0,-8.0,-4.0,207959.265,207959.265,1.0,0.0
102958,Cash loans,F,N,Y,0,90000.0,248877.0,12834.0,189000.0,Unaccompanied,Commercial associate,Secondary / secondary special,Widow,House / apartment,0.008625,-16784,-1240.0,-9669.0,-326,1,1,1,1,0,0,1.0,2,2,MONDAY,12,0,0,0,0,0,0,Self-employed,0.5413409,0.5585066,0.0,0.0,0.0,0.0,-644.0,0,1,0,0,0,0,0,0,0,0,0,0,0,0,0,0,0,0,0,0,0.0,0.0,0.0,0.0,0.0,1.0,287580.0,862740.0,0.0,0.0,137178.0,411534.0,2.0,0.0,-1968.0,-2600.0,-1435.0,2.0,1.0,1.0,112860.0,112860.0,6.0,0.0,0.0,0.0,-22.166666,-2.0,116993.97,116993.97,1.0,0.0
102969,Cash loans,M,Y,Y,1,157500.0,509400.0,37197.0,450000.0,Family,Working,Secondary / secondary special,Married,House / apartment,0.031329,-11285,-1461.0,-8962.0,-3824,1,1,0,1,0,0,3.0,2,2,FRIDAY,10,0,0,0,0,0,0,Industry: type 7,0.17243509,0.7223929,0.0,0.0,0.0,0.0,0.0,0,1,0,0,0,0,0,0,0,0,0,0,0,0,0,0,0,0,0,0,0.0,0.0,0.0,0.0,1.0,3.0,511875.0,2047500.0,0.0,0.0,173140.5,519421.5,2.0,0.0,-710.5,-903.0,-421.0,2.0,11.0,3.0,172554.54545454544,222480.0,49.0,-14.105204081632653,-469.485,0.0,-6.9183674,0.0,695817.765,696508.9199999999,2.0,0.0
102971,Cash loans,F,N,Y,1,270000.0,964575.0,31243.5,675000.0,Unaccompanied,Commercial associate,Higher education,Married,Rented apartment,0.016612,-19964,-1637.0,-11162.0,-3501,1,1,0,1,0,1,3.0,2,2,TUESDAY,16,0,0,0,0,1,1,Business Entity Type 3,0.60954654,0.7463002,0.0,0.0,0.0,0.0,0.0,0,1,0,0,0,0,0,0,0,0,0,0,0,0,0,0,0,0,0,0,0.0,0.0,0.0,0.0,0.0,1.0,750000.0,2250000.0,0.0,0.0,215778.0,647334.0,2.0,0.0,-1793.3333333333333,-2140.0,-1100.0,1.0,,,,,,,,,,,,,,
102975,Cash loans,M,Y,N,0,225000.0,431730.0,46494.0,405000.0,Unaccompanied,Commercial associate,Higher education,Single / not married,House / apartment,0.04622,-15645,-2169.0,-4886.0,-656,1,1,1,1,0,0,1.0,1,1,MONDAY,11,1,0,1,1,0,1,Business Entity Type 3,0.6626352,,0.0,0.0,0.0,0.0,-334.0,0,0,0,0,0,0,1,0,0,0,0,0,0,0,0,0,0,0,0,0,,,,,,,,,,,,,,,,,,,1.0,1.0,56200.5,39339.0,11.0,-360.41727272727275,-3252.87,0.0,-11.636364,6.0,39645.9,43610.490000000005,1.0,0.0
102979,Cash loans,F,N,Y,1,112500.0,431280.0,22149.0,360000.0,Family,Commercial associate,Secondary / secondary special,Civil marriage,House / apartment,0.006008,-12802,-2250.0,-6594.0,-4770,1,1,0,1,0,0,3.0,2,2,MONDAY,13,0,0,0,0,0,0,School,0.47857386,0.6144144,5.0,0.0,5.0,0.0,0.0,0,1,0,0,0,0,0,0,0,0,0,0,0,0,0,0,0,0,0,0,0.0,0.0,0.0,0.0,0.0,4.0,85797.12,257391.36,0.0,0.0,10882.5,32647.5,1.0,0.0,-1014.0,-1496.0,-617.0,1.0,5.0,5.0,94290.597,105275.7,40.0,0.0,0.0,0.0,-15.95,1.0,675801.9,675801.9,5.0,0.0
102982,Cash loans,F,Y,Y,1,207000.0,332946.0,14665.5,238500.0,Unaccompanied,Working,Higher education,Married,House / apartment,0.00712,-14415,-6389.0,-535.0,-4719,1,1,0,1,0,0,3.0,2,2,SATURDAY,10,0,0,0,0,0,0,Police,0.57992,0.5298898,3.0,1.0,3.0,0.0,-1429.0,0,1,0,0,0,0,0,0,0,0,0,0,0,0,0,0,0,0,0,0,0.0,0.0,0.0,0.0,1.0,1.0,421317.59400000004,2106587.97,0.0,0.0,261420.3,1307101.5,2.0,0.0,-954.2,-1344.0,-646.0,2.0,2.0,2.0,76911.75,73451.25,16.0,0.0,0.0,0.0,-7.6875,-4.0,161982.225,161982.225,2.0,0.0
102987,Cash loans,M,Y,Y,2,225000.0,688500.0,35284.5,688500.0,Unaccompanied,State servant,Secondary / secondary special,Married,Rented apartment,0.014464,-12197,-2863.0,-483.0,-2549,1,1,0,1,0,0,4.0,2,2,WEDNESDAY,6,0,0,0,0,0,0,Military,0.3220504,0.2664568,2.0,0.0,2.0,0.0,-1351.0,0,0,0,0,0,0,1,0,0,0,0,0,0,0,0,0,0,0,0,0,0.0,0.0,0.0,0.0,0.0,0.0,120539.43,482157.72,0.0,0.0,164299.5,328599.0,2.0,0.0,-1671.25,-2056.0,-1350.0,2.0,5.0,3.0,151065.9,251447.4,50.0,-1401.4170000000001,-23400.0,0.0,-5.04,29.0,1907988.8849999998,1978059.7349999999,2.0,0.0
102989,Cash loans,F,N,Y,0,67500.0,225000.0,9589.5,225000.0,Unaccompanied,Working,Secondary / secondary special,Married,House / apartment,0.025164,-13494,-1522.0,-5630.0,-4449,1,1,1,1,1,0,2.0,2,2,MONDAY,18,0,0,0,0,0,0,Industry: type 11,0.47102702,0.39621958,0.0,0.0,0.0,0.0,-1413.0,0,1,0,0,0,0,0,0,0,0,0,0,0,0,0,0,0,0,0,0,0.0,0.0,0.0,0.0,2.0,1.0,63371.3085,1267426.17,0.0,0.0,8520.5,153369.0,2.0,0.0,-1020.9,-2772.0,-41.0,2.0,13.0,8.0,98172.51923076923,106148.76923076923,54.0,-801.2458333333334,-13965.66,0.0,-10.092592,30.0,1229940.855,1273208.13,6.0,25.0
102995,Cash loans,F,N,N,0,216000.0,272520.0,21658.5,225000.0,Family,Pensioner,Secondary / secondary special,Widow,House / apartment,0.002042,-22743,,-199.0,-4699,1,0,0,1,0,0,1.0,3,3,FRIDAY,15,0,0,0,0,0,0,XNA,0.5988738,0.31391668,4.0,0.0,4.0,0.0,0.0,0,1,0,0,0,0,0,0,0,0,0,0,0,0,0,0,0,0,0,0,0.0,0.0,0.0,0.0,0.0,2.0,415485.0,2492910.0,0.0,0.0,222888.0,1337328.0,4.0,0.0,-814.5,-1451.0,-189.0,2.0,1.0,1.0,149265.0,149265.0,24.0,0.0,0.0,0.0,-5.125,-1.0,164476.755,164476.755,1.0,0.0
102996,Revolving loans,M,Y,Y,1,270000.0,270000.0,13500.0,270000.0,Unaccompanied,Working,Higher education,Married,House / apartment,0.0105,-13832,-2905.0,-4699.0,-5079,1,1,0,1,0,0,3.0,3,3,SUNDAY,14,0,0,0,0,0,0,Transport: type 4,0.37948638,0.735221,0.0,0.0,0.0,0.0,-1036.0,0,0,0,0,0,0,0,0,0,0,0,0,0,0,0,0,0,0,0,0,0.0,0.0,0.0,0.0,1.0,2.0,1412677.95,8476067.7,0.0,0.0,990162.0,2970486.0,3.0,0.0,-1134.5,-1748.0,-250.0,3.0,3.0,2.0,183240.0,179892.0,17.0,0.0,0.0,0.0,-8.823529,-1.0,567799.02,567799.02,2.0,0.0
103000,Cash loans,F,N,Y,0,247500.0,601470.0,25614.0,450000.0,Unaccompanied,Pensioner,Secondary / secondary special,Married,House / apartment,0.007305,-21542,,-1706.0,-1370,1,0,0,1,1,1,2.0,3,3,TUESDAY,9,0,0,0,0,0,0,XNA,0.60055363,,1.0,0.0,1.0,0.0,-2062.0,0,0,0,0,1,0,0,0,0,0,0,0,0,0,0,0,0,0,0,0,,,,,,,,,,,,,,,,,,,2.0,2.0,23737.5,22749.75,125.0,-132.55704,-6750.0,0.0,-4.648,24.0,506229.525,522799.155,2.0,3.0
103001,Cash loans,F,N,Y,2,202500.0,378706.5,18346.5,306000.0,Unaccompanied,Working,Secondary / secondary special,Separated,House / apartment,0.020246,-14550,-4097.0,-485.0,-5171,1,1,0,1,1,0,3.0,3,3,WEDNESDAY,7,0,0,0,0,0,0,Electricity,0.15904646,0.78383243,3.0,0.0,3.0,0.0,-2895.0,0,1,0,0,0,0,0,0,0,0,0,0,0,0,0,0,0,0,0,0,0.0,0.0,0.0,0.0,0.0,4.0,1535316.75,9211900.5,0.0,0.0,595893.0,3575358.0,1.0,0.0,-1846.1666666666667,-2806.0,-637.0,2.0,6.0,4.0,150420.30000000002,166823.55000000002,31.0,454.2140322580646,-4240.89,16296.75,-7.096774,5.0,813343.3200000001,799262.685,3.0,0.0
103004,Cash loans,F,N,Y,0,112500.0,538389.0,37602.0,477000.0,Unaccompanied,Pensioner,Incomplete higher,Married,House / apartment,0.006852,-20615,,-3697.0,-3579,1,0,0,1,0,0,2.0,3,3,WEDNESDAY,7,0,0,0,0,0,0,XNA,0.40951556,0.3740208,0.0,0.0,0.0,0.0,-835.0,0,1,0,0,0,0,0,0,0,0,0,0,0,0,0,0,0,0,0,0,0.0,0.0,0.0,0.0,1.0,1.0,410898.0,2465388.0,0.0,0.0,104151.0,624906.0,2.0,0.0,-1023.3333333333334,-2422.0,-287.0,2.0,5.0,5.0,136754.1,134246.7,43.0,-586.9370930232558,-21788.19,0.0,-27.372093,9.0,736314.615,761552.91,6.0,4.0
103010,Cash loans,F,N,Y,2,225000.0,180000.0,21361.5,180000.0,Unaccompanied,Commercial associate,Secondary / secondary special,Married,House / apartment,0.019689,-14713,-3322.0,-154.0,-5371,1,1,1,1,0,0,4.0,2,2,WEDNESDAY,7,0,0,0,0,0,0,Business Entity Type 3,0.6648607,,1.0,0.0,1.0,0.0,-3312.0,0,1,0,0,0,0,0,0,0,0,0,0,0,0,0,0,0,0,0,0,,,,,,,,,,,,,,,,,,,1.0,1.0,144675.0,144675.0,4.0,0.0,0.0,0.0,-11.5,-7.0,103546.8,103546.8,1.0,0.0
103025,Cash loans,F,N,Y,3,180000.0,440784.0,34956.0,360000.0,Unaccompanied,Commercial associate,Secondary / secondary special,Civil marriage,House / apartment,0.006629,-12451,-1287.0,-1360.0,-3606,1,1,0,1,0,1,5.0,2,2,WEDNESDAY,7,0,0,0,0,0,0,Self-employed,0.62140244,0.3016249,2.0,1.0,2.0,1.0,-502.0,0,1,0,0,0,0,0,0,0,0,0,0,0,0,0,0,0,0,0,0,0.0,0.0,0.0,0.0,0.0,3.0,402225.3,3217802.4,0.0,0.0,10530.0,42120.0,2.0,0.0,-667.875,-1465.0,-63.0,2.0,3.0,2.0,270000.0,339568.5,5.0,0.0,0.0,0.0,-10.8,0.0,622431.72,622431.72,2.0,0.0
103029,Cash loans,M,Y,N,0,162000.0,108000.0,11340.0,108000.0,Unaccompanied,Working,Higher education,Single / not married,House / apartment,0.006305,-10198,-214.0,-1595.0,-2689,1,1,1,1,0,0,1.0,3,3,WEDNESDAY,12,0,0,0,0,0,0,Security Ministries,0.3103773,0.5298898,0.0,0.0,0.0,0.0,-619.0,0,0,0,0,0,0,1,0,0,0,0,0,0,0,0,0,0,0,0,0,0.0,0.0,0.0,0.0,0.0,0.0,222813.54,1559694.78,0.0,0.0,0.0,0.0,0.0,0.0,-1161.2857142857142,-1783.0,-270.0,1.0,5.0,5.0,65669.4,58270.5,5.0,0.0,0.0,0.0,-13.4,0.0,210784.41,210784.41,4.0,0.0
103046,Cash loans,F,N,Y,1,234000.0,1096020.0,59589.0,900000.0,Unaccompanied,Commercial associate,Secondary / secondary special,Married,House / apartment,0.011703,-11983,-2079.0,-1197.0,-4431,1,1,0,1,0,0,3.0,2,2,THURSDAY,10,0,0,0,1,1,0,Trade: type 3,0.5898058,,0.0,0.0,0.0,0.0,0.0,0,1,0,0,0,0,0,0,0,0,0,0,0,0,0,0,0,0,0,0,,,,,,,,,,,,,,,,,,,1.0,1.0,211442.58,206622.0,10.0,0.0,0.0,0.0,-10.8,-6.0,225790.875,225790.875,1.0,0.0
103056,Cash loans,F,N,N,0,180000.0,315000.0,16213.5,315000.0,Unaccompanied,Pensioner,Secondary / secondary special,Widow,House / apartment,0.04622,-19584,,-9445.0,-3137,1,0,0,1,0,0,1.0,1,1,THURSDAY,15,0,0,0,0,0,0,XNA,0.73195857,0.41359675,3.0,1.0,3.0,1.0,0.0,0,1,0,0,0,0,0,0,0,0,0,0,0,0,0,0,0,0,0,0,0.0,0.0,0.0,0.0,0.0,4.0,455864.78571428574,3191053.5,0.0,0.0,160783.029,803915.145,4.0,0.0,-2137.0,-2831.0,-272.0,3.0,10.0,6.0,147629.7,158547.6,102.0,-4065.069705882353,-25866.405,0.0,-6.95098,12.0,1982981.115,2397618.225,6.0,1.0
103062,Cash loans,F,Y,Y,0,180000.0,603000.0,32841.0,603000.0,Family,Working,Secondary / secondary special,Married,House / apartment,0.018209,-19753,-3121.0,-1082.0,-3311,1,1,0,1,0,1,2.0,3,3,TUESDAY,9,0,0,0,0,0,0,Industry: type 3,0.39699227,0.3556387,0.0,0.0,0.0,0.0,-922.0,0,1,0,0,0,0,0,0,0,0,0,0,0,0,0,0,0,0,0,0,0.0,0.0,0.0,0.0,2.0,4.0,102976.173,1029761.73,0.0,0.0,32121.315,256970.52,3.0,0.0,-596.2,-964.0,-307.0,2.0,12.0,4.0,158827.5,175181.25,24.0,0.0,0.0,0.0,-9.166667,-1.0,440334.54,440334.54,3.0,0.0
103078,Cash loans,M,N,Y,1,90000.0,675000.0,24376.5,675000.0,Unaccompanied,Commercial associate,Secondary / secondary special,Married,House / apartment,0.015221,-12510,-4775.0,-457.0,-4392,1,1,0,1,0,0,3.0,2,2,THURSDAY,15,0,0,0,1,1,0,Industry: type 11,0.7876131,0.57620883,3.0,0.0,3.0,0.0,-1906.0,0,1,0,0,0,0,0,0,0,0,0,0,0,0,0,0,0,0,0,0,0.0,0.0,0.0,0.0,0.0,2.0,621750.0,3730500.0,0.0,0.0,137263.221,686316.105,4.0,0.0,-892.0,-1583.0,-323.0,3.0,6.0,6.0,128160.75,119906.25,45.0,-720.0,-16198.605,0.0,-10.933333,4.0,866495.97,898895.97,6.0,0.0
103083,Cash loans,F,N,Y,0,202500.0,929088.0,33502.5,720000.0,Unaccompanied,State servant,Higher education,Married,House / apartment,0.04622,-17480,-4599.0,-1273.0,-1015,1,1,0,1,0,0,2.0,1,1,TUESDAY,12,0,0,0,0,0,0,Kindergarten,0.73921424,0.6785677,1.0,0.0,1.0,0.0,-1174.0,0,1,0,0,0,0,0,0,0,0,0,0,0,0,0,0,0,0,0,0,0.0,0.0,0.0,0.0,0.0,0.0,307360.5,922081.5,0.0,0.0,0.0,0.0,2.0,0.0,-1158.0,-1316.0,-859.0,2.0,5.0,4.0,294477.3,419231.7,53.0,-5.68443396226415,-216.89999999999998,0.0,-4.735849,0.0,438603.435,438904.70999999996,2.0,0.0
103092,Cash loans,F,N,Y,0,202500.0,783927.0,42655.5,688500.0,Unaccompanied,Working,Secondary / secondary special,Widow,House / apartment,0.010032,-19873,-4771.0,-5584.0,-3358,1,1,1,1,0,0,1.0,2,2,SUNDAY,8,0,0,0,0,0,0,Government,0.1716719,0.66102356,0.0,0.0,0.0,0.0,-86.0,0,1,0,0,0,0,0,0,0,0,0,0,0,0,0,0,0,0,0,0,0.0,0.0,0.0,0.0,1.0,3.0,184500.0,369000.0,0.0,0.0,35109.0,70218.0,1.0,0.0,-1547.0,-2673.0,-421.0,1.0,8.0,7.0,225127.760625,251093.885625,62.0,4262.784677419355,-29158.92,285423.255,-5.532258,12.0,2619043.785,2354751.135,7.0,0.0
103096,Cash loans,F,N,Y,0,117000.0,278460.0,21676.5,225000.0,Unaccompanied,Commercial associate,Secondary / secondary special,Single / not married,House / apartment,0.019689,-11431,-2696.0,-4122.0,-4122,1,1,0,1,0,0,1.0,2,2,WEDNESDAY,13,0,0,0,0,0,0,Transport: type 4,0.5705056,,0.0,0.0,0.0,0.0,-720.0,0,1,0,0,0,0,0,0,0,0,0,0,0,0,0,0,0,0,0,0,,,,,,,,,,,,,,,,,,,5.0,4.0,80460.9,77588.1,26.0,0.0,0.0,0.0,-18.538462,1.0,440091.72,440091.72,4.0,0.0
103097,Cash loans,F,Y,N,1,90000.0,585000.0,41733.0,585000.0,Family,Working,Incomplete higher,Married,House / apartment,0.028663,-10705,-3671.0,-4485.0,-2212,1,1,0,1,0,0,3.0,2,2,WEDNESDAY,13,0,0,0,0,0,0,Industry: type 9,0.021799777,0.38762534,0.0,0.0,0.0,0.0,-1300.0,0,1,0,0,0,0,0,0,0,0,0,0,0,0,0,0,0,0,0,0,0.0,0.0,0.0,0.0,0.0,3.0,485164.6842857143,3396152.79,0.0,0.0,196679.25,1180075.5,4.0,0.0,-755.1428571428571,-1643.0,-162.0,3.0,3.0,3.0,239682.75,234916.5,33.0,0.0,0.0,0.0,-11.727273,-1.0,912661.02,912661.02,3.0,0.0
103102,Cash loans,M,N,Y,0,112500.0,1079581.5,55251.0,886500.0,Family,Working,Secondary / secondary special,Married,House / apartment,0.020713,-11626,-875.0,-882.0,-2917,1,1,1,1,0,0,2.0,3,3,TUESDAY,6,0,0,0,0,0,0,Industry: type 9,0.461156,,2.0,0.0,2.0,0.0,-489.0,0,1,0,0,0,0,0,0,0,0,0,0,0,0,0,0,0,0,0,0,,,,,,,,,,,,,,,,,,,1.0,1.0,58095.0,67297.5,16.0,0.0,0.0,0.0,-7.0,-1.0,75975.84,75975.84,1.0,0.0
103112,Cash loans,M,Y,N,0,270000.0,675000.0,45108.0,675000.0,Unaccompanied,Working,Secondary / secondary special,Single / not married,House / apartment,0.072508,-9265,-92.0,-9238.0,-1928,1,1,0,1,1,1,1.0,1,1,MONDAY,10,0,0,0,0,0,0,Business Entity Type 3,0.36785412,0.5549468,0.0,0.0,0.0,0.0,0.0,0,0,0,0,0,0,1,0,0,0,0,0,0,0,0,0,0,0,0,0,0.0,0.0,0.0,0.0,1.0,0.0,677943.72,1355887.44,0.0,0.0,0.0,0.0,1.0,0.0,-668.0,-694.0,-642.0,1.0,2.0,2.0,99380.25,80511.75,13.0,0.0,0.0,0.0,-14.153846,-3.0,205742.43,205742.43,2.0,0.0
103132,Cash loans,F,N,Y,0,112500.0,634662.0,24057.0,472500.0,Unaccompanied,Pensioner,Secondary / secondary special,Married,House / apartment,0.010966,-23405,,-2087.0,-4528,1,0,0,1,0,0,2.0,2,2,TUESDAY,11,0,0,0,0,0,0,XNA,0.5225648,0.4902575,0.0,0.0,0.0,0.0,0.0,0,0,0,0,1,0,0,0,0,0,0,0,0,0,0,0,0,0,0,0,0.0,0.0,0.0,0.0,0.0,0.0,241649.1225,1933192.98,0.0,0.0,52793.814375,422350.515,1.0,0.0,-723.75,-1082.0,-294.0,1.0,5.0,5.0,140263.2,149130.9,28.0,-248.10589285714286,-6840.0,0.0,-19.892857,9.0,890224.2,897171.165,5.0,0.0
103144,Cash loans,F,N,Y,0,112500.0,643500.0,50971.5,643500.0,Unaccompanied,Working,Secondary / secondary special,Married,House / apartment,0.028663,-8263,-819.0,-3143.0,-442,1,1,0,1,0,0,2.0,2,2,FRIDAY,8,0,0,0,0,0,0,Business Entity Type 3,0.57600486,0.5226973,0.0,0.0,0.0,0.0,-678.0,0,1,0,0,0,0,0,0,0,0,0,0,0,0,0,0,0,0,0,0,0.0,0.0,0.0,0.0,0.0,0.0,72628.875,290515.5,0.0,0.0,0.0,0.0,1.0,0.0,-315.5,-427.0,-225.0,1.0,2.0,2.0,396000.0,396000.0,20.0,-2574.0990000000006,-51479.46000000001,0.0,-29.7,2.0,666957.15,718439.13,2.0,0.0
103145,Cash loans,F,N,N,1,54000.0,315000.0,25015.5,315000.0,Unaccompanied,State servant,Higher education,Married,House / apartment,0.019101,-9708,-92.0,-4521.0,-242,1,1,1,1,0,0,3.0,2,2,MONDAY,13,0,0,0,0,0,0,Other,0.49178588,,1.0,0.0,1.0,0.0,-259.0,0,1,0,0,0,0,0,0,0,0,0,0,0,0,0,0,0,0,0,0,,,,,,,,,,,,,,,,,,,2.0,1.0,17300.25,16391.25,4.0,0.0,0.0,0.0,-4.0,1.0,36585.315,36585.315,1.0,0.0
103146,Cash loans,F,N,Y,2,180000.0,156384.0,16551.0,135000.0,Unaccompanied,Commercial associate,Secondary / secondary special,Married,House / apartment,0.022625,-11200,-2937.0,-5522.0,-3855,1,1,1,1,1,0,4.0,2,2,TUESDAY,16,0,0,0,0,0,0,Emergency,0.5985113,0.6430256,1.0,0.0,1.0,0.0,-356.0,0,1,0,0,0,0,0,0,0,0,0,0,0,0,0,0,0,0,0,0,0.0,0.0,0.0,0.0,1.0,3.0,1185459.0,7112754.0,0.0,0.0,820879.5,4925277.0,1.0,0.0,-2072.3333333333335,-2600.0,-974.0,3.0,5.0,3.0,98171.20800000001,103063.60800000001,16.0,-582.0862499999998,-7376.759999999999,0.0,-4.5,2.0,159507.585,168820.965,3.0,2.0
103147,Cash loans,M,N,Y,0,315000.0,969979.5,49657.5,796500.0,Unaccompanied,Commercial associate,Secondary / secondary special,Married,With parents,0.003818,-12499,-227.0,-452.0,-4597,1,1,0,1,1,0,2.0,2,2,TUESDAY,10,0,0,0,0,0,0,Business Entity Type 3,0.49149075,0.54423475,0.0,0.0,0.0,0.0,-263.0,0,1,0,0,0,0,0,0,0,0,0,0,0,0,0,0,0,0,0,0,0.0,0.0,0.0,0.0,0.0,4.0,1402891.5675,8417349.405,0.0,0.0,1255908.6,6279543.0,3.0,0.0,-899.1666666666666,-1881.0,-237.0,2.0,5.0,3.0,328410.9,340040.7,12.0,0.0,0.0,0.0,-12.25,-1.0,631334.025,631334.025,3.0,0.0
103158,Cash loans,F,N,Y,0,135000.0,104256.0,10813.5,90000.0,Unaccompanied,Pensioner,Secondary / secondary special,Separated,Municipal apartment,0.005002,-19611,,-7072.0,-2746,1,0,0,1,0,0,1.0,3,3,THURSDAY,10,0,0,0,0,0,0,XNA,0.7427857,0.63637614,7.0,0.0,7.0,0.0,-1571.0,0,1,0,0,0,0,0,0,0,0,0,0,0,0,0,0,0,0,0,0,0.0,0.0,0.0,0.0,0.0,2.0,254087.28,2286785.52,0.0,0.0,116395.71428571429,814770.0,5.0,0.0,-970.7777777777778,-1962.0,-381.0,2.0,5.0,5.0,199862.1,314883.9,89.0,-331.7617415730337,-28302.3,0.0,-6.6292133,3.0,1554118.335,1583645.13,4.0,0.0
103171,Cash loans,M,Y,Y,0,157500.0,291114.0,22657.5,243000.0,Unaccompanied,Working,Secondary / secondary special,Married,House / apartment,0.002042,-11011,-1908.0,-5186.0,-3468,1,1,0,1,0,0,2.0,3,3,MONDAY,10,0,0,0,0,0,0,Transport: type 4,0.39906713,0.7062051,7.0,2.0,7.0,0.0,-1803.0,0,1,0,0,0,0,0,0,0,0,0,0,0,0,0,0,0,0,0,0,0.0,0.0,0.0,0.0,1.0,5.0,25729.425,51458.85,0.0,0.0,0.0,0.0,1.0,0.0,-1124.0,-1171.0,-1077.0,2.0,11.0,8.0,118941.95454545454,130443.13636363637,68.0,-1534.2232835820894,-28907.1,0.0,-5.671642,15.0,1395234.855,1809766.17,8.0,2.0
103173,Cash loans,F,Y,Y,1,112500.0,1035000.0,33516.0,1035000.0,Family,Commercial associate,Secondary / secondary special,Married,House / apartment,0.031329,-13508,-249.0,-4388.0,-1431,1,1,0,1,0,0,3.0,2,2,SUNDAY,12,0,0,0,0,1,1,Government,0.58649516,0.62799084,14.0,0.0,14.0,0.0,-956.0,0,1,0,0,0,0,0,0,0,0,0,0,0,0,0,0,0,0,0,0,0.0,0.0,0.0,0.0,0.0,2.0,89620.71428571429,627345.0,0.0,0.0,0.0,0.0,3.0,0.0,-887.4285714285714,-1459.0,-204.0,2.0,14.0,7.0,434705.73107142857,476426.5714285714,68.0,3218.9234558823528,-7256.52,117636.795,-7.7941175,2.0,1787569.2,1568682.405,6.0,0.0
103184,Cash loans,M,Y,Y,0,225000.0,257391.0,29241.0,238500.0,Unaccompanied,Commercial associate,Higher education,Married,With parents,0.016612,-10670,-1132.0,-773.0,-3335,1,1,0,1,0,0,2.0,2,2,FRIDAY,13,0,0,0,0,0,0,Business Entity Type 3,0.54736674,0.71803284,0.0,0.0,0.0,0.0,-657.0,0,1,0,0,0,0,0,0,0,0,0,0,0,0,0,0,0,0,0,0,0.0,0.0,0.0,0.0,1.0,0.0,541534.5,1624603.5,0.0,0.0,208953.87,626861.61,1.0,0.0,-607.0,-877.0,-471.0,2.0,5.0,4.0,151969.5,159464.7,27.0,8664.13,0.0,59349.689999999995,-12.407408,-1.0,897069.645,663138.135,4.0,0.0
103195,Cash loans,F,N,Y,2,148500.0,599778.0,30753.0,477000.0,Unaccompanied,Working,Secondary / secondary special,Married,House / apartment,0.008474,-12869,-1548.0,-130.0,-4069,1,1,0,1,0,1,4.0,2,2,SATURDAY,10,0,0,0,0,0,0,Business Entity Type 2,0.6463488,0.2539628,0.0,0.0,0.0,0.0,-350.0,0,1,0,0,0,0,0,0,0,0,0,0,0,0,0,0,0,0,0,0,0.0,0.0,0.0,0.0,0.0,4.0,672745.95,6727459.5,0.0,0.0,55416.9375,443335.5,5.0,0.0,-1488.6,-2692.0,-509.0,3.0,9.0,6.0,136390.0,154548.0,57.0,-1965.2755263157894,-35868.825,0.0,-11.578947,8.0,1735377.345,1847398.05,7.0,0.0
103196,Cash loans,F,N,Y,2,112500.0,900000.0,45954.0,900000.0,Unaccompanied,Working,Higher education,Married,House / apartment,0.026392,-13455,-2184.0,-433.0,-4404,1,1,0,1,1,0,4.0,2,2,MONDAY,10,0,0,0,0,0,0,Business Entity Type 2,0.433908,0.4382814,0.0,0.0,0.0,0.0,-2463.0,0,1,0,0,0,0,0,0,0,0,0,0,0,0,0,0,0,0,0,0,0.0,0.0,0.0,0.0,0.0,2.0,74665.5,447993.0,0.0,0.0,0.0,0.0,0.0,0.0,-1022.0,-1500.0,-605.0,1.0,5.0,2.0,117900.0,141427.8,28.0,-161.19,-2341.9799999999996,0.0,-9.642858,2.0,772868.385,777381.705,2.0,0.0
103206,Cash loans,F,N,Y,0,81000.0,166810.5,17221.5,144000.0,Family,Working,Secondary / secondary special,Married,House / apartment,0.019101,-12883,-996.0,-4168.0,-4168,1,1,0,1,1,0,2.0,2,2,MONDAY,10,0,0,0,0,0,0,Military,0.6957471,0.8435435,6.0,0.0,6.0,0.0,0.0,0,1,0,0,0,0,0,0,0,0,0,0,0,0,0,0,0,0,0,0,0.0,0.0,0.0,0.0,0.0,1.0,42638.94642857143,298472.625,0.0,0.0,0.0,0.0,0.0,0.0,-1922.5714285714287,-2784.0,-856.0,2.0,4.0,3.0,58212.0,82485.0,26.0,0.0,0.0,0.0,-6.5,0.0,290401.92,290401.92,4.0,0.0
103230,Cash loans,M,Y,N,0,202500.0,643500.0,50971.5,643500.0,Unaccompanied,Commercial associate,Secondary / secondary special,Married,House / apartment,0.026392,-19807,-4240.0,-5258.0,-3367,1,1,0,1,0,0,2.0,2,2,THURSDAY,11,0,0,0,0,0,0,Housing,0.66999125,0.08503261,0.0,0.0,0.0,0.0,0.0,0,1,0,0,0,0,0,0,0,0,0,0,0,0,0,0,0,0,0,0,0.0,0.0,0.0,0.0,0.0,4.0,161002.03846153847,2093026.5,0.0,0.0,41192.28375,494307.405,4.0,0.0,-479.53846153846155,-1924.0,-28.0,2.0,15.0,5.0,108699.6,165656.1,99.0,-4317.769545454545,-17582.714999999997,0.0,-8.060606,9.0,1274208.57,1701667.755,4.0,9.0
103231,Cash loans,M,Y,Y,1,193500.0,495000.0,23944.5,495000.0,Unaccompanied,Working,Secondary / secondary special,Married,House / apartment,0.008866,-10677,-3325.0,-4855.0,-2818,1,1,1,1,0,0,3.0,2,2,MONDAY,15,0,0,0,0,0,0,Construction,0.38053742,0.15100753,0.0,0.0,0.0,0.0,-961.0,0,1,0,0,0,0,0,0,0,0,0,0,0,0,0,0,0,0,0,0,0.0,0.0,0.0,0.0,2.0,2.0,256243.573125,2049948.585,0.0,0.0,25544.25,204354.0,4.0,0.0,-524.875,-879.0,-248.0,3.0,5.0,2.0,155338.2,165114.0,21.0,-655.3907142857142,-13572.72,0.0,-7.142857,2.0,168584.22,182347.42500000002,2.0,0.0
103232,Cash loans,M,Y,Y,0,180000.0,278460.0,20947.5,225000.0,Unaccompanied,Working,Incomplete higher,Married,House / apartment,0.022625,-17533,-201.0,-2948.0,-956,1,1,0,1,0,0,2.0,2,2,SATURDAY,10,0,0,0,0,1,1,Business Entity Type 3,0.6275611,0.79226446,1.0,0.0,1.0,0.0,-543.0,0,0,0,0,0,0,1,0,0,0,0,0,0,0,0,0,0,0,0,0,0.0,0.0,0.0,0.0,0.0,5.0,153447.75,306895.5,0.0,0.0,0.0,0.0,0.0,0.0,-2027.5,-2160.0,-1895.0,1.0,9.0,3.0,107000.0,115078.5,23.0,0.0,0.0,0.0,-11.956522,0.0,957627.765,957627.765,4.0,0.0
103239,Cash loans,F,N,N,0,254700.0,773955.0,29308.5,639000.0,Unaccompanied,State servant,Secondary / secondary special,Widow,Municipal apartment,0.014464,-21413,-12446.0,-7067.0,-955,1,1,0,1,0,0,1.0,2,2,MONDAY,7,0,0,0,0,1,1,Postal,0.0141881695,0.57796913,0.0,0.0,0.0,0.0,-475.0,0,1,0,0,0,0,0,0,0,0,0,0,0,0,0,0,0,0,0,0,0.0,0.0,0.0,0.0,0.0,1.0,276660.0,829980.0,0.0,0.0,222855.0,668565.0,2.0,0.0,-490.6666666666667,-754.0,-279.0,2.0,3.0,2.0,60000.0,64455.0,16.0,0.0,0.0,0.0,-25.875,0.0,176359.275,176359.275,1.0,0.0
103240,Cash loans,F,N,N,0,360000.0,781920.0,40054.5,675000.0,Unaccompanied,Working,Secondary / secondary special,Married,House / apartment,0.002506,-17320,-1939.0,-1972.0,-857,1,1,1,1,1,0,2.0,2,2,FRIDAY,11,0,0,0,0,0,0,Self-employed,0.7263445,0.162442,1.0,0.0,1.0,0.0,-428.0,0,1,0,0,0,0,0,0,0,0,0,0,0,0,0,0,0,0,0,0,0.0,0.0,0.0,0.0,0.0,2.0,1466718.75,2933437.5,0.0,0.0,1081083.915,2162167.83,2.0,0.0,-753.0,-1102.0,-404.0,2.0,6.0,1.0,158973.0,167883.0,10.0,0.0,0.0,0.0,-15.3,-10.0,158339.385,158339.385,1.0,0.0
103243,Cash loans,F,N,Y,0,144000.0,360000.0,40846.5,360000.0,Unaccompanied,Working,Secondary / secondary special,Married,House / apartment,0.028663,-17932,-10393.0,-5422.0,-1471,1,1,0,1,0,0,2.0,2,2,SATURDAY,9,0,0,0,0,0,0,Business Entity Type 2,0.48265144,0.52809274,0.0,0.0,0.0,0.0,-210.0,0,1,0,0,0,0,0,0,0,0,0,0,0,0,0,0,0,0,0,0,0.0,0.0,0.0,0.0,1.0,0.0,281679.42,1690076.52,0.0,0.0,106881.3,534406.5,2.0,0.0,-1157.5,-2699.0,-333.0,2.0,3.0,3.0,202308.56999999998,201687.0,37.0,0.0,0.0,0.0,-6.4054055,1.0,834671.385,834671.385,4.0,0.0
103252,Cash loans,M,Y,Y,3,225000.0,622413.0,33894.0,495000.0,Unaccompanied,Working,Higher education,Civil marriage,With parents,0.030755,-11667,-2952.0,-4135.0,-3967,1,1,0,1,0,0,5.0,2,2,SUNDAY,15,0,0,0,0,0,0,Self-employed,0.32457164,,0.0,0.0,0.0,0.0,0.0,0,1,0,0,0,0,0,0,0,0,0,0,0,0,0,0,0,0,0,0,0.0,0.0,0.0,0.0,0.0,0.0,0.0,0.0,0.0,0.0,0.0,0.0,1.0,0.0,-1417.0,-1417.0,-1417.0,1.0,3.0,3.0,62130.75,63640.5,17.0,0.0,0.0,0.0,-15.0,-10.0,136021.13999999998,136021.13999999998,3.0,0.0
103258,Cash loans,F,N,Y,1,157500.0,167076.0,12010.5,135000.0,Unaccompanied,Working,Secondary / secondary special,Married,House / apartment,0.00823,-14808,-7954.0,-1532.0,-5277,1,1,0,1,0,1,3.0,2,2,TUESDAY,16,0,0,0,0,1,1,Other,0.54973865,0.37740424,0.0,0.0,0.0,0.0,-1380.0,0,1,0,0,0,0,0,0,0,0,0,0,0,0,0,0,0,0,0,0,0.0,0.0,0.0,0.0,0.0,1.0,355311.64285714284,4974363.0,0.0,0.0,127430.59090909091,1401736.5,5.0,0.0,-1204.5,-2898.0,-54.0,2.0,3.0,3.0,480699.0,524823.0,37.0,-2087.1437837837834,-12252.24,0.0,-11.27027,6.0,1739397.285,1816621.605,3.0,0.0
103259,Cash loans,F,N,N,0,180000.0,746280.0,54306.0,675000.0,Unaccompanied,Working,Higher education,Married,House / apartment,0.018801,-11266,-2689.0,-2190.0,-1919,1,1,1,1,1,0,2.0,2,2,SUNDAY,8,0,0,0,0,0,0,Kindergarten,0.14655435,0.25533178,3.0,0.0,3.0,0.0,-2050.0,0,1,0,0,0,0,0,0,0,0,0,0,0,0,0,0,0,0,0,0,0.0,0.0,0.0,0.0,1.0,0.0,247581.24,1485487.44,0.0,0.0,108482.25,650893.5,3.0,0.0,-1076.6666666666667,-2144.0,-470.0,2.0,2.0,2.0,73235.25,68892.75,17.0,0.0,0.0,0.0,-20.235294,1.0,160463.97,160463.97,2.0,0.0
103279,Cash loans,M,Y,Y,1,360000.0,539100.0,27652.5,450000.0,Unaccompanied,Commercial associate,Secondary / secondary special,Married,House / apartment,0.04622,-14271,-2451.0,-1498.0,-4685,1,1,0,1,1,0,3.0,1,1,THURSDAY,13,0,0,0,0,1,1,Self-employed,0.7897778,,0.0,0.0,0.0,0.0,-757.0,0,0,0,0,0,0,1,0,0,0,0,0,0,0,0,0,0,0,0,0,,,,,,,,,,,,,,,,,,,2.0,2.0,134410.5,74299.5,8.0,0.0,0.0,0.0,-8.75,-4.0,83522.115,83522.115,1.0,0.0
103280,Cash loans,F,Y,Y,2,90000.0,502497.0,28188.0,454500.0,Unaccompanied,Working,Higher education,Married,House / apartment,0.022625,-16243,-3010.0,-10376.0,-4446,1,1,0,1,0,0,4.0,2,2,THURSDAY,8,0,0,0,0,0,0,Business Entity Type 3,0.64363486,0.7688076,0.0,0.0,0.0,0.0,-2043.0,0,1,0,0,0,0,0,0,0,0,0,0,0,0,0,0,0,0,0,0,0.0,0.0,0.0,0.0,1.0,1.0,226791.0,907164.0,0.0,0.0,0.0,0.0,0.0,0.0,-1967.0,-2670.0,-569.0,1.0,5.0,3.0,88800.084,83853.9,20.0,-446.15024999999997,-8473.005,0.0,-14.05,15.0,192457.57499999998,201380.58,3.0,13.0
103286,Cash loans,F,Y,Y,0,135000.0,135000.0,10575.0,135000.0,Unaccompanied,Commercial associate,Secondary / secondary special,Civil marriage,House / apartment,0.004849,-17458,-4513.0,-6483.0,-988,1,1,0,1,0,0,2.0,2,2,THURSDAY,11,0,0,0,0,0,0,Self-employed,0.5151624,0.7223929,0.0,0.0,0.0,0.0,-1395.0,0,1,0,0,0,0,0,0,0,0,0,0,0,0,0,0,0,0,0,0,0.0,0.0,0.0,0.0,0.0,4.0,118093.5,472374.0,0.0,0.0,71656.5,214969.5,3.0,0.0,-817.25,-2779.0,-72.0,2.0,11.0,5.0,167368.0909090909,200492.18181818182,74.0,3989.554662162163,-34568.46,110933.73,-5.135135,14.0,2364678.495,2069451.45,5.0,12.0
103287,Cash loans,F,N,Y,0,180000.0,450000.0,23107.5,450000.0,Unaccompanied,Commercial associate,Secondary / secondary special,Married,House / apartment,0.010032,-16054,-2530.0,-5558.0,-5380,1,1,1,1,1,0,2.0,2,2,FRIDAY,4,0,0,0,0,1,1,Self-employed,0.0029754979,0.14644207,1.0,1.0,1.0,1.0,0.0,0,1,0,0,0,0,0,0,0,0,0,0,0,0,0,0,0,0,0,0,0.0,0.0,0.0,0.0,1.0,1.0,527251.8214285715,7381525.5,0.0,0.0,281541.28500000003,2815412.85,6.0,0.0,-1228.5,-2675.0,-185.0,2.0,6.0,1.0,174259.5,184436.25,2.0,0.0,0.0,0.0,-3.5,0.0,420041.7,420041.7,2.0,0.0
103290,Cash loans,M,Y,Y,1,225000.0,543037.5,33349.5,463500.0,Unaccompanied,State servant,Secondary / secondary special,Married,House / apartment,0.035792,-13781,-4404.0,-4032.0,-4665,1,1,1,1,0,0,3.0,2,2,FRIDAY,14,0,0,0,0,0,0,Military,0.6219168,0.62799084,3.0,0.0,3.0,0.0,-2238.0,0,1,0,0,0,0,0,0,0,0,0,0,0,0,0,0,0,0,0,0,0.0,0.0,0.0,0.0,1.0,3.0,215292.75,645878.25,0.0,0.0,0.0,0.0,1.0,0.0,-1863.3333333333333,-2894.0,-793.0,2.0,4.0,4.0,395174.25,406458.0,33.0,-1155.6436363636362,-17615.745,0.0,-8.848485,29.0,956810.7,994946.94,4.0,26.0
103298,Cash loans,F,N,Y,0,36000.0,360000.0,15264.0,360000.0,Family,Working,Secondary / secondary special,Married,House / apartment,0.0105,-17006,-2764.0,-3075.0,-547,1,1,1,1,1,0,2.0,3,3,WEDNESDAY,15,0,0,0,0,1,1,Kindergarten,0.6780579,0.60927564,2.0,0.0,2.0,0.0,-1879.0,0,1,0,0,0,0,0,0,0,0,0,0,0,0,0,0,0,0,0,0,0.0,0.0,0.0,0.0,0.0,1.0,134943.0,404829.0,0.0,0.0,111804.75,223609.5,2.0,0.0,-1083.6666666666667,-1581.0,-702.0,2.0,6.0,6.0,36026.25,37824.0,59.0,0.0,0.0,0.0,-10.135593,5.0,353696.265,353696.265,7.0,0.0
103315,Cash loans,F,Y,Y,0,117000.0,547344.0,24237.0,472500.0,Family,Pensioner,Secondary / secondary special,Married,House / apartment,0.030755,-23681,,-14339.0,-4336,1,0,0,1,0,1,2.0,2,2,FRIDAY,10,0,0,0,0,0,0,XNA,0.7238076,0.5620605,0.0,0.0,0.0,0.0,-2933.0,0,0,0,0,1,0,0,0,0,0,0,0,0,0,0,0,0,0,0,0,0.0,0.0,0.0,0.0,0.0,6.0,116835.22499999999,1402022.7,0.0,0.0,54049.539375,432396.315,2.0,0.0,-1529.6666666666667,-2578.0,-610.0,2.0,7.0,4.0,164463.10714285713,164842.7142857143,184.0,3914.0305434782604,0.0,629957.4299999999,-6.5869565,0.0,2891644.65,2171463.0300000003,4.0,0.0
103319,Cash loans,F,N,N,1,270000.0,550980.0,35343.0,450000.0,Unaccompanied,Working,Secondary / secondary special,Married,Municipal apartment,0.032561,-17739,-7267.0,-7160.0,-1238,1,1,0,1,1,0,3.0,1,1,WEDNESDAY,15,0,0,0,0,0,0,Medicine,0.7219326,0.35233998,0.0,0.0,0.0,0.0,-2185.0,0,0,0,0,0,0,0,1,0,0,0,0,0,0,0,0,0,0,0,0,0.0,0.0,0.0,0.0,0.0,3.0,,,,,,,,,,,,,4.0,3.0,256365.0,273521.25,43.0,-4606.4134883720935,-30563.100000000002,0.0,-8.744186,6.0,869198.805,1067274.585,2.0,0.0
103334,Cash loans,M,Y,Y,0,180000.0,454500.0,36040.5,454500.0,Unaccompanied,Working,Secondary / secondary special,Married,House / apartment,0.01452,-13977,-1662.0,-1456.0,-2849,1,1,0,1,0,0,2.0,2,2,THURSDAY,12,0,0,0,1,1,0,Business Entity Type 3,0.6695221,0.37740424,1.0,0.0,1.0,0.0,-1431.0,0,1,0,0,0,0,0,0,0,0,0,0,0,0,0,0,0,0,0,0,0.0,0.0,0.0,0.0,0.0,4.0,342527.325,4110327.9,0.0,0.0,184027.13624999998,2208325.635,6.0,0.0,-847.9166666666666,-1758.0,-217.0,2.0,22.0,4.0,280410.75,285437.25,39.0,0.0,0.0,0.0,-11.435898,-2.0,1103283.315,1103283.315,4.0,0.0
103336,Cash loans,M,N,N,0,67500.0,67500.0,5220.0,67500.0,Unaccompanied,Pensioner,Incomplete higher,Single / not married,House / apartment,0.026392,-14019,,-6244.0,-4463,1,0,0,1,0,0,1.0,2,2,THURSDAY,17,0,0,0,0,0,0,XNA,0.42711532,,0.0,0.0,0.0,0.0,-614.0,0,1,0,0,0,0,0,0,0,0,0,0,0,0,0,0,0,0,0,0,,,,,,,,,,,,,,,,,,,10.0,6.0,39632.58,37875.15,69.0,-83.97391304347826,-2820.825,0.0,-20.057972,5.0,319630.365,325424.565,6.0,0.0
103345,Cash loans,M,Y,Y,0,360000.0,690313.5,35374.5,549000.0,Unaccompanied,Working,Higher education,Married,House / apartment,0.01885,-16601,-3355.0,-4639.0,-125,1,1,0,1,1,0,2.0,2,2,MONDAY,12,0,0,0,0,1,1,Transport: type 4,0.51953065,0.5726825,0.0,0.0,0.0,0.0,-1807.0,0,1,0,0,0,0,0,0,0,0,0,0,0,0,0,0,0,0,0,0,0.0,0.0,0.0,0.0,1.0,4.0,854096.7857142857,5978677.5,0.0,0.0,349455.77357142855,2446190.415,2.0,0.0,-889.1428571428571,-2611.0,-181.0,2.0,8.0,6.0,138099.9375,156222.0,65.0,-498.5570769230769,-11832.165,0.0,-3.6923077,7.0,1182760.065,1215166.275,8.0,0.0
103368,Cash loans,F,N,Y,0,117000.0,450000.0,21649.5,450000.0,Unaccompanied,Working,Secondary / secondary special,Married,House / apartment,0.035792,-17691,-10729.0,-2858.0,-1247,1,1,1,1,1,0,2.0,2,2,THURSDAY,10,0,0,0,0,0,0,Postal,0.7130236,0.60927564,6.0,0.0,6.0,0.0,0.0,0,1,0,0,0,0,0,0,0,0,0,0,0,0,0,0,0,0,0,0,0.0,0.0,0.0,0.0,0.0,1.0,200437.88249999998,2405254.59,0.0,0.0,48002.5,432022.5,2.0,0.0,-1563.5833333333333,-2661.0,-322.0,2.0,8.0,1.0,313246.27125,312682.5,11.0,-462.5181818181818,-5063.22,0.0,3.0,276.0,50656.68,55744.380000000005,1.0,252.0
103371,Cash loans,M,N,Y,2,405000.0,450000.0,35685.0,450000.0,Unaccompanied,Working,Secondary / secondary special,Married,House / apartment,0.028663,-14310,-6002.0,-8403.0,-4378,1,1,0,1,0,0,4.0,2,2,FRIDAY,10,0,1,1,0,1,1,Industry: type 9,0.39084747,0.16146308,1.0,0.0,1.0,0.0,-1502.0,0,1,0,0,0,0,0,0,0,0,0,0,0,0,0,0,0,0,0,0,0.0,0.0,0.0,0.0,1.0,2.0,583948.0390909091,6423428.43,0.0,0.0,322585.5927272727,3548441.52,5.0,0.0,-1100.7272727272727,-2241.0,-238.0,2.0,7.0,4.0,142260.42857142858,198412.7142857143,97.0,-592.6230927835052,-11700.0,0.0,-4.0309277,29.0,1788916.545,1846400.9849999999,3.0,0.0
103377,Cash loans,F,Y,Y,1,202500.0,543037.5,31302.0,463500.0,Unaccompanied,Commercial associate,Secondary / secondary special,Married,House / apartment,0.006629,-11291,-1015.0,-2094.0,-2091,1,1,0,1,0,0,3.0,2,2,WEDNESDAY,7,0,0,0,0,0,0,Business Entity Type 3,0.6353876,0.37233368,2.0,0.0,2.0,0.0,-407.0,0,1,0,0,0,0,0,0,0,0,0,0,0,0,0,0,0,0,0,0,0.0,0.0,0.0,0.0,2.0,2.0,481882.5,1445647.5,0.0,0.0,13133.745,26267.49,1.0,0.0,-935.0,-1322.0,-370.0,2.0,9.0,7.0,82453.0,85850.0,46.0,3774.6469565217394,-7910.01,45280.034999999996,-14.021739,4.0,768247.515,594613.755,6.0,0.0
103398,Cash loans,F,N,Y,0,157500.0,454500.0,23337.0,454500.0,Unaccompanied,Working,Secondary / secondary special,Married,House / apartment,0.026392,-20687,-5100.0,-3436.0,-3966,1,1,0,1,0,1,2.0,2,2,TUESDAY,14,0,0,0,0,0,0,Kindergarten,0.66093683,0.7032033,0.0,0.0,0.0,0.0,-263.0,0,1,0,0,0,0,0,0,0,0,0,0,0,0,0,0,0,0,0,0,0.0,0.0,0.0,0.0,0.0,3.0,2093850.9,10469254.5,0.0,0.0,3825792.0,3825792.0,2.0,0.0,-921.2,-2776.0,-81.0,2.0,5.0,2.0,292286.43,291385.8,17.0,0.0,0.0,0.0,-7.0588236,0.0,180837.27,180837.27,2.0,0.0
103404,Cash loans,F,N,Y,0,112500.0,479799.0,24628.5,400500.0,,Pensioner,Secondary / secondary special,Married,House / apartment,0.018634,-20070,,-3892.0,-2026,1,0,0,1,0,0,2.0,2,2,MONDAY,17,0,0,0,0,0,0,XNA,0.78160816,0.32489124,1.0,1.0,1.0,1.0,-627.0,0,1,0,0,0,0,0,0,0,0,0,0,0,0,0,0,0,0,0,0,0.0,0.0,0.0,0.0,1.0,1.0,89242.5,267727.5,0.0,0.0,41016.015,123048.045,2.0,0.0,-409.0,-507.0,-216.0,2.0,6.0,2.0,95834.955,107866.5,24.0,-946.6931250000001,-7038.360000000001,0.0,-5.1666665,3.0,230601.015,253321.65,2.0,0.0
103408,Cash loans,F,Y,N,0,90000.0,331920.0,17077.5,225000.0,Unaccompanied,Working,Higher education,Single / not married,With parents,0.010556,-8917,-319.0,-5234.0,-1575,1,1,0,1,0,1,1.0,3,3,TUESDAY,16,0,0,0,0,1,1,School,0.31622505,0.15951954,0.0,0.0,0.0,0.0,-1304.0,0,0,0,0,0,0,1,0,0,0,0,0,0,0,0,0,0,0,0,0,0.0,0.0,0.0,0.0,1.0,9.0,158973.48,794867.4,0.0,0.0,118737.594,593687.97,4.0,0.0,-616.0,-1005.0,-88.0,2.0,9.0,7.0,115140.0,141190.5,19.0,-438.08210526315787,-7059.735,0.0,-10.421053,2.0,547977.015,556300.575,4.0,0.0
103410,Cash loans,F,N,N,1,121500.0,296280.0,19930.5,225000.0,Unaccompanied,Working,Higher education,Single / not married,House / apartment,0.019101,-11978,-3019.0,-2419.0,-3056,1,1,0,1,1,0,2.0,2,2,FRIDAY,12,0,0,0,0,0,0,Government,0.68755335,0.29109737,0.0,0.0,0.0,0.0,-803.0,0,1,0,0,0,0,0,0,0,0,0,0,0,0,0,0,0,0,0,0,0.0,0.0,0.0,0.0,1.0,1.0,126225.0,252450.0,0.0,0.0,18312.75,36625.5,1.0,0.0,-419.0,-632.0,-206.0,1.0,1.0,1.0,68791.5,68791.5,10.0,0.0,0.0,0.0,-34.0,0.0,80449.245,80449.245,1.0,0.0
103418,Cash loans,F,N,N,0,202500.0,568800.0,20560.5,450000.0,Unaccompanied,Working,Higher education,Single / not married,House / apartment,0.035792,-20378,-12863.0,-11633.0,-3856,1,1,0,1,0,1,1.0,2,2,FRIDAY,11,0,0,0,0,0,0,Transport: type 2,0.6225747,0.5954562,5.0,0.0,5.0,0.0,-2173.0,0,1,0,0,0,0,0,0,0,0,0,0,0,0,0,0,0,0,0,0,0.0,0.0,0.0,0.0,0.0,4.0,311251.42000000004,2801262.7800000003,0.0,0.0,89022.61125,712180.89,2.0,0.0,-1336.3333333333333,-1802.0,-516.0,2.0,5.0,3.0,152251.2,164240.1,146.0,1485.6164383561643,-3600.0,201543.21,-5.267123,1.0,1325718.405,1108818.405,3.0,0.0
103420,Cash loans,F,N,Y,0,47250.0,431280.0,22149.0,360000.0,Unaccompanied,Working,Secondary / secondary special,Married,House / apartment,0.020713,-10118,-2492.0,-4907.0,-1617,1,1,0,1,0,0,2.0,3,3,MONDAY,9,0,0,0,0,1,1,Medicine,0.2102501,,2.0,0.0,2.0,0.0,-1156.0,0,1,0,0,0,0,0,0,0,0,0,0,0,0,0,0,0,0,0,0,0.0,0.0,0.0,0.0,0.0,3.0,5400000.0,5400000.0,0.0,0.0,5349811.5,5349811.5,1.0,0.0,-335.0,-335.0,-335.0,1.0,4.0,4.0,99625.5,343838.25,18.0,0.0,0.0,0.0,-6.5,-1.0,529673.9400000001,529673.9400000001,3.0,0.0
103432,Cash loans,M,N,N,1,135000.0,1066320.0,38430.0,900000.0,Unaccompanied,Working,Secondary / secondary special,Married,House / apartment,0.005144,-15257,-5574.0,-9388.0,-4343,1,1,0,1,1,0,3.0,2,2,THURSDAY,10,0,0,0,0,0,0,Business Entity Type 2,0.24452452,0.62799084,0.0,0.0,0.0,0.0,-1.0,0,1,0,0,0,0,0,0,0,0,0,0,0,0,0,0,0,0,0,0,0.0,0.0,0.0,0.0,0.0,1.0,564420.0,3386520.0,0.0,0.0,82806.3,414031.5,4.0,0.0,-1370.3333333333333,-2898.0,-567.0,2.0,2.0,2.0,175018.5,175745.25,21.0,-1929.8357142857149,-19657.890000000003,0.0,-15.142858,5.0,442876.09500000003,483402.645,2.0,0.0
103433,Cash loans,F,N,Y,0,81000.0,225000.0,11619.0,225000.0,Unaccompanied,Commercial associate,Secondary / secondary special,Married,House / apartment,0.035792,-21928,-747.0,-13854.0,-1977,1,1,0,1,1,0,2.0,2,2,THURSDAY,17,0,0,0,0,0,0,Bank,0.7036134,0.58674,0.0,0.0,0.0,0.0,-2178.0,0,1,0,0,0,0,0,0,0,0,0,0,0,0,0,0,0,0,0,0,0.0,0.0,0.0,0.0,2.0,5.0,167445.0,1172115.0,0.0,0.0,55367.505000000005,387572.53500000003,2.0,0.0,-1059.142857142857,-2650.0,-152.0,2.0,12.0,2.0,91262.625,91171.125,12.0,0.0,0.0,0.0,-21.5,-18.0,127444.95,127444.95,1.0,0.0
103436,Cash loans,F,Y,Y,0,187398.0,1125000.0,47794.5,1125000.0,Unaccompanied,Commercial associate,Higher education,Separated,House / apartment,0.030755,-19378,-5071.0,-7379.0,-2914,1,1,1,1,1,0,1.0,2,2,WEDNESDAY,14,0,0,0,0,0,0,Trade: type 3,0.5770406,0.56560796,0.0,0.0,0.0,0.0,-443.0,0,0,0,0,0,0,0,0,0,0,0,0,0,0,0,0,1,0,0,0,0.0,0.0,0.0,0.0,0.0,0.0,181211.4,906057.0,0.0,0.0,60193.8,300969.0,3.0,0.0,-2265.2,-2625.0,-826.0,2.0,1.0,1.0,169416.0,147519.0,12.0,0.0,0.0,0.0,-9.0,-3.0,183963.15,183963.15,1.0,0.0
103440,Cash loans,F,Y,Y,0,135000.0,885046.5,33493.5,747000.0,Unaccompanied,Working,Secondary / secondary special,Married,House / apartment,0.018801,-15555,-1303.0,-2443.0,-821,1,1,0,1,0,1,2.0,2,2,FRIDAY,8,0,0,0,0,1,1,Services,0.49713725,0.63303167,3.0,0.0,3.0,0.0,-1171.0,0,1,0,0,0,0,0,0,0,0,0,0,0,0,0,0,0,0,0,0,0.0,0.0,0.0,0.0,1.0,2.0,1203084.0,2406168.0,0.0,0.0,0.0,0.0,0.0,0.0,-658.5,-683.0,-634.0,2.0,14.0,10.0,282000.53571428574,310589.35714285716,75.0,-139.75019999999998,-10420.605,0.0,-16.946667,3.0,2256206.67,2266687.935,11.0,0.0
103453,Cash loans,F,Y,N,0,135000.0,360000.0,18378.0,360000.0,Unaccompanied,Commercial associate,Secondary / secondary special,Married,House / apartment,0.007274,-15806,-1028.0,-6687.0,-1779,1,1,1,1,1,0,2.0,2,2,THURSDAY,15,0,0,0,0,1,1,Kindergarten,0.55620897,0.5549468,0.0,0.0,0.0,0.0,-522.0,0,1,0,0,0,0,0,0,0,0,0,0,0,0,0,0,0,0,0,0,0.0,0.0,0.0,0.0,0.0,2.0,232425.75,1394554.5,0.0,0.0,170624.25,1023745.5,3.0,0.0,-751.1666666666666,-1668.0,-325.0,1.0,2.0,2.0,96468.75,105988.5,17.0,0.0,0.0,0.0,-10.0,-3.0,228894.255,228894.255,1.0,0.0
103459,Cash loans,M,Y,N,0,247500.0,1800000.0,56002.5,1800000.0,Unaccompanied,Working,Lower secondary,Married,House / apartment,0.010006,-9406,-2072.0,-5816.0,-2059,1,1,1,1,0,0,2.0,2,2,WEDNESDAY,15,0,0,0,0,0,0,Business Entity Type 3,0.41878438,0.6528965,4.0,0.0,4.0,0.0,-1851.0,0,1,0,0,0,0,0,0,0,0,0,0,0,0,0,0,0,0,0,0,0.0,0.0,0.0,0.0,0.0,0.0,230970.0,692910.0,0.0,0.0,0.0,0.0,2.0,0.0,-600.3333333333334,-757.0,-522.0,2.0,3.0,3.0,46500.0,49429.5,15.0,0.0,0.0,0.0,-24.666666,-11.0,115904.61,115904.61,2.0,0.0
103460,Cash loans,F,N,Y,0,360000.0,295776.0,18225.0,234000.0,Family,Pensioner,Secondary / secondary special,Civil marriage,House / apartment,0.020246,-22869,,-1968.0,-4649,1,0,0,1,0,0,2.0,3,3,TUESDAY,7,0,0,0,0,0,0,XNA,0.5491269,0.6195277,5.0,0.0,5.0,0.0,-936.0,0,0,0,0,1,0,0,0,0,0,0,0,0,0,0,0,0,0,0,0,0.0,0.0,0.0,0.0,0.0,0.0,151174.773,1511747.73,0.0,0.0,35596.062,355960.62,2.0,0.0,-1457.2,-2856.0,-294.0,2.0,9.0,4.0,168000.0,184603.0,32.0,3869.6639062500003,0.0,23228.64,-5.84375,2.0,1019947.545,896118.3,4.0,0.0
103461,Cash loans,F,N,N,1,247500.0,203301.0,21892.5,175500.0,Unaccompanied,State servant,Secondary / secondary special,Married,House / apartment,0.04622,-16124,-1466.0,-12437.0,-4206,1,1,0,1,0,0,3.0,1,1,WEDNESDAY,10,0,0,0,0,1,1,Medicine,0.72640973,,0.0,0.0,0.0,0.0,-285.0,0,1,0,0,0,0,0,0,0,0,0,0,0,0,0,0,0,0,0,0,0.0,0.0,0.0,0.0,1.0,2.0,1350000.0,1350000.0,0.0,0.0,,0.0,1.0,0.0,-834.0,-834.0,-834.0,1.0,4.0,2.0,194591.25,207408.375,19.0,0.0,0.0,0.0,-5.9473686,0.0,459790.515,459790.515,2.0,0.0
103462,Cash loans,F,N,N,0,54000.0,450000.0,19066.5,450000.0,Unaccompanied,Working,Secondary / secondary special,Married,House / apartment,0.019101,-17295,-1762.0,-8710.0,-828,1,1,1,1,0,0,2.0,2,2,WEDNESDAY,19,0,0,0,1,1,0,Self-employed,0.39918774,0.735221,4.0,0.0,4.0,0.0,-687.0,0,1,0,0,0,0,0,0,0,0,0,0,0,0,0,0,0,0,0,0,0.0,0.0,0.0,0.0,1.0,0.0,107748.64285714286,754240.5,0.0,0.0,7972.875,31891.5,1.0,0.0,-1932.142857142857,-2563.0,-1582.0,1.0,1.0,1.0,126000.0,126000.0,12.0,0.0,0.0,0.0,-2.0,1.0,141127.425,141127.425,1.0,0.0
103473,Cash loans,F,N,N,1,90000.0,66829.5,6259.5,54000.0,Unaccompanied,Commercial associate,Secondary / secondary special,Married,With parents,0.01885,-10178,-839.0,-4826.0,-2849,1,1,0,1,0,1,3.0,2,2,THURSDAY,12,0,0,0,0,0,0,Business Entity Type 3,0.5187991,0.42413032,1.0,1.0,1.0,1.0,-427.0,0,1,0,0,0,0,0,0,0,0,0,0,0,0,0,0,0,0,0,0,0.0,0.0,0.0,0.0,0.0,2.0,384868.5,1154605.5,0.0,0.0,352261.5,1056784.5,2.0,0.0,-338.3333333333333,-472.0,-176.0,2.0,7.0,3.0,261650.57142857142,305497.9285714286,72.0,-84.135625,-5919.885,0.0,-6.875,2.0,1991691.45,1997749.2149999999,2.0,0.0
103474,Cash loans,F,N,Y,2,157500.0,1107900.0,35739.0,900000.0,Unaccompanied,Working,Higher education,Married,House / apartment,0.009549,-13053,-2489.0,-312.0,-435,1,1,0,1,0,0,4.0,2,2,TUESDAY,10,0,0,0,0,0,0,Government,0.61104435,0.6971469,0.0,0.0,0.0,0.0,-717.0,0,1,0,0,0,0,0,0,0,0,0,0,0,0,0,0,0,0,0,0,0.0,0.0,0.0,0.0,1.0,1.0,455207.7272727273,5007285.0,0.0,0.0,105932.25,635593.5,1.0,0.0,-1616.3636363636363,-2855.0,-473.0,3.0,1.0,1.0,192051.0,192051.0,19.0,0.0,0.0,0.0,-192.94737,-13.0,207873.31499999997,207873.31499999997,1.0,0.0
103475,Cash loans,M,Y,N,0,90000.0,272520.0,18342.0,225000.0,Unaccompanied,Commercial associate,Secondary / secondary special,Married,House / apartment,0.01452,-11634,-1121.0,-6326.0,-4271,1,1,0,1,1,0,2.0,2,2,TUESDAY,17,0,0,0,0,0,0,Other,0.21614824,0.24318647,0.0,0.0,0.0,0.0,-119.0,0,0,0,1,0,0,0,0,0,0,0,0,0,0,0,0,0,0,0,0,0.0,0.0,0.0,0.0,1.0,0.0,116020.69124999999,1392248.295,0.0,0.0,42286.875,507442.5,4.0,0.0,-1017.75,-2837.0,-208.0,2.0,2.0,2.0,82563.75,89907.75,14.0,0.0,0.0,0.0,-7.642857,0.0,177228.585,177228.585,2.0,0.0
103478,Cash loans,F,N,Y,1,90000.0,296280.0,14382.0,225000.0,Unaccompanied,Working,Lower secondary,Married,House / apartment,0.019689,-15807,-237.0,-3514.0,-3563,1,1,0,1,0,0,3.0,2,2,TUESDAY,11,0,0,0,0,1,1,Self-employed,0.10704574,0.6512602,1.0,1.0,1.0,1.0,0.0,0,1,0,0,0,0,0,0,0,0,0,0,0,0,0,0,0,0,0,0,0.0,0.0,0.0,0.0,0.0,3.0,177687.135,355374.27,0.0,0.0,22774.7925,45549.585,1.0,0.0,-1380.0,-2500.0,-260.0,1.0,4.0,4.0,50190.975,51861.375,32.0,-93.53953125,-2808.27,0.0,-19.3125,15.0,208029.285,211022.55,4.0,6.0
103480,Cash loans,F,N,Y,1,225000.0,997110.0,32166.0,810000.0,Unaccompanied,Commercial associate,Secondary / secondary special,Widow,House / apartment,0.026392,-19852,-3352.0,-8971.0,-3350,1,1,1,1,0,0,2.0,2,2,MONDAY,23,0,0,0,0,0,0,Business Entity Type 3,0.5609053,0.12295542,3.0,0.0,3.0,0.0,-1614.0,0,1,0,0,0,0,0,0,0,0,0,0,0,0,0,0,0,0,0,0,0.0,0.0,0.0,0.0,0.0,1.0,250011.64285714287,1750081.5,0.0,0.0,16068.375,64273.5,1.0,0.0,-1428.0,-2519.0,-402.0,3.0,2.0,1.0,430737.5925,412089.75,5.0,0.0,0.0,0.0,-22.8,-15.0,159815.97,159815.97,1.0,0.0
103484,Cash loans,F,N,Y,0,180000.0,1350000.0,42034.5,1350000.0,"Spouse, partner",Working,Higher education,Married,House / apartment,0.026392,-11702,-5044.0,-4416.0,-1365,1,1,0,1,0,0,2.0,2,2,WEDNESDAY,10,0,0,0,0,0,0,Other,0.7099938,,1.0,0.0,1.0,0.0,-578.0,0,1,0,0,0,0,0,0,0,0,0,0,0,0,0,0,0,0,0,0,,,,,,,,,,,,,,,,,,,1.0,1.0,101250.0,106596.0,6.0,0.0,0.0,0.0,-14.5,-9.0,112990.455,112990.455,2.0,45.0
103494,Cash loans,M,Y,N,0,225000.0,450000.0,32877.0,450000.0,Unaccompanied,Commercial associate,Higher education,Single / not married,With parents,0.018634,-11407,-558.0,-11152.0,-3619,1,1,0,1,0,1,1.0,2,2,WEDNESDAY,13,0,0,0,0,0,0,Business Entity Type 3,0.6364407,0.28371188,0.0,0.0,0.0,0.0,-877.0,0,1,0,0,0,0,0,0,0,0,0,0,0,0,0,0,0,0,0,0,0.0,0.0,0.0,0.0,1.0,6.0,693128.5714285715,4851900.0,0.0,0.0,153678.2142857143,1075747.5,4.0,0.0,-1029.2857142857142,-2592.0,-63.0,2.0,12.0,2.0,177947.625,189510.75,25.0,0.0,0.0,0.0,-3.28,0.0,935311.41,935311.41,1.0,0.0
103513,Cash loans,M,N,Y,0,234000.0,503266.5,57046.5,463500.0,Unaccompanied,Working,Secondary / secondary special,Single / not married,House / apartment,0.006629,-8814,-940.0,-2845.0,-1464,1,1,0,1,0,1,1.0,2,2,SATURDAY,10,0,0,0,0,0,0,Security Ministries,0.62761223,,2.0,1.0,2.0,0.0,-635.0,0,1,0,0,0,0,0,0,0,0,0,0,0,0,0,0,0,0,0,0,0.0,0.0,0.0,0.0,1.0,0.0,387000.0,387000.0,0.0,0.0,296851.5,296851.5,1.0,0.0,-869.0,-869.0,-869.0,1.0,6.0,4.0,212844.0,227632.5,25.0,-816.7356,-19530.45,0.0,-9.92,11.0,1093585.23,1114003.6199999999,4.0,0.0
103515,Cash loans,M,N,Y,1,135000.0,539100.0,27652.5,450000.0,Family,Working,Secondary / secondary special,Married,House / apartment,0.005084,-12177,-1395.0,-5911.0,-4198,1,1,0,1,0,0,3.0,2,2,SATURDAY,14,0,0,0,0,0,0,Business Entity Type 1,0.57347685,0.70769936,0.0,0.0,0.0,0.0,-1874.0,0,1,0,0,0,0,0,0,0,0,0,0,0,0,0,0,0,0,0,0,0.0,0.0,0.0,0.0,0.0,2.0,103508.59125,1242103.095,0.0,0.0,0.0,0.0,2.0,0.0,-1362.6666666666667,-1854.0,-617.0,2.0,7.0,5.0,76766.14285714286,72322.07142857143,32.0,0.0,0.0,0.0,-12.875,1.0,316118.295,316118.295,4.0,0.0
103516,Cash loans,M,N,Y,0,58500.0,55692.0,4594.5,45000.0,Family,State servant,Secondary / secondary special,Single / not married,House / apartment,0.018634,-10516,-1771.0,-9307.0,-2734,1,1,1,1,0,0,1.0,2,2,SUNDAY,15,0,0,0,0,0,0,Government,0.037006963,,0.0,0.0,0.0,0.0,-10.0,0,1,0,0,0,0,0,0,0,0,0,0,0,0,0,0,0,0,0,0,,,,,,,,,,,,,,,,,,,6.0,5.0,68174.25,78252.0,88.0,-268.16164772727274,-7041.1050000000005,0.0,-8.022727,4.0,564276.735,587874.96,5.0,0.0
103525,Cash loans,M,N,N,0,153000.0,450000.0,32877.0,450000.0,Unaccompanied,State servant,Secondary / secondary special,Married,House / apartment,0.008019,-13418,-5975.0,-7385.0,-154,1,1,0,1,0,0,2.0,2,2,TUESDAY,11,1,1,0,1,1,0,Security Ministries,0.5515621,0.3264752,0.0,0.0,0.0,0.0,-1613.0,0,1,0,0,0,0,0,0,0,0,0,0,0,0,0,0,0,0,0,0,0.0,0.0,0.0,0.0,3.0,2.0,329625.0,659250.0,0.0,0.0,281110.5,562221.0,2.0,0.0,-279.0,-347.0,-211.0,2.0,9.0,3.0,19003.5,18128.0,17.0,0.0,0.0,0.0,-12.411765,-1.0,114921.855,114921.855,3.0,0.0
103541,Cash loans,F,N,Y,0,315000.0,790830.0,62613.0,675000.0,Unaccompanied,Working,Secondary / secondary special,Married,House / apartment,0.019689,-11047,-3799.0,-5457.0,-3726,1,1,1,1,1,0,2.0,2,2,THURSDAY,11,0,0,0,1,1,0,Self-employed,0.16147725,,0.0,0.0,0.0,0.0,-703.0,0,1,0,0,0,0,0,0,0,0,0,0,0,0,0,0,0,0,0,0,,,,,,,,,,,,,,,,,,,39.0,6.0,221136.0,233495.65384615384,59.0,2271.3688983050847,-22404.15,104855.84999999999,-1.1186441,36.0,2622377.61,2488366.845,5.0,29.0
103544,Cash loans,M,Y,Y,0,202500.0,500211.0,35703.0,463500.0,Unaccompanied,Working,Secondary / secondary special,Married,House / apartment,0.016612,-19717,-7426.0,-10297.0,-3107,1,1,0,1,1,0,2.0,2,2,TUESDAY,12,0,0,0,0,0,0,Business Entity Type 2,0.62488925,0.60927564,1.0,0.0,1.0,0.0,-1565.0,0,0,0,1,0,0,0,0,0,0,0,0,0,0,0,0,0,0,0,0,0.0,0.0,0.0,0.0,0.0,0.0,400595.0625,3204760.5,0.0,0.0,16863.0,50589.0,1.0,0.0,-1448.75,-2680.0,-746.0,2.0,4.0,4.0,72552.375,73058.625,12.0,7616.31,0.0,54490.5,-16.75,-13.0,353359.935,261964.215,3.0,0.0
103562,Cash loans,F,N,Y,1,130500.0,729792.0,37390.5,630000.0,Unaccompanied,Working,Secondary / secondary special,Married,House / apartment,0.01885,-14336,-1367.0,-1363.0,-3975,1,1,0,1,0,0,3.0,2,2,MONDAY,17,0,0,0,0,1,1,Industry: type 3,0.013986204,0.4740513,0.0,0.0,0.0,0.0,-546.0,0,1,0,0,0,0,0,0,0,0,0,0,0,0,0,0,0,0,0,0,0.0,0.0,0.0,0.0,0.0,4.0,163054.5,978327.0,0.0,0.0,103050.0,618300.0,3.0,0.0,-587.5,-1115.0,-73.0,2.0,4.0,2.0,86613.75,87622.875,22.0,0.0,0.0,0.0,-5.5454545,0.0,196920.045,196920.045,1.0,0.0
103570,Cash loans,M,Y,Y,0,270000.0,135000.0,14539.5,135000.0,Unaccompanied,Working,Secondary / secondary special,Separated,House / apartment,0.006852,-12988,-823.0,-4453.0,-2616,1,1,0,1,0,0,1.0,3,3,TUESDAY,8,0,0,0,0,1,1,Business Entity Type 3,0.014580641,,0.0,0.0,0.0,0.0,-238.0,0,1,0,0,0,0,0,0,0,0,0,0,0,0,0,0,0,0,0,0,,,,,,,,,,,,,,,,,,,3.0,2.0,61485.0,61663.5,21.0,0.0,0.0,0.0,-2.142857,0.0,221349.825,221349.825,1.0,0.0
103572,Cash loans,M,N,Y,0,112500.0,360000.0,23134.5,360000.0,Unaccompanied,Working,Secondary / secondary special,Civil marriage,House / apartment,0.019101,-15745,-335.0,-6814.0,-3378,1,1,1,1,1,0,2.0,2,2,MONDAY,10,0,0,0,0,0,0,Business Entity Type 3,0.52972853,,8.0,0.0,8.0,0.0,0.0,0,1,0,0,0,0,0,0,0,0,0,0,0,0,0,0,0,0,0,0,0.0,0.0,0.0,0.0,0.0,0.0,44918.46,89836.92,0.0,0.0,0.0,0.0,0.0,0.0,-1996.5,-2766.0,-1227.0,1.0,5.0,4.0,113645.7,137002.5,33.0,-3216.4527272727273,-27410.625,0.0,7.6969695,292.0,728346.8250000001,834489.765,3.0,270.0
103574,Cash loans,F,N,Y,0,270000.0,270000.0,15498.0,270000.0,Unaccompanied,Working,Higher education,Married,House / apartment,0.01452,-16765,-3562.0,-4327.0,-292,1,1,0,1,0,0,2.0,2,2,WEDNESDAY,11,0,0,0,0,0,0,Transport: type 4,0.6507449,0.723837,3.0,1.0,3.0,1.0,-636.0,0,1,0,0,0,0,0,0,0,0,0,0,0,0,0,0,0,0,0,0,0.0,0.0,0.0,0.0,0.0,0.0,134278.65,537114.6,0.0,0.0,0.0,0.0,1.0,0.0,-1513.5,-2574.0,-750.0,2.0,1.0,1.0,478575.0,478575.0,23.0,-2150.2565217391307,-13778.1,0.0,-8.0,4.0,519286.95,568742.85,1.0,2.0
103575,Cash loans,F,Y,N,4,112500.0,573408.0,29407.5,495000.0,Unaccompanied,Working,Secondary / secondary special,Married,House / apartment,0.025164,-15951,-3146.0,-9676.0,-4222,1,1,0,1,0,0,6.0,2,2,WEDNESDAY,8,0,0,0,0,1,1,Industry: type 3,0.6064455,0.5513813,0.0,0.0,0.0,0.0,-217.0,0,1,0,0,0,0,0,0,0,0,0,0,0,0,0,0,0,0,0,0,0.0,0.0,0.0,0.0,0.0,3.0,192254.0625,1538032.5,0.0,0.0,5494.5,43956.0,2.0,0.0,-1807.0,-2805.0,-401.0,2.0,8.0,8.0,251156.8125,251127.5625,96.0,-2131.8703124999997,-37194.57,0.0,-5.2395835,23.0,2581384.23,2786043.7800000003,9.0,14.0
103591,Cash loans,F,N,Y,0,157500.0,266652.0,17172.0,202500.0,,Working,Secondary / secondary special,Married,House / apartment,0.014464,-17379,-561.0,-2811.0,-936,1,1,0,1,0,1,2.0,2,2,MONDAY,7,0,0,0,0,0,0,Self-employed,0.43730575,0.24988507,0.0,0.0,0.0,0.0,-1215.0,0,1,0,0,0,0,0,0,0,0,0,0,0,0,0,0,0,0,0,0,0.0,0.0,0.0,0.0,0.0,3.0,329761.125,3957133.5,0.0,0.0,194529.68181818182,2139826.5,4.0,0.0,-1469.6666666666667,-2754.0,-505.0,2.0,6.0,4.0,274199.25,308248.5,27.0,-794.7800000000001,-15652.935000000001,0.0,-10.740741,4.0,1457567.415,1479026.475,4.0,0.0
103594,Cash loans,F,Y,N,0,99000.0,260640.0,18270.0,225000.0,Family,Pensioner,Secondary / secondary special,Married,House / apartment,0.020713,-21929,,-5293.0,-4846,1,0,0,1,0,0,2.0,3,3,THURSDAY,11,0,0,0,0,0,0,XNA,0.588313,,2.0,1.0,2.0,1.0,-2172.0,0,1,0,0,0,0,0,0,0,0,0,0,0,0,0,0,0,0,0,0,0.0,0.0,0.0,0.0,1.0,4.0,24232.5,24232.5,0.0,0.0,0.0,0.0,0.0,0.0,-2526.0,-2526.0,-2526.0,1.0,6.0,5.0,143055.0,140928.0,24.0,0.0,0.0,0.0,-17.75,-3.0,387413.55,387413.55,3.0,0.0
103609,Cash loans,M,Y,N,0,270000.0,1107900.0,35739.0,900000.0,Unaccompanied,Pensioner,Secondary / secondary special,Married,House / apartment,0.010556,-18956,,-2001.0,-2171,1,0,0,1,1,0,2.0,3,3,TUESDAY,11,0,0,0,0,0,0,XNA,0.51671886,0.6817059,0.0,0.0,0.0,0.0,-942.0,0,0,0,0,0,0,1,0,0,0,0,0,0,0,0,0,0,0,0,0,0.0,0.0,0.0,0.0,0.0,0.0,123824.88,247649.76,0.0,0.0,0.0,0.0,1.0,0.0,-1080.5,-1142.0,-1019.0,2.0,5.0,4.0,340641.9,400635.9,60.0,4221.77775,0.0,225523.71000000002,-51.25,0.0,2398161.825,2144855.16,4.0,0.0
103613,Cash loans,F,Y,Y,0,270000.0,535306.5,29038.5,400500.0,Family,Pensioner,Secondary / secondary special,Married,House / apartment,0.035792,-20918,,-6992.0,-3097,1,0,0,1,0,0,2.0,2,2,FRIDAY,11,0,0,0,0,0,0,XNA,0.7192248,0.24988507,1.0,1.0,1.0,1.0,-583.0,0,1,0,0,0,0,0,0,0,0,0,0,0,0,0,0,0,0,0,0,0.0,0.0,0.0,0.0,1.0,2.0,882941.4,4414707.0,0.0,0.0,561595.5,2807977.5,4.0,0.0,-684.0,-1120.0,-137.0,3.0,5.0,2.0,320400.0,355263.3,22.0,-3544.9588636363637,-25981.83,0.0,-6.318182,5.0,493930.93500000006,571920.03,1.0,0.0
103614,Cash loans,F,N,N,0,135000.0,100737.0,6291.0,76500.0,,Pensioner,Secondary / secondary special,Married,Municipal apartment,0.0228,-23970,,-9861.0,-5570,1,0,0,1,0,0,2.0,2,2,MONDAY,11,0,0,0,0,0,0,XNA,0.16343802,0.62967426,0.0,0.0,0.0,0.0,0.0,0,0,0,0,1,0,0,0,0,0,0,0,0,0,0,0,0,0,0,0,0.0,0.0,0.0,0.0,0.0,4.0,85865.544,858655.44,0.0,0.0,36216.45,362164.5,2.0,0.0,-1579.0,-2641.0,-606.0,2.0,11.0,7.0,197675.18181818182,220189.5,148.0,-603.0182432432433,-22433.445,0.0,-6.8445945,14.0,2296372.32,2385619.02,11.0,2.0
103615,Cash loans,F,N,N,0,202500.0,291915.0,18783.0,252000.0,Unaccompanied,Pensioner,Higher education,Widow,Municipal apartment,0.007305,-24742,,-10038.0,-4165,1,0,0,1,0,0,1.0,3,3,TUESDAY,13,0,0,0,0,0,0,XNA,0.61165226,0.2707074,9.0,0.0,9.0,0.0,-2079.0,0,1,0,0,0,0,0,0,0,0,0,0,0,0,0,0,0,0,0,0,0.0,0.0,0.0,0.0,0.0,2.0,90726.13124999999,1088713.575,0.0,0.0,21466.196249999997,257594.35499999998,3.0,0.0,-1840.0,-2734.0,-120.0,2.0,24.0,11.0,65574.9375,71466.375,124.0,-1027.1119354838709,-9142.064999999999,0.0,-4.822581,9.0,836955.585,964317.465,10.0,4.0
103624,Cash loans,F,N,N,1,148500.0,742500.0,26797.5,742500.0,Unaccompanied,Working,Secondary / secondary special,Married,With parents,0.028663,-10316,-3161.0,-6470.0,-2788,1,1,0,1,0,1,3.0,2,2,THURSDAY,9,0,0,0,0,0,0,Trade: type 7,0.7121637,0.42765737,6.0,1.0,6.0,0.0,-1210.0,0,1,0,0,0,0,0,0,0,0,0,0,0,0,0,0,0,0,0,0,0.0,0.0,0.0,0.0,1.0,5.0,127949.08499999999,255898.16999999998,0.0,0.0,66260.25,132520.5,1.0,0.0,-538.0,-975.0,-101.0,1.0,9.0,8.0,80245.0,172593.5,146.0,0.0,0.0,0.0,-8.582191,0.0,1592357.175,1592357.175,7.0,0.0
103625,Cash loans,M,Y,Y,2,135000.0,526500.0,27013.5,526500.0,Unaccompanied,Working,Secondary / secondary special,Married,House / apartment,0.018209,-14782,-270.0,-683.0,-4306,1,1,0,1,0,1,4.0,3,3,FRIDAY,12,0,0,0,0,1,1,Business Entity Type 3,0.08296091,0.5208976,1.0,0.0,1.0,0.0,-275.0,0,1,0,0,0,0,0,0,0,0,0,0,0,0,0,0,0,0,0,0,0.0,0.0,0.0,0.0,1.0,0.0,366239.166,5493587.49,0.0,0.0,138020.85,1380208.5,5.0,0.0,-1415.3333333333333,-2843.0,-302.0,3.0,1.0,1.0,46845.0,52411.5,9.0,0.0,0.0,0.0,-9.666667,-9.0,45962.64,45962.64,1.0,0.0
103628,Cash loans,F,N,N,1,117000.0,601470.0,30708.0,450000.0,Unaccompanied,Working,Secondary / secondary special,Married,Rented apartment,0.00823,-10489,-3689.0,-10469.0,-2368,1,1,0,1,0,1,3.0,2,2,FRIDAY,14,0,0,0,0,1,1,Medicine,0.3292486,0.31236538,0.0,0.0,0.0,0.0,0.0,0,1,0,0,0,0,0,0,0,0,0,0,0,0,0,0,0,0,0,0,0.0,0.0,0.0,0.0,0.0,0.0,26213.85,26213.85,0.0,0.0,0.0,0.0,0.0,0.0,-365.0,-365.0,-365.0,1.0,3.0,3.0,54561.0,58992.0,20.0,0.0,0.0,0.0,-11.3,-5.0,123644.295,123644.295,3.0,0.0
103629,Cash loans,F,N,Y,0,157500.0,166810.5,17514.0,144000.0,Unaccompanied,Working,Higher education,Single / not married,House / apartment,0.016612,-14443,-1974.0,-13111.0,-694,1,1,0,1,0,1,1.0,2,2,FRIDAY,11,0,0,0,0,0,0,Kindergarten,0.6448828,0.7713616,0.0,0.0,0.0,0.0,-943.0,0,1,0,0,0,0,0,0,0,0,0,0,0,0,0,0,0,0,0,0,0.0,0.0,0.0,0.0,1.0,1.0,56730.329999999994,170190.99,0.0,0.0,0.0,0.0,0.0,0.0,-1220.6666666666667,-1252.0,-1159.0,2.0,4.0,4.0,65031.75,252703.125,34.0,-3276.6749999999997,-17039.114999999998,9387.135,-9.441176,4.0,375684.75,487091.7,3.0,0.0
103647,Cash loans,M,Y,N,0,180000.0,272520.0,16672.5,225000.0,Unaccompanied,Working,Higher education,Married,House / apartment,0.02461,-19483,-3448.0,-4997.0,-3038,1,1,1,1,1,0,2.0,2,2,WEDNESDAY,20,0,0,0,0,1,1,Government,0.46873382,0.42236966,0.0,0.0,0.0,0.0,-2182.0,0,1,0,0,0,0,0,0,0,0,0,0,0,0,0,0,0,0,0,0,0.0,0.0,0.0,0.0,0.0,3.0,432508.5,3027559.5,0.0,0.0,303146.25,1818877.5,4.0,0.0,-714.8571428571429,-1104.0,-71.0,2.0,8.0,4.0,427141.125,456304.5,43.0,-1222.8593023255814,-12964.455,0.0,-11.255814,6.0,321413.985,373996.935,3.0,0.0
103648,Cash loans,M,Y,Y,0,270000.0,1779030.0,55350.0,1485000.0,Unaccompanied,Working,Secondary / secondary special,Married,House / apartment,0.020246,-19581,-5274.0,-11386.0,-3136,1,1,0,1,0,1,2.0,3,3,THURSDAY,8,0,0,0,0,0,0,Self-employed,0.3255744,,0.0,0.0,0.0,0.0,-1380.0,0,1,0,0,0,0,0,0,0,0,0,0,0,0,0,0,0,0,0,0,0.0,0.0,0.0,0.0,1.0,2.0,450900.0,2254500.0,0.0,0.0,1345.275,2690.55,2.0,0.0,-994.2,-2023.0,-324.0,2.0,7.0,3.0,321738.4285714286,336020.14285714284,41.0,7652.8536585365855,0.0,267535.71,-6.487805,0.0,2561341.275,2247574.275,2.0,0.0
103651,Cash loans,F,N,N,0,103500.0,332946.0,16146.0,238500.0,Unaccompanied,Commercial associate,Secondary / secondary special,Married,House / apartment,0.022625,-16859,-4126.0,-721.0,-397,1,1,0,1,0,1,2.0,2,2,WEDNESDAY,16,0,0,0,0,0,0,Medicine,0.24206875,0.62799084,2.0,1.0,2.0,1.0,-121.0,0,1,0,0,0,0,0,0,0,0,0,0,0,0,0,0,0,0,0,0,0.0,0.0,0.0,0.0,0.0,0.0,465049.125,1860196.5,0.0,0.0,187040.25,748161.0,1.0,0.0,-1546.5,-2444.0,-882.0,1.0,3.0,2.0,126267.0,125884.5,33.0,-1320.4963636363634,-8136.764999999999,0.0,-6.0,5.0,320818.455,364394.83499999996,3.0,0.0
103658,Cash loans,F,N,Y,0,135000.0,247500.0,17599.5,247500.0,Unaccompanied,Working,Higher education,Married,House / apartment,0.006207,-22980,-7596.0,-11525.0,-4200,1,1,1,1,1,0,2.0,2,2,FRIDAY,9,0,0,0,0,0,0,Medicine,0.3701963,0.5495965,0.0,0.0,0.0,0.0,-2163.0,0,1,0,0,0,0,0,0,0,0,0,0,0,0,0,0,0,0,0,0,0.0,0.0,0.0,0.0,0.0,1.0,380754.0,1142262.0,0.0,0.0,287824.5,863473.5,1.0,0.0,-1115.3333333333333,-2796.0,-177.0,1.0,3.0,2.0,316842.0,373845.0,29.0,-935.9937931034483,-9024.885,0.0,-41.793102,16.0,214167.51,241311.33000000002,2.0,0.0
103668,Cash loans,F,Y,Y,0,225000.0,450000.0,32877.0,450000.0,Unaccompanied,Working,Secondary / secondary special,Married,House / apartment,0.01452,-13467,-1563.0,-681.0,-665,1,1,0,1,0,0,2.0,2,2,THURSDAY,10,0,0,0,0,0,0,Self-employed,0.6338208,0.3996756,1.0,0.0,1.0,0.0,-2537.0,0,1,0,0,0,0,0,0,0,0,0,0,0,0,0,0,0,0,0,0,0.0,0.0,0.0,0.0,1.0,7.0,723764.6164285715,10132704.63,0.0,0.0,292208.3181818182,3214291.5,3.0,0.0,-649.9285714285714,-1110.0,-207.0,3.0,21.0,6.0,236616.42857142858,241346.14285714287,51.0,1766.8632352941174,0.0,77818.635,-4.509804,1.0,2344652.775,2254542.75,6.0,0.0
103669,Cash loans,F,N,N,0,135000.0,499500.0,36346.5,499500.0,Unaccompanied,Working,Secondary / secondary special,Married,Municipal apartment,0.010276,-9995,-1560.0,-2698.0,-1266,1,1,0,1,1,0,2.0,2,2,MONDAY,16,0,0,0,0,0,0,Industry: type 1,0.6386742,0.57091653,3.0,0.0,3.0,0.0,-1225.0,0,1,0,0,0,0,0,0,0,0,0,0,0,0,0,0,0,0,0,0,0.0,0.0,0.0,0.0,0.0,4.0,670556.25,2682225.0,0.0,0.0,451795.5,903591.0,2.0,0.0,-1205.0,-1389.0,-903.0,2.0,11.0,4.0,173996.18181818182,179106.54545454544,58.0,0.0,0.0,0.0,-8.465517,0.0,801056.0700000001,801056.0700000001,3.0,0.0
103676,Cash loans,F,N,Y,0,103500.0,112500.0,6412.5,112500.0,Unaccompanied,Working,Secondary / secondary special,Widow,House / apartment,0.0228,-21220,-2927.0,-47.0,-3385,1,1,0,1,0,0,1.0,2,2,WEDNESDAY,9,0,0,0,0,0,0,Self-employed,0.5258154,0.46865967,1.0,0.0,1.0,0.0,-859.0,0,1,0,0,0,0,0,0,0,0,0,0,0,0,0,0,0,0,0,0,0.0,0.0,0.0,0.0,1.0,1.0,108383.31818181818,1192216.5,0.0,0.0,64919.454545454544,714114.0,10.0,0.0,-819.5454545454545,-1377.0,-18.0,2.0,2.0,2.0,41717.25,41717.25,16.0,0.0,0.0,0.0,-7.6875,0.0,71941.32,71941.32,1.0,0.0
103682,Cash loans,F,N,Y,0,247500.0,439740.0,22581.0,315000.0,Unaccompanied,State servant,Higher education,Married,House / apartment,0.025164,-17328,-2524.0,-7427.0,-875,1,1,0,1,0,0,2.0,2,2,TUESDAY,13,0,0,0,0,1,1,School,0.618094,0.29109737,0.0,0.0,0.0,0.0,-1748.0,0,1,0,0,0,0,0,0,0,0,0,0,0,0,0,0,0,0,0,0,0.0,0.0,0.0,0.0,0.0,5.0,284147.0,2557323.0,0.0,0.0,118295.15785714285,828066.105,3.0,0.0,-1125.888888888889,-2153.0,-355.0,2.0,9.0,6.0,40651.5,37638.0,35.0,-735.777,-16453.08,0.0,-6.542857,8.0,336230.235,361982.43,7.0,0.0
103683,Cash loans,F,N,N,0,45000.0,49752.0,5224.5,45000.0,Unaccompanied,Pensioner,Higher education,Separated,House / apartment,0.01885,-23046,,-1086.0,-757,1,0,0,1,0,0,1.0,2,2,WEDNESDAY,9,0,0,0,0,0,0,XNA,0.5842714,0.4974689,2.0,1.0,1.0,1.0,-430.0,0,0,0,0,1,0,0,0,0,0,0,0,0,0,0,0,0,0,0,0,0.0,0.0,0.0,0.0,1.0,0.0,12000.0,36000.0,0.0,0.0,4500.0,13500.0,1.0,0.0,-119.33333333333333,-178.0,-26.0,1.0,1.0,1.0,13635.0,14445.0,5.0,0.0,0.0,0.0,-27.0,-4.0,18295.695,18295.695,1.0,0.0
103689,Cash loans,M,Y,N,1,360000.0,157500.0,16537.5,157500.0,Unaccompanied,Working,Higher education,Married,House / apartment,0.032561,-16892,-1249.0,-4262.0,-420,1,1,1,1,0,0,3.0,1,1,MONDAY,11,0,0,0,0,0,0,Business Entity Type 3,0.6955156,0.6195277,2.0,0.0,2.0,0.0,-3613.0,0,1,0,0,0,0,0,0,0,0,0,0,0,0,0,0,0,0,0,0,0.0,0.0,0.0,0.0,0.0,0.0,,,,,,,,,,,,,5.0,2.0,200700.0,206814.6,25.0,-544.4226,-11453.715,0.0,-9.52,2.0,344588.58,358199.145,2.0,0.0
103725,Cash loans,F,Y,Y,1,292500.0,746280.0,54436.5,675000.0,Unaccompanied,Commercial associate,Higher education,Married,House / apartment,0.00963,-10381,-3152.0,-167.0,-2617,1,1,0,1,1,1,3.0,2,2,TUESDAY,12,0,0,0,0,0,0,Transport: type 2,0.38001177,0.47944897,1.0,0.0,1.0,0.0,-283.0,0,1,0,0,0,0,0,0,0,0,0,0,0,0,0,0,0,0,0,0,0.0,0.0,0.0,0.0,1.0,0.0,1044505.125,8356041.0,0.0,0.0,338958.0,2033748.0,5.0,0.0,-1076.25,-1744.0,-208.0,3.0,2.0,2.0,84831.75,98268.75,9.0,0.0,0.0,0.0,-6.3333335,-1.0,80860.68000000001,80860.68000000001,2.0,0.0
103733,Cash loans,M,Y,N,1,270000.0,1639057.5,67639.5,1530000.0,Unaccompanied,Working,Incomplete higher,Married,With parents,0.072508,-11501,-467.0,-4468.0,-3985,1,1,0,1,1,0,3.0,1,1,WEDNESDAY,15,0,0,0,0,0,0,Business Entity Type 3,0.5590787,0.00052726525,0.0,0.0,0.0,0.0,-435.0,0,1,0,0,0,0,0,0,0,0,0,0,0,0,0,0,0,0,0,0,0.0,0.0,0.0,0.0,0.0,2.0,1721325.0,5163975.0,0.0,0.0,532802.4075,1065604.815,2.0,0.0,-1257.0,-2850.0,-226.0,2.0,4.0,2.0,103398.75,99808.875,43.0,-538.9838372093024,-11540.385,0.0,-2.3488371,4.0,797057.145,820233.45,1.0,0.0
103744,Cash loans,F,Y,Y,0,135000.0,1993702.5,62014.5,1782000.0,"Spouse, partner",Commercial associate,Higher education,Married,House / apartment,0.02461,-17083,-2875.0,-5015.0,-625,1,1,0,1,0,0,2.0,2,2,FRIDAY,17,0,0,0,0,0,0,Self-employed,0.48744705,0.7958031,1.0,1.0,1.0,1.0,-1248.0,0,1,0,0,0,0,0,0,0,0,0,0,0,0,0,0,0,0,0,0,0.0,0.0,0.0,0.0,0.0,1.0,,,,,,,,,,,,,5.0,3.0,84513.6,86044.5,15.0,0.0,0.0,0.0,-2.1333334,3.0,306843.21,306843.21,2.0,0.0
103762,Cash loans,F,N,Y,3,202500.0,360000.0,26194.5,360000.0,Unaccompanied,Working,Secondary / secondary special,Married,With parents,0.026392,-13695,-1490.0,-2747.0,-4912,1,1,1,1,1,1,5.0,2,2,SATURDAY,12,0,0,0,0,0,0,Business Entity Type 3,0.5929446,,0.0,0.0,0.0,0.0,-1120.0,0,1,0,0,0,0,0,0,0,0,0,0,0,0,0,0,0,0,0,0,0.0,0.0,0.0,0.0,0.0,0.0,45000.0,135000.0,0.0,0.0,,0.0,2.0,0.0,-214.33333333333334,-276.0,-166.0,1.0,3.0,3.0,162510.6,183190.5,13.0,-2048.7876923076924,-6660.0,0.0,-14.461538,14.0,318157.92,344792.16,2.0,0.0
103771,Cash loans,M,N,Y,0,135000.0,266652.0,21195.0,202500.0,"Spouse, partner",Pensioner,Secondary / secondary special,Civil marriage,House / apartment,0.006852,-22487,,-5060.0,-5696,1,0,0,1,0,0,2.0,3,3,WEDNESDAY,6,0,0,0,0,0,0,XNA,0.009207414,,4.0,0.0,4.0,0.0,0.0,0,0,0,0,1,0,0,0,0,0,0,0,0,0,0,0,0,0,0,0,,,,,,,,,,,,,,,,,,,9.0,2.0,108505.5,134431.0,15.0,0.0,0.0,0.0,-21.933332,-4.0,208076.355,208076.355,2.0,0.0
103773,Cash loans,F,Y,N,0,225000.0,315000.0,31153.5,315000.0,Unaccompanied,Working,Higher education,Single / not married,House / apartment,0.031329,-16431,-4267.0,-10530.0,-4872,1,1,1,1,1,0,1.0,2,2,FRIDAY,12,0,0,0,0,0,0,Medicine,0.7814326,0.56737924,0.0,0.0,0.0,0.0,-1757.0,0,1,0,0,0,0,0,0,0,0,0,0,0,0,0,0,0,0,0,0,1.0,0.0,0.0,0.0,1.0,2.0,270365.10500000004,2433285.9450000003,0.0,0.0,0.0,0.0,2.0,0.0,-913.2222222222222,-2571.0,-93.0,3.0,5.0,5.0,104256.0,105722.1,46.0,-970.5218478260872,-12423.195000000002,0.0,-9.195652,5.0,657352.485,701996.49,5.0,0.0
103783,Cash loans,M,N,Y,2,90000.0,332946.0,17127.0,238500.0,Unaccompanied,Working,Secondary / secondary special,Married,With parents,0.010643,-13478,-869.0,-7541.0,-4620,1,1,0,1,0,0,4.0,2,2,WEDNESDAY,15,0,0,0,0,0,0,Business Entity Type 3,0.59144485,0.5064842,0.0,0.0,0.0,0.0,-664.0,0,1,0,0,0,0,0,0,0,0,0,0,0,0,0,0,0,0,0,0,0.0,0.0,0.0,0.0,0.0,2.0,158801.805,317603.61,0.0,0.0,72571.5,145143.0,1.0,0.0,-593.0,-598.0,-588.0,2.0,3.0,1.0,102454.5,109837.5,22.0,0.0,0.0,0.0,-8.681818,-1.0,126552.69,126552.69,1.0,0.0
103784,Cash loans,M,N,N,0,306000.0,179865.0,11133.0,148500.0,Unaccompanied,Commercial associate,Secondary / secondary special,Married,House / apartment,0.035792,-21716,-5218.0,-11615.0,-5224,1,1,0,1,0,0,2.0,2,2,SUNDAY,12,0,0,0,0,0,0,Industry: type 3,0.66243964,0.391055,0.0,0.0,0.0,0.0,0.0,0,1,0,0,0,0,0,0,0,0,0,0,0,0,0,0,0,0,0,0,0.0,0.0,0.0,0.0,0.0,4.0,751500.0,3757500.0,0.0,0.0,143357.23125,573428.925,3.0,0.0,-1066.8,-2005.0,-194.0,2.0,5.0,4.0,289710.0,305049.6,80.0,-486.53156249999995,-12749.175,0.0,-6.8625,31.0,1773722.97,1812645.495,3.0,18.0
103808,Cash loans,F,N,Y,0,144000.0,182448.0,18823.5,157500.0,Unaccompanied,Pensioner,Lower secondary,Single / not married,House / apartment,0.01885,-23195,,-10973.0,-5060,1,0,0,1,0,0,1.0,2,2,TUESDAY,11,0,0,0,0,0,0,XNA,0.6824196,0.6577838,0.0,0.0,0.0,0.0,-1927.0,0,0,0,0,1,0,0,0,0,0,0,0,0,0,0,0,0,0,0,0,0.0,0.0,0.0,0.0,0.0,2.0,45557.04,683355.6,0.0,0.0,1631.835,24477.525,2.0,0.0,-748.4,-2443.0,-19.0,2.0,6.0,4.0,115887.0,119172.75,45.0,-341.90100000000007,-10756.44,0.0,-22.155556,4.0,551208.645,566594.1900000001,4.0,0.0
103812,Cash loans,F,N,Y,0,94500.0,296280.0,18256.5,225000.0,Unaccompanied,Pensioner,Secondary / secondary special,Separated,House / apartment,0.020713,-24446,,-2746.0,-4570,1,0,0,1,0,0,1.0,3,1,THURSDAY,7,0,0,0,0,0,0,XNA,0.33659133,,1.0,1.0,1.0,1.0,-936.0,0,0,0,0,1,0,0,0,0,0,0,0,0,0,0,0,0,0,0,0,,,,,,,,,,,,,,,,,,,6.0,4.0,79946.44499999999,85128.94499999999,36.0,0.0,0.0,0.0,-18.916666,-8.0,558068.3099999999,558068.3099999999,4.0,0.0
103813,Cash loans,F,N,Y,0,211500.0,550980.0,30897.0,450000.0,Unaccompanied,State servant,Incomplete higher,Married,House / apartment,0.00496,-13681,-868.0,-350.0,-256,1,1,0,1,0,0,2.0,2,2,TUESDAY,9,0,0,0,1,1,1,Kindergarten,0.33639115,,0.0,0.0,0.0,0.0,-817.0,0,1,0,0,0,0,0,0,0,0,0,0,0,0,0,0,0,0,0,0,0.0,0.0,0.0,0.0,0.0,0.0,1576500.0,4729500.0,0.0,0.0,1022061.15,3066183.45,2.0,0.0,-412.6666666666667,-600.0,-214.0,1.0,2.0,1.0,85837.5,475701.75,12.0,0.0,0.0,0.0,-10.666667,-8.0,224617.005,224617.005,1.0,0.0
103814,Cash loans,M,Y,N,0,135000.0,1022022.0,43429.5,913500.0,Family,Pensioner,Higher education,Single / not married,House / apartment,0.035792,-12296,,-2504.0,-4356,1,0,0,1,0,0,1.0,2,2,MONDAY,18,0,0,0,0,0,0,XNA,0.5954703,,2.0,0.0,2.0,0.0,-484.0,0,1,0,0,0,0,0,0,0,0,0,0,0,0,0,0,0,0,0,0,,,,,,,,,,,,,,,,,,,2.0,1.0,76455.0,73730.25,10.0,0.0,0.0,0.0,-8.3,-5.0,173329.695,173329.695,1.0,0.0
103818,Cash loans,F,N,N,2,139500.0,208512.0,21892.5,180000.0,Unaccompanied,Working,Secondary / secondary special,Separated,House / apartment,0.026392,-12782,-393.0,-1875.0,-2711,1,1,1,1,0,0,3.0,2,2,MONDAY,12,0,0,0,1,1,0,Industry: type 5,0.57698727,0.15008518,2.0,1.0,2.0,1.0,-1473.0,0,1,0,0,0,0,0,0,0,0,0,0,0,0,0,0,0,0,0,0,0.0,0.0,0.0,0.0,0.0,5.0,107395.875,429583.5,0.0,0.0,83685.375,334741.5,2.0,0.0,-738.75,-1340.0,-182.0,2.0,8.0,4.0,145799.4375,208409.625,39.0,3811.395000000001,-21404.16,157975.83000000002,-18.666666,2.0,1196660.61,1048016.205,3.0,0.0
103824,Cash loans,F,Y,Y,1,112500.0,427500.0,27450.0,427500.0,Unaccompanied,Working,Secondary / secondary special,Married,With parents,0.028663,-9638,-483.0,-3760.0,-2081,1,1,0,1,0,0,3.0,2,2,SATURDAY,11,0,0,0,0,0,0,Self-employed,0.6152095,0.56737924,6.0,0.0,6.0,0.0,0.0,0,1,0,0,0,0,0,0,0,0,0,0,0,0,0,0,0,0,0,0,0.0,0.0,0.0,0.0,0.0,0.0,31500.0,31500.0,0.0,0.0,8932.5,8932.5,1.0,0.0,-814.0,-814.0,-814.0,1.0,8.0,8.0,60536.93625,59731.250625,71.0,-46.84119718309859,-3319.38,0.0,-14.788733,3.0,538131.6900000001,541457.415,8.0,0.0
103828,Cash loans,F,N,N,0,135000.0,260640.0,26838.0,225000.0,Unaccompanied,Pensioner,Secondary / secondary special,Married,House / apartment,0.019101,-24495,,-9212.0,-4568,1,0,0,1,1,0,2.0,2,2,WEDNESDAY,9,0,0,0,0,0,0,XNA,0.6295114,0.6463299,0.0,0.0,0.0,0.0,-1335.0,0,1,0,0,0,0,0,0,0,0,0,0,0,0,0,0,0,0,0,0,0.0,0.0,0.0,0.0,0.0,3.0,125770.626,1257706.26,0.0,0.0,2584.575,20676.6,1.0,0.0,-1610.2,-2409.0,-283.0,2.0,8.0,7.0,265031.505,290773.755,129.0,-736.226511627907,-27336.465,0.0,-12.333333,3.0,2579702.265,2674675.485,8.0,0.0
103830,Cash loans,F,N,Y,0,135000.0,187659.0,17338.5,162000.0,Family,Pensioner,Secondary / secondary special,Widow,House / apartment,0.009657,-21496,,-1240.0,-3964,1,0,0,1,0,0,1.0,2,2,THURSDAY,10,0,0,0,0,0,0,XNA,0.047197916,0.12373532,1.0,1.0,1.0,1.0,-1741.0,0,1,0,0,0,0,0,0,0,0,0,0,0,0,0,0,0,0,0,0,0.0,0.0,0.0,0.0,1.0,2.0,100339.77272727272,1103737.5,0.0,0.0,67760.4375,542083.5,3.0,0.0,-443.6363636363636,-1312.0,-19.0,3.0,12.0,7.0,66883.45125,68863.125,92.0,-1424.1345652173914,-13482.990000000002,0.0,-2.3913043,189.0,872854.29,1003874.67,6.0,12.0
103840,Cash loans,F,N,Y,0,157500.0,799299.0,33993.0,702000.0,Unaccompanied,Commercial associate,Secondary / secondary special,Single / not married,House / apartment,0.006233,-16847,-3471.0,-12053.0,-377,1,1,0,1,0,1,1.0,2,2,MONDAY,14,0,0,0,0,0,0,Industry: type 9,0.6126751,0.7435593,2.0,0.0,2.0,0.0,-1621.0,0,1,0,0,0,0,0,0,0,0,0,0,0,0,0,0,0,0,0,0,0.0,0.0,0.0,0.0,0.0,0.0,,,,,,,,,,,,,2.0,2.0,262284.75,285250.5,22.0,0.0,0.0,0.0,-10.227273,0.0,685082.07,685082.07,2.0,0.0
103842,Cash loans,M,N,Y,0,225000.0,450000.0,35554.5,450000.0,Family,Working,Secondary / secondary special,Married,House / apartment,0.032561,-9724,-1046.0,-8058.0,-2327,1,1,1,1,1,0,2.0,1,1,SATURDAY,15,0,0,0,0,0,0,Business Entity Type 3,0.50295395,0.62461466,0.0,0.0,0.0,0.0,-76.0,0,1,0,0,0,0,0,0,0,0,0,0,0,0,0,0,0,0,0,0,0.0,0.0,0.0,0.0,0.0,2.0,78268.5,156537.0,0.0,0.0,0.0,0.0,0.0,0.0,-1192.5,-1234.0,-1151.0,2.0,3.0,3.0,233692.5,237154.5,34.0,-280.77882352941174,-9406.98,0.0,-3.0882354,9.0,626800.95,636347.4299999999,3.0,0.0
103847,Cash loans,F,N,Y,1,261000.0,792162.0,40576.5,630000.0,Family,Working,Secondary / secondary special,Civil marriage,House / apartment,0.018634,-17705,-2437.0,-8553.0,-363,1,1,0,1,0,0,3.0,2,2,TUESDAY,9,1,1,0,0,0,0,Business Entity Type 3,0.5907207,0.17146836,0.0,0.0,0.0,0.0,0.0,0,1,0,0,0,0,0,0,0,0,0,0,0,0,0,0,0,0,0,0,0.0,0.0,0.0,0.0,1.0,4.0,255584.25,1022337.0,0.0,0.0,177332.625,709330.5,1.0,0.0,-350.0,-673.0,-167.0,1.0,15.0,9.0,111777.0,140157.6,53.0,569.1795283018868,-4932.900000000001,32051.925,-10.490566,2.0,916880.76,886714.245,7.0,0.0
103848,Cash loans,M,N,Y,0,225000.0,876078.0,53725.5,765000.0,Unaccompanied,Working,Secondary / secondary special,Married,House / apartment,0.020246,-16866,-157.0,-9282.0,-421,1,1,0,1,0,1,2.0,3,3,THURSDAY,7,0,0,0,0,0,0,Self-employed,0.7341964,0.5226973,0.0,0.0,0.0,0.0,-2365.0,0,1,0,0,0,0,0,0,0,0,0,0,0,0,0,0,0,0,0,0,0.0,0.0,0.0,0.0,1.0,0.0,286598.375,2579385.375,0.0,0.0,144344.5,1299100.5,3.0,0.0,-1081.4444444444443,-2009.0,-282.0,2.0,1.0,1.0,186269.4,219217.5,37.0,-5047.934594594595,-15564.33,0.0,-3.0270271,39.0,376832.025,563605.605,1.0,24.0
103851,Cash loans,M,Y,Y,1,405000.0,1800000.0,55872.0,1800000.0,Unaccompanied,Commercial associate,Secondary / secondary special,Married,House / apartment,0.04622,-18447,-897.0,-10949.0,-2001,1,1,0,1,1,0,3.0,1,1,WEDNESDAY,18,0,1,1,0,0,0,Security,0.6592146,0.6496203,0.0,0.0,0.0,0.0,-2807.0,0,0,0,0,0,0,1,0,0,0,0,0,0,0,0,0,0,0,0,0,0.0,0.0,0.0,0.0,0.0,0.0,486207.0,1458621.0,0.0,0.0,0.0,0.0,1.0,0.0,-1088.6666666666667,-1724.0,-349.0,1.0,6.0,2.0,383790.0,446283.0,34.0,-343.6835294117647,-11682.0,0.0,-11.058824,18.0,1789353.585,1801038.825,2.0,16.0
103854,Cash loans,M,Y,Y,1,112500.0,218016.0,14062.5,180000.0,Unaccompanied,Working,Secondary / secondary special,Married,House / apartment,0.028663,-9048,-252.0,-674.0,-1716,1,1,1,1,1,0,3.0,2,2,WEDNESDAY,11,0,1,1,0,1,1,Security,0.5219374,0.2940831,0.0,0.0,0.0,0.0,0.0,0,1,0,0,0,0,0,0,0,0,0,0,0,0,0,0,0,0,0,0,0.0,0.0,0.0,0.0,2.0,2.0,91807.2,459036.0,0.0,0.0,22512.6,112563.0,3.0,0.0,-590.4,-1027.0,-84.0,1.0,4.0,4.0,34039.125,36373.5,23.0,-451.68652173913046,-5644.53,0.0,-10.086957,2.0,116369.28,126758.06999999999,3.0,0.0
103857,Cash loans,M,N,Y,0,180000.0,420588.0,38704.5,360000.0,Other_A,Working,Secondary / secondary special,Single / not married,Municipal apartment,0.007114,-9309,-846.0,-9284.0,-1655,1,1,0,1,0,1,1.0,2,2,THURSDAY,18,0,0,0,0,1,1,Self-employed,0.4046966,0.4311918,6.0,0.0,6.0,0.0,-887.0,0,1,0,0,0,0,0,0,0,0,0,0,0,0,0,0,0,0,0,0,0.0,0.0,0.0,0.0,0.0,1.0,93114.72,465573.6,0.0,0.0,39279.771,196398.855,3.0,0.0,-708.4,-864.0,-226.0,2.0,2.0,1.0,85428.0,88553.25,5.0,0.0,0.0,0.0,-6.2,-5.0,46486.845,46486.845,1.0,0.0
103861,Cash loans,M,Y,N,0,225000.0,450000.0,25128.0,450000.0,Unaccompanied,Pensioner,Higher education,Married,House / apartment,0.04622,-23051,,-1268.0,-623,1,0,0,1,0,0,2.0,1,1,MONDAY,16,0,0,0,0,0,0,XNA,0.75938344,0.66745776,0.0,0.0,0.0,0.0,-852.0,0,0,0,0,0,0,1,0,0,0,0,0,0,0,0,0,0,0,0,0,0.0,0.0,0.0,0.0,1.0,2.0,1055671.2,5278356.0,0.0,0.0,642696.75,2570787.0,3.0,0.0,-889.8,-1442.0,-359.0,2.0,2.0,2.0,699750.0,765351.0,22.0,11419.854545454546,-49688.100000000006,396869.58,-5.909091,14.0,2436736.41,2185499.61,2.0,0.0
103862,Cash loans,F,N,Y,0,121500.0,62554.5,6867.0,54000.0,Unaccompanied,Working,Secondary / secondary special,Single / not married,House / apartment,0.01885,-19452,-8389.0,-1045.0,-2984,1,1,0,1,1,0,1.0,2,2,THURSDAY,12,0,0,0,0,0,0,Business Entity Type 2,0.61852753,0.14734592,2.0,0.0,2.0,0.0,-2061.0,0,1,0,0,0,0,0,0,0,0,0,0,0,0,0,0,0,0,0,0,0.0,0.0,1.0,0.0,1.0,4.0,225994.8927272727,2485943.82,0.0,0.0,79400.45454545454,873405.0,5.0,0.0,-872.3636363636364,-2135.0,-99.0,2.0,13.0,8.0,58608.0,97339.5,157.0,-419.39197452229297,-10744.064999999999,0.0,-6.656051,7.0,1261428.255,1327272.795,9.0,0.0
103865,Cash loans,F,N,Y,0,157500.0,248760.0,25618.5,225000.0,Family,Pensioner,Secondary / secondary special,Civil marriage,House / apartment,0.016612,-24761,,-16825.0,-4790,1,0,0,1,0,0,2.0,2,2,WEDNESDAY,10,0,0,0,0,0,0,XNA,0.30379802,0.41534716,0.0,0.0,0.0,0.0,0.0,0,1,0,0,0,0,0,0,0,0,0,0,0,0,0,0,0,0,0,0,0.0,0.0,0.0,0.0,0.0,7.0,184234.69125,736938.765,0.0,0.0,51679.78875,206719.155,2.0,0.0,-642.5,-1182.0,-215.0,2.0,13.0,8.0,112153.84615384616,119121.92307692308,95.0,1168.974,-12693.824999999999,53929.575,-20.252632,4.0,1454267.4749999999,1343214.945,8.0,0.0
103870,Cash loans,F,N,Y,0,180000.0,547344.0,23319.0,472500.0,Unaccompanied,State servant,Higher education,Married,House / apartment,0.005084,-16495,-3492.0,-2287.0,-26,1,1,0,1,0,1,2.0,2,2,MONDAY,17,0,0,0,0,0,0,Other,0.6573897,0.6075573,1.0,0.0,1.0,0.0,0.0,0,1,0,0,0,0,0,0,0,0,0,0,0,0,0,0,0,0,0,0,0.0,0.0,0.0,0.0,1.0,1.0,1157636.25,4630545.0,0.0,0.0,682902.0,2048706.0,3.0,0.0,-1033.5,-1617.0,-601.0,3.0,7.0,2.0,108408.21428571429,107215.71428571429,22.0,0.0,0.0,0.0,-7.0454545,-1.0,257723.415,257723.415,2.0,0.0
103876,Cash loans,F,N,N,1,225000.0,495000.0,31635.0,495000.0,,Working,Secondary / secondary special,Married,House / apartment,0.00733,-13735,-5400.0,-7564.0,-5290,1,1,1,1,1,0,3.0,2,2,MONDAY,12,0,0,0,0,0,0,Services,0.6289809,0.5814837,1.0,0.0,1.0,0.0,-722.0,0,1,0,0,0,0,0,0,0,0,0,0,0,0,0,0,0,0,0,0,0.0,0.0,0.0,0.0,0.0,2.0,88402.74882352941,1502846.73,0.0,0.0,0.0,0.0,3.0,0.0,-1466.1764705882354,-2906.0,-228.0,2.0,3.0,2.0,107962.5,103162.5,16.0,0.0,0.0,0.0,-66.3125,-5.0,103664.51999999999,103664.51999999999,2.0,0.0
103891,Cash loans,M,Y,Y,0,112500.0,537322.5,42583.5,486000.0,Unaccompanied,Working,Lower secondary,Married,House / apartment,0.020713,-11137,-93.0,-5669.0,-3709,1,1,0,1,0,0,2.0,3,3,TUESDAY,7,0,0,0,0,1,1,Self-employed,0.032879803,,0.0,0.0,0.0,0.0,0.0,0,1,0,0,0,0,0,0,0,0,0,0,0,0,0,0,0,0,0,0,,,,,,,,,,,,,,,,,,,1.0,1.0,180000.0,151470.0,12.0,0.0,0.0,0.0,-22.583334,-15.0,192857.03999999998,192857.03999999998,1.0,0.0
103908,Cash loans,F,Y,Y,0,112500.0,312840.0,24714.0,247500.0,Unaccompanied,Working,Incomplete higher,Married,House / apartment,0.019101,-11100,-1397.0,-664.0,-3050,1,1,0,1,0,0,2.0,2,2,MONDAY,15,0,0,0,0,0,0,Services,0.5794085,,2.0,0.0,2.0,0.0,-907.0,0,1,0,0,0,0,0,0,0,0,0,0,0,0,0,0,0,0,0,0,,,,,,,,,,,,,,,,,,,3.0,2.0,107233.5,107233.5,29.0,0.0,0.0,0.0,-9.379311,-2.0,190930.77,190930.77,2.0,0.0
103914,Cash loans,M,Y,Y,0,90000.0,746703.0,28278.0,616500.0,Unaccompanied,Pensioner,Secondary / secondary special,Married,House / apartment,0.019101,-23014,,-10598.0,-4012,1,0,0,1,0,0,2.0,2,2,WEDNESDAY,10,0,0,0,1,0,0,XNA,0.3022462,0.59892625,1.0,0.0,1.0,0.0,0.0,0,0,0,0,1,0,0,0,0,0,0,0,0,0,0,0,0,0,0,0,0.0,0.0,0.0,0.0,0.0,1.0,263250.0,526500.0,0.0,0.0,171290.25,342580.5,2.0,0.0,-724.5,-729.0,-720.0,2.0,1.0,1.0,276705.0,276705.0,20.0,0.0,0.0,0.0,-8.95,-3.0,209078.1,209078.1,1.0,0.0
103918,Cash loans,F,N,Y,1,99000.0,677664.0,34731.0,585000.0,Unaccompanied,Working,Secondary / secondary special,Married,House / apartment,0.010966,-17740,-2466.0,-7078.0,-1281,1,1,0,1,0,0,3.0,2,2,WEDNESDAY,16,0,0,0,0,0,0,Business Entity Type 2,0.46740535,0.44005784,0.0,0.0,0.0,0.0,-2102.0,0,1,0,0,0,0,0,0,0,0,0,0,0,0,0,0,0,0,0,0,0.0,0.0,0.0,0.0,0.0,0.0,174266.1,1742661.0,0.0,0.0,14204.407500000001,142044.075,2.0,0.0,-1713.5,-2518.0,-505.0,2.0,6.0,2.0,72945.0,78215.25,33.0,-1293.8590909090908,-11028.375,0.0,-5.787879,26.0,205558.74,248256.09,2.0,4.0
103940,Revolving loans,M,N,Y,0,157500.0,135000.0,6750.0,135000.0,Unaccompanied,Working,Higher education,Civil marriage,House / apartment,0.035792,-8367,-124.0,-3156.0,-1036,1,1,0,1,0,1,2.0,2,2,TUESDAY,13,0,0,0,0,0,0,Other,0.5239831,0.6894792,0.0,0.0,0.0,0.0,-74.0,0,0,0,0,0,0,0,0,0,0,0,0,0,0,0,0,0,0,0,0,0.0,0.0,0.0,0.0,1.0,3.0,0.0,0.0,0.0,0.0,0.0,0.0,1.0,0.0,-1012.5,-1305.0,-720.0,1.0,2.0,2.0,115807.5,108969.75,15.0,0.0,0.0,0.0,-13.533334,-4.0,236621.43,236621.43,2.0,0.0
103963,Cash loans,F,Y,N,0,103500.0,781920.0,42417.0,675000.0,Unaccompanied,Working,Secondary / secondary special,Married,With parents,0.018801,-10713,-2854.0,-4833.0,-3387,1,1,0,1,0,0,2.0,2,2,SATURDAY,8,0,0,0,0,1,1,Business Entity Type 3,0.19390047,0.5797274,0.0,0.0,0.0,0.0,-1886.0,0,1,0,0,0,0,0,0,0,0,0,0,0,0,0,0,0,0,0,0,0.0,0.0,0.0,0.0,1.0,5.0,64718.1,647181.0,0.0,0.0,0.0,0.0,0.0,0.0,-1923.7,-2689.0,-366.0,1.0,20.0,10.0,147888.0,178291.575,131.0,5310.589122137405,-11120.355,181446.075,-10.198473,3.0,4289147.235,3593460.06,9.0,0.0
103966,Cash loans,F,N,Y,0,40500.0,234000.0,9967.5,234000.0,Unaccompanied,Working,Secondary / secondary special,Married,House / apartment,0.01885,-18914,-4803.0,-6913.0,-2448,1,1,1,1,0,0,2.0,2,2,TUESDAY,17,0,0,0,0,0,0,Kindergarten,0.76396024,0.13765447,2.0,1.0,2.0,1.0,-1988.0,0,1,0,0,0,0,0,0,0,0,0,0,0,0,0,0,0,0,0,0,0.0,0.0,0.0,0.0,1.0,1.0,66350.45454545454,729855.0,0.0,0.0,21921.136363636364,241132.5,3.0,0.0,-751.6363636363636,-1777.0,-255.0,2.0,2.0,0.0,45936.0,45936.0,98.0,0.0,0.0,0.0,-3.4387755,0.0,171836.865,171836.865,,
103971,Cash loans,M,N,N,1,202500.0,450000.0,32746.5,450000.0,Unaccompanied,Commercial associate,Secondary / secondary special,Single / not married,House / apartment,0.030755,-13900,-1734.0,-4451.0,-4443,1,1,1,1,1,0,2.0,2,2,SUNDAY,15,0,0,0,0,0,0,Self-employed,0.5981013,,0.0,0.0,0.0,0.0,-452.0,0,1,0,0,0,0,0,0,0,0,0,0,0,0,0,0,0,0,0,0,,,,,,,,,,,,,,,,,,,4.0,4.0,187536.375,199332.0,55.0,-501.46036363636364,-25531.92,0.0,-4.2181816,6.0,1570284.45,1597864.77,3.0,0.0
103980,Cash loans,F,Y,N,1,112500.0,450000.0,23107.5,450000.0,Family,Working,Secondary / secondary special,Married,With parents,0.018634,-9097,-1204.0,-350.0,-1784,1,1,0,1,0,0,3.0,2,2,WEDNESDAY,14,0,0,0,0,0,0,Other,0.5309922,,1.0,1.0,1.0,1.0,-571.0,0,1,0,0,0,0,0,0,0,0,0,0,0,0,0,0,0,0,0,0,,,,,,,,,,,,,,,,,,,1.0,1.0,101137.5,91021.5,11.0,0.0,0.0,0.0,-10.090909,-7.0,106286.985,106286.985,1.0,0.0
103984,Cash loans,M,N,Y,0,74250.0,312840.0,18090.0,247500.0,Unaccompanied,Pensioner,Incomplete higher,Married,House / apartment,0.072508,-22770,,-10111.0,-4327,1,0,0,1,0,0,2.0,1,1,FRIDAY,12,0,0,0,0,0,0,XNA,0.41489863,0.39277387,0.0,0.0,0.0,0.0,-130.0,0,0,0,0,1,0,0,0,0,0,0,0,0,0,0,0,0,0,0,0,0.0,0.0,0.0,0.0,0.0,0.0,67530.615,202591.845,132.0,396.0,0.0,0.0,1.0,60.0,-2714.3333333333335,-2867.0,-2565.0,1.0,7.0,5.0,481493.5714285714,527292.0,27.0,24991.666666666668,0.0,630350.415,-17.814816,0.0,4520169.18,3845394.1799999997,5.0,0.0
103985,Cash loans,F,N,N,1,135000.0,238500.0,13819.5,238500.0,Family,Working,Incomplete higher,Married,House / apartment,0.00712,-11508,-1971.0,-1984.0,-3398,1,1,0,1,0,0,3.0,2,2,FRIDAY,11,0,0,0,0,0,0,Other,0.54834175,,3.0,1.0,3.0,1.0,-972.0,0,1,0,0,0,0,0,0,0,0,0,0,0,0,0,0,0,0,0,0,0.0,0.0,0.0,0.0,0.0,5.0,106803.0,106803.0,0.0,0.0,,0.0,0.0,0.0,-1187.0,-1187.0,-1187.0,1.0,3.0,2.0,113385.0,182982.0,43.0,-94.99186046511628,-4081.5,0.0,-5.3488374,26.0,845001.0,849085.65,2.0,0.0
103998,Cash loans,M,N,Y,0,157500.0,450000.0,19048.5,450000.0,Unaccompanied,Working,Secondary / secondary special,Widow,House / apartment,0.018209,-18343,-3149.0,-8180.0,-1902,1,1,0,1,0,0,1.0,3,3,SATURDAY,7,0,0,0,0,0,0,School,0.11710435,0.30010775,0.0,0.0,0.0,0.0,-1226.0,0,1,0,0,0,0,0,0,0,0,0,0,0,0,0,0,0,0,0,0,0.0,0.0,0.0,0.0,0.0,2.0,203414.0,1830726.0,0.0,0.0,79258.86,475553.16,5.0,0.0,-924.4444444444445,-2032.0,-124.0,2.0,3.0,3.0,405000.0,586246.5,77.0,-230.71733766233768,-6750.0,0.0,-5.3246756,4.0,2124747.0,2142512.235,2.0,0.0
104019,Cash loans,F,N,N,0,225000.0,360000.0,36886.5,360000.0,Unaccompanied,State servant,Secondary / secondary special,Married,House / apartment,0.015221,-18323,-8210.0,-1345.0,-1862,1,1,1,1,0,0,2.0,2,2,WEDNESDAY,12,0,0,0,0,0,0,Government,0.6451232,0.622922,0.0,0.0,0.0,0.0,-1640.0,0,1,0,0,0,0,0,0,0,0,0,0,0,0,0,0,0,0,0,0,0.0,0.0,0.0,0.0,0.0,1.0,160692.1907142857,1124845.335,0.0,0.0,77247.75,463486.5,2.0,0.0,-1481.7142857142858,-2698.0,-740.0,1.0,4.0,4.0,36556.875,37699.875,48.0,0.0,0.0,0.0,-13.041667,1.0,200419.785,200419.785,4.0,0.0
104026,Cash loans,F,Y,Y,1,135000.0,675000.0,25447.5,675000.0,Unaccompanied,Working,Secondary / secondary special,Married,House / apartment,0.019689,-15640,-8313.0,-5780.0,-5655,1,1,0,1,0,0,3.0,2,2,WEDNESDAY,9,0,0,0,0,0,0,Medicine,0.5283828,0.36896873,3.0,0.0,3.0,0.0,-2863.0,0,1,0,0,0,0,0,0,0,0,0,0,0,0,0,0,0,0,0,0,0.0,0.0,0.0,0.0,1.0,0.0,974875.0,8773875.0,0.0,0.0,799536.8571428572,5596758.0,2.0,0.0,-1301.6666666666667,-2632.0,-226.0,3.0,4.0,4.0,76385.25,78619.5,42.0,0.0,0.0,0.0,-4.5238094,3.0,421706.565,421706.565,5.0,0.0
104035,Cash loans,F,N,N,0,90000.0,594121.5,30465.0,472500.0,Unaccompanied,Working,Secondary / secondary special,Married,Rented apartment,0.008866,-11973,-1405.0,-5423.0,-4475,1,1,0,1,0,0,2.0,2,2,WEDNESDAY,10,0,0,0,1,1,0,Government,0.3746838,0.58674,1.0,0.0,1.0,0.0,-265.0,0,1,0,0,0,0,0,0,0,0,0,0,0,0,0,0,0,0,0,0,0.0,0.0,0.0,0.0,1.0,3.0,132086.70642857143,924606.9450000001,0.0,0.0,51868.28571428572,363078.0,1.0,0.0,-1165.142857142857,-2855.0,-425.0,1.0,4.0,3.0,44178.75,60735.375,16.0,0.0,0.0,0.0,-3.8125,2.0,240126.885,240126.885,2.0,0.0
104044,Cash loans,F,N,N,0,180000.0,675000.0,21775.5,675000.0,Unaccompanied,Working,Higher education,Married,House / apartment,0.003541,-13759,-1905.0,-4475.0,-2858,1,1,0,1,0,0,2.0,1,1,FRIDAY,14,0,0,0,0,0,0,Other,0.53563476,0.27644068,4.0,0.0,4.0,0.0,-537.0,0,1,0,0,0,0,0,0,0,0,0,0,0,0,0,0,0,0,0,0,0.0,0.0,0.0,0.0,1.0,4.0,489047.625,1956190.5,132.75,531.0,201385.125,805540.5,3.0,160.0,-950.5,-2850.0,-282.0,2.0,3.0,1.0,171003.0,171003.0,9.0,0.0,0.0,0.0,-11.666667,-3.0,108611.64,108611.64,1.0,0.0
104045,Cash loans,M,Y,Y,0,99000.0,266652.0,19534.5,202500.0,Unaccompanied,Working,Secondary / secondary special,Single / not married,House / apartment,0.009549,-9217,-905.0,-8882.0,-1886,1,1,0,1,1,0,1.0,2,2,MONDAY,11,0,0,0,0,0,0,Business Entity Type 3,0.67321295,0.8160924,0.0,0.0,0.0,0.0,-611.0,0,1,0,0,0,0,0,0,0,0,0,0,0,0,0,0,0,0,0,0,0.0,0.0,0.0,0.0,1.0,0.0,13410.0,13410.0,0.0,0.0,0.0,0.0,1.0,0.0,-2422.0,-2422.0,-2422.0,1.0,1.0,1.0,51700.5,49806.0,9.0,-908.44,-8106.975,0.0,-8.222222,2.0,65436.975000000006,73612.935,1.0,0.0
104047,Cash loans,F,N,N,0,180000.0,450000.0,14517.0,450000.0,Family,Working,Secondary / secondary special,Married,House / apartment,0.009657,-14858,-6900.0,-6633.0,-4743,1,1,1,1,1,0,2.0,2,2,WEDNESDAY,15,0,0,0,0,0,0,Government,0.6367038,0.14024319,0.0,0.0,0.0,0.0,-2547.0,0,1,0,0,0,0,0,0,0,0,0,0,0,0,0,0,0,0,0,0,0.0,0.0,0.0,0.0,2.0,2.0,623975.25,7487703.0,0.0,0.0,339325.5,4071906.0,6.0,0.0,-1169.0833333333333,-2757.0,-137.0,3.0,3.0,1.0,9045.0,8391.0,5.0,0.0,0.0,0.0,-26.6,-4.0,30195.225,30195.225,1.0,0.0
104051,Cash loans,F,N,Y,0,225000.0,450000.0,28890.0,450000.0,Unaccompanied,Pensioner,Secondary / secondary special,Married,House / apartment,0.026392,-23913,,-10847.0,-4789,1,0,0,1,0,1,2.0,2,2,TUESDAY,14,0,0,0,0,0,0,XNA,0.7351768,,0.0,0.0,0.0,0.0,-548.0,0,0,0,0,1,0,0,0,0,0,0,0,0,0,0,0,0,0,0,0,,,,,,,,,,,,,,,,,,,10.0,5.0,223211.21850000002,211684.5,22.0,-2213.429318181818,-46824.84,0.0,-7.909091,6.0,1335340.395,1384035.84,4.0,0.0
104058,Cash loans,F,N,Y,0,157500.0,521568.0,22054.5,360000.0,Unaccompanied,Pensioner,Secondary / secondary special,Widow,House / apartment,0.020246,-23474,,-5692.0,-2857,1,0,0,1,0,0,1.0,3,3,TUESDAY,6,0,0,0,0,0,0,XNA,0.49881557,0.53527623,0.0,0.0,0.0,0.0,-577.0,0,0,0,0,1,0,0,0,0,0,0,0,0,0,0,0,0,0,0,0,0.0,0.0,0.0,0.0,2.0,0.0,69285.80249999999,138571.60499999998,0.0,0.0,0.0,0.0,0.0,0.0,-278.0,-319.0,-237.0,2.0,1.0,1.0,43803.0,39420.0,5.0,0.0,0.0,0.0,-36.6,-9.0,40839.795,40839.795,1.0,0.0
104063,Cash loans,F,N,Y,0,135000.0,1024740.0,52452.0,900000.0,Family,Commercial associate,Secondary / secondary special,Married,House / apartment,0.019101,-15428,-2462.0,-7767.0,-4722,1,1,0,1,1,0,2.0,2,2,MONDAY,14,0,0,0,0,0,0,Trade: type 7,0.7795294,0.832785,0.0,0.0,0.0,0.0,-656.0,0,1,0,0,0,0,0,0,0,0,0,0,0,0,0,0,0,0,0,0,0.0,0.0,0.0,0.0,0.0,1.0,119542.5,358627.5,0.0,0.0,0.0,0.0,1.0,0.0,-1646.6666666666667,-1861.0,-1427.0,1.0,1.0,1.0,113446.35,102100.5,4.0,0.0,0.0,0.0,-27.75,-12.0,105608.925,105608.925,1.0,0.0
104066,Cash loans,F,Y,Y,0,180000.0,781920.0,42547.5,675000.0,Unaccompanied,Working,Secondary / secondary special,Married,House / apartment,0.008474,-13682,-924.0,-12017.0,-5300,1,1,0,1,1,0,2.0,2,2,THURSDAY,12,0,0,0,0,0,0,Industry: type 5,0.54949504,0.22761291,3.0,0.0,3.0,0.0,-2002.0,0,1,0,0,0,0,0,0,0,0,0,0,0,0,0,0,0,0,0,0,0.0,0.0,0.0,0.0,0.0,0.0,457320.65625,7317130.5,0.0,0.0,303673.3609090909,3340406.9699999997,6.0,0.0,-1081.625,-2754.0,-184.0,2.0,10.0,5.0,551536.2,631269.0,114.0,-133.33263157894737,-12441.6,0.0,-3.7017543,9.0,3817081.125,3832281.0450000004,4.0,0.0
104087,Cash loans,F,Y,N,0,607500.0,1272456.0,53910.0,1080000.0,Unaccompanied,Commercial associate,Higher education,Married,House / apartment,0.032561,-18720,-2902.0,-6600.0,-2261,1,1,0,1,1,0,2.0,1,1,WEDNESDAY,13,0,0,0,0,0,0,Bank,0.60514,0.4188543,0.0,0.0,0.0,0.0,-2443.0,0,1,0,0,0,0,0,0,0,0,0,0,0,0,0,0,0,0,0,0,0.0,0.0,0.0,0.0,0.0,0.0,1286227.6875,10289821.5,0.0,0.0,249347.57142857142,1745433.0,5.0,0.0,-1104.75,-2893.0,-311.0,4.0,4.0,2.0,842703.75,918500.625,18.0,0.0,0.0,0.0,-18.666666,0.0,129188.88,129188.88,3.0,0.0
104089,Cash loans,M,Y,Y,0,180000.0,338832.0,26901.0,292500.0,Unaccompanied,Working,Secondary / secondary special,Married,House / apartment,0.016612,-17325,-2513.0,-8830.0,-877,1,1,0,1,0,0,2.0,2,2,FRIDAY,14,0,0,0,0,0,0,Self-employed,0.46428743,0.81061804,0.0,0.0,0.0,0.0,-633.0,0,0,0,0,0,0,1,0,0,0,0,0,0,0,0,0,0,0,0,0,0.0,0.0,0.0,0.0,0.0,4.0,,,,,,,,,,,,,7.0,4.0,60428.57142857143,64968.42857142857,18.0,0.0,0.0,0.0,-20.055555,-2.0,373290.75,373290.75,3.0,0.0
104095,Cash loans,M,Y,N,0,211500.0,817560.0,30951.0,675000.0,Family,Working,Higher education,Married,House / apartment,0.025164,-21068,-485.0,-14.0,-3588,1,1,0,1,0,0,2.0,2,2,MONDAY,13,0,0,0,0,0,0,Trade: type 3,0.55652744,0.5208976,0.0,0.0,0.0,0.0,-916.0,0,0,0,0,0,0,1,0,0,0,0,0,0,0,0,0,0,0,0,0,0.0,0.0,0.0,0.0,1.0,2.0,918886.5,15621070.5,0.0,0.0,93258.0,932580.0,3.0,0.0,-1309.1764705882354,-2884.0,-130.0,3.0,5.0,3.0,252000.0,263761.2,163.0,1914.19509202454,-23297.670000000002,202888.8,-9.447853,2.0,2610358.65,2298344.85,3.0,0.0
104098,Cash loans,M,Y,Y,1,202500.0,387144.0,30717.0,342000.0,Unaccompanied,Working,Secondary / secondary special,Married,House / apartment,0.030755,-14739,-3123.0,-3398.0,-4648,1,1,0,1,0,0,3.0,2,2,THURSDAY,12,0,0,0,0,1,1,Agriculture,0.15331209,0.5726825,0.0,0.0,0.0,0.0,0.0,0,0,0,0,1,0,0,0,0,0,0,0,0,0,0,0,0,0,0,0,0.0,0.0,0.0,0.0,0.0,1.0,244107.0,488214.0,0.0,0.0,0.0,0.0,0.0,0.0,-1197.5,-1220.0,-1175.0,1.0,5.0,2.0,45016.2,46168.2,10.0,0.0,0.0,0.0,-15.3,-8.0,98719.38,98719.38,2.0,0.0
104104,Cash loans,F,N,Y,2,135000.0,526837.5,18121.5,337500.0,Family,State servant,Higher education,Married,House / apartment,0.02461,-13042,-2086.0,-2842.0,-5237,1,1,0,1,1,0,4.0,2,2,THURSDAY,11,0,0,0,0,0,0,Kindergarten,0.4827825,0.6561584,0.0,0.0,0.0,0.0,0.0,0,1,0,0,0,0,0,0,0,0,0,0,0,0,0,0,0,0,0,0,0.0,0.0,0.0,0.0,0.0,2.0,99335.25,397341.0,0.0,0.0,105670.5,317011.5,1.0,0.0,-1744.75,-2127.0,-1277.0,2.0,4.0,4.0,42717.375,156985.875,28.0,-1717.5310714285715,-8121.420000000001,0.0,-15.0,16.0,213943.5,262034.37000000002,3.0,11.0
104110,Cash loans,F,N,Y,1,157500.0,495000.0,25272.0,495000.0,Unaccompanied,Commercial associate,Secondary / secondary special,Married,House / apartment,0.031329,-9954,-1495.0,-2644.0,-2469,1,1,0,1,1,0,3.0,2,2,TUESDAY,14,0,0,0,0,0,0,Trade: type 7,0.1462128,0.064671956,4.0,0.0,4.0,0.0,0.0,0,1,0,0,0,0,0,0,0,0,0,0,0,0,0,0,0,0,0,0,0.0,0.0,0.0,0.0,1.0,4.0,183960.0,551880.0,30.0,90.0,90000.0,90000.0,3.0,15.0,-221.66666666666666,-354.0,-69.0,2.0,6.0,2.0,321190.2,371637.0,24.0,-590.188125,-12835.035,0.0,-17.875,8.0,322624.035,336788.55,2.0,0.0
104120,Cash loans,F,N,N,0,45000.0,182448.0,18823.5,157500.0,Family,Pensioner,Secondary / secondary special,Married,House / apartment,0.018029,-21704,,-14358.0,-1133,1,0,0,1,0,0,2.0,3,3,THURSDAY,6,0,0,0,0,0,0,XNA,0.5798188,0.4974689,9.0,0.0,9.0,0.0,-877.0,0,0,0,0,1,0,0,0,0,0,0,0,0,0,0,0,0,0,0,0,0.0,0.0,0.0,0.0,0.0,3.0,189000.0,378000.0,0.0,0.0,50181.75,100363.5,1.0,0.0,-758.0,-870.0,-646.0,1.0,5.0,3.0,252144.9,322817.4,44.0,-995.9307954545455,-20879.595,0.0,-11.636364,3.0,682688.8350000001,726509.79,2.0,0.0
104122,Cash loans,F,N,Y,1,135000.0,601029.0,47614.5,513000.0,Unaccompanied,Commercial associate,Higher education,Married,House / apartment,0.04622,-10538,-2775.0,-5018.0,-1381,1,1,0,1,0,0,3.0,1,1,THURSDAY,17,0,0,0,0,0,0,Business Entity Type 3,0.71892,0.57091653,1.0,1.0,1.0,1.0,-1352.0,0,1,0,0,0,0,0,0,0,0,0,0,0,0,0,0,0,0,0,0,0.0,0.0,0.0,0.0,0.0,4.0,91995.0,275985.0,0.0,0.0,0.0,0.0,1.0,0.0,-1652.3333333333333,-2443.0,-71.0,1.0,5.0,3.0,62325.0,111228.3,12.0,0.0,0.0,0.0,-10.083333,-3.0,157757.22,157757.22,2.0,0.0
104131,Cash loans,M,Y,N,0,382500.0,595386.0,25222.5,513972.0,Unaccompanied,Working,Secondary / secondary special,Widow,House / apartment,0.014464,-21689,-3304.0,-11377.0,-4824,1,1,1,1,1,0,1.0,2,2,TUESDAY,3,0,0,0,0,1,1,Government,0.7286076,0.58499,1.0,0.0,1.0,0.0,-2087.0,0,1,0,0,0,0,0,0,0,0,0,0,0,0,0,0,0,0,0,0,0.0,0.0,0.0,0.0,0.0,7.0,856327.5,5137965.0,0.0,0.0,433299.75,2599798.5,3.0,0.0,-1410.5,-2323.0,-283.0,2.0,10.0,3.0,225355.5,254888.55,32.0,0.0,0.0,0.0,-28.4375,-4.0,2033905.815,2033905.815,3.0,0.0
104132,Cash loans,F,N,Y,0,112500.0,237024.0,11403.0,180000.0,Unaccompanied,Working,Secondary / secondary special,Single / not married,House / apartment,0.00733,-17699,-126.0,-1140.0,-1253,1,1,0,1,0,0,1.0,2,2,THURSDAY,18,0,0,0,0,0,0,Other,0.56269795,0.56560796,0.0,0.0,0.0,0.0,-104.0,0,1,0,0,0,0,0,0,0,0,0,0,0,0,0,0,0,0,0,0,0.0,0.0,0.0,0.0,1.0,7.0,11250.0,22500.0,0.0,0.0,0.0,0.0,0.0,0.0,-264.5,-332.0,-197.0,1.0,9.0,6.0,168963.5,228972.5,71.0,0.0,0.0,0.0,-27.042253,-1.0,830182.86,830182.86,5.0,0.0
104135,Cash loans,F,Y,N,0,175500.0,296280.0,18256.5,225000.0,Unaccompanied,Pensioner,Secondary / secondary special,Married,House / apartment,0.00702,-24424,,-9552.0,-5032,1,0,0,1,0,0,2.0,2,2,TUESDAY,14,0,0,0,0,0,0,XNA,0.25541648,0.63303167,4.0,0.0,4.0,0.0,-673.0,0,1,0,0,0,0,0,0,0,0,0,0,0,0,0,0,0,0,0,0,0.0,0.0,0.0,0.0,0.0,2.0,222335.35714285713,1556347.5,0.0,0.0,33128.62714285714,231900.39,2.0,0.0,-1320.2857142857142,-2702.0,-131.0,2.0,6.0,3.0,117162.75,132799.5,28.0,0.0,0.0,0.0,-13.0,-2.0,728472.69,728472.69,3.0,0.0
104136,Cash loans,F,N,Y,0,225000.0,1457734.5,81526.5,1318500.0,Unaccompanied,Working,Secondary / secondary special,Married,House / apartment,0.01885,-19827,-741.0,-8191.0,-3362,1,1,0,1,0,0,2.0,2,2,TUESDAY,11,0,0,0,0,0,0,Business Entity Type 3,0.6152665,0.7062051,4.0,0.0,4.0,0.0,-1153.0,0,1,0,0,0,0,0,0,0,0,0,0,0,0,0,0,0,0,0,0,0.0,0.0,0.0,0.0,0.0,1.0,126247.29923076925,1641214.8900000001,0.0,0.0,0.0,0.0,1.0,0.0,-2271.0,-2814.0,-402.0,2.0,4.0,4.0,28775.25,28465.875,16.0,-397.4315625,-5919.525,0.0,-7.4375,2.0,99076.095,105435.0,4.0,0.0
104149,Cash loans,F,Y,Y,1,247500.0,420588.0,32679.0,360000.0,Unaccompanied,Working,Secondary / secondary special,Married,House / apartment,0.020713,-16051,-2153.0,-8421.0,-4278,1,1,0,1,0,0,3.0,3,3,WEDNESDAY,7,0,0,0,0,0,0,Medicine,0.27200988,0.6006575,3.0,1.0,3.0,0.0,-337.0,0,1,0,0,0,0,0,0,0,0,0,0,0,0,0,0,0,0,0,0,0.0,0.0,0.0,0.0,0.0,2.0,209470.0725,1675760.58,0.0,0.0,10711.125,85689.0,3.0,0.0,-1290.0,-1938.0,-583.0,2.0,9.0,4.0,328679.5,372209.0,33.0,-156.32181818181817,-2572.065,0.0,-18.030304,14.0,321073.875,326232.495,4.0,5.0
104150,Cash loans,F,N,N,0,112500.0,573408.0,29277.0,495000.0,Unaccompanied,Pensioner,Secondary / secondary special,Separated,House / apartment,0.019101,-18263,,-841.0,-1821,1,0,0,1,0,0,1.0,2,2,WEDNESDAY,10,0,0,0,0,0,0,XNA,0.5463588,0.62799084,0.0,0.0,0.0,0.0,-842.0,0,1,0,0,0,0,0,0,0,0,0,0,0,0,0,0,0,0,0,0,0.0,0.0,0.0,0.0,0.0,3.0,187303.05,749212.2,0.0,0.0,92189.25,368757.0,1.0,0.0,-861.5,-1431.0,-133.0,1.0,1.0,1.0,107406.0,116856.0,16.0,-4819.438125,-12047.58,0.0,-7.4375,11.0,128534.625,205645.635,1.0,0.0
104156,Cash loans,F,N,Y,1,157500.0,550980.0,43659.0,450000.0,Family,Commercial associate,Secondary / secondary special,Civil marriage,House / apartment,0.04622,-16771,-94.0,-239.0,-251,1,1,0,1,0,0,3.0,1,1,WEDNESDAY,15,0,0,0,0,1,1,Self-employed,0.59930444,0.10278201,0.0,0.0,0.0,0.0,-235.0,0,1,0,0,0,0,0,0,0,0,0,0,0,0,0,0,0,0,0,0,0.0,0.0,0.0,0.0,0.0,0.0,177300.0,354600.0,0.0,0.0,129663.0,259326.0,1.0,0.0,-421.5,-612.0,-231.0,2.0,2.0,2.0,89325.0,96381.0,23.0,0.0,0.0,0.0,-9.478261,0.0,125403.3,125403.3,1.0,0.0
104165,Cash loans,F,N,Y,0,112500.0,1024740.0,52452.0,900000.0,Unaccompanied,Working,Secondary / secondary special,Married,House / apartment,0.018029,-17103,-4112.0,-8490.0,-652,1,1,0,1,0,0,2.0,3,3,THURSDAY,6,0,0,0,0,0,0,Self-employed,0.12271112,0.6380435,18.0,0.0,18.0,0.0,0.0,0,1,0,0,0,0,0,0,0,0,0,0,0,0,0,0,0,0,0,0,0.0,0.0,0.0,0.0,0.0,2.0,179370.0,538110.0,0.0,0.0,67945.5,203836.5,1.0,0.0,-1361.3333333333333,-2094.0,-995.0,2.0,3.0,2.0,24262.5,23410.5,16.0,-147.2540625,-2176.38,0.0,-10.125,7.0,75781.35,78137.41500000001,2.0,0.0
104175,Cash loans,F,N,Y,1,103500.0,119893.5,14355.0,103500.0,Unaccompanied,Working,Higher education,Civil marriage,House / apartment,0.018029,-15067,-187.0,-4542.0,-4260,1,1,0,1,0,0,3.0,3,3,SATURDAY,10,0,0,0,0,0,0,Industry: type 4,0.64116836,0.5620605,0.0,0.0,0.0,0.0,-364.0,0,1,0,0,0,0,0,0,0,0,0,0,0,0,0,0,0,0,0,0,0.0,0.0,0.0,0.0,1.0,0.0,170485.5,511456.5,0.0,0.0,143014.5,286029.0,1.0,0.0,-1713.3333333333333,-2141.0,-1222.0,2.0,1.0,1.0,97035.525,105576.525,9.0,0.0,0.0,0.0,-21.555555,-18.0,119625.255,119625.255,1.0,0.0
104179,Cash loans,F,N,N,0,202500.0,945000.0,54882.0,945000.0,Unaccompanied,Working,Secondary / secondary special,Single / not married,House / apartment,0.018029,-18727,-4315.0,-9943.0,-2260,1,1,1,1,0,0,1.0,3,3,FRIDAY,8,0,0,0,0,0,0,Self-employed,0.4459387,,0.0,0.0,0.0,0.0,-534.0,0,1,0,0,0,0,0,0,0,0,0,0,0,0,0,0,0,0,0,0,,,,,,,,,,,,,,,,,,,3.0,1.0,61401.0,61401.0,6.0,0.0,0.0,0.0,-10.333333,-3.0,223364.565,223364.565,1.0,0.0
104184,Cash loans,F,N,Y,0,225000.0,478800.0,16479.0,360000.0,Unaccompanied,Working,Higher education,Separated,House / apartment,0.022625,-21770,-14880.0,-9450.0,-3759,1,1,0,1,0,0,1.0,2,2,FRIDAY,17,0,0,0,0,0,0,Transport: type 4,0.26258004,0.23791608,3.0,1.0,3.0,0.0,0.0,0,1,0,0,0,0,0,0,0,0,0,0,0,0,0,0,0,0,0,0,0.0,0.0,0.0,0.0,0.0,0.0,132018.4246153846,1716239.52,0.0,0.0,75747.19875,908966.385,8.0,0.0,-582.3846153846154,-1465.0,-106.0,2.0,13.0,11.0,128533.84615384616,138935.42307692306,260.0,-217.3198846153846,-27453.149999999998,0.0,-10.119231,14.0,2482427.1149999998,2538930.285,11.0,0.0
104206,Cash loans,F,N,Y,0,135000.0,500490.0,48888.0,450000.0,Unaccompanied,Pensioner,Secondary / secondary special,Single / not married,House / apartment,0.01885,-20188,,-10912.0,-3660,1,0,0,1,0,1,1.0,2,2,THURSDAY,17,0,0,0,0,0,0,XNA,0.4778427,0.79813725,3.0,0.0,3.0,0.0,-3024.0,0,1,0,0,0,0,0,0,0,0,0,0,0,0,0,0,0,0,0,0,0.0,0.0,0.0,0.0,1.0,5.0,90000.0,90000.0,0.0,0.0,,0.0,0.0,0.0,-2520.0,-2520.0,-2520.0,1.0,4.0,3.0,49500.0,139221.0,50.0,-2805.9822,-9494.865,0.0,-0.86,25.0,401863.545,542162.655,4.0,13.0
104216,Cash loans,F,N,N,0,72000.0,296280.0,15255.0,225000.0,Unaccompanied,Working,Higher education,Widow,House / apartment,0.008068,-20991,-1547.0,-8744.0,-3640,1,1,1,1,0,0,1.0,3,3,SUNDAY,4,0,0,0,0,1,1,Business Entity Type 3,0.20395918,0.070108846,2.0,0.0,2.0,0.0,-500.0,0,0,0,0,1,0,0,0,0,0,0,0,0,0,0,0,0,0,0,0,0.0,0.0,0.0,0.0,0.0,3.0,60390.0,241560.0,0.0,0.0,27522.0,110088.0,3.0,0.0,-222.5,-628.0,-68.0,2.0,17.0,1.0,72423.5294117647,84629.11764705883,13.0,0.0,0.0,0.0,-11.538462,-3.0,165959.055,165959.055,1.0,0.0
104230,Cash loans,M,N,Y,0,157500.0,440784.0,28300.5,360000.0,Unaccompanied,Working,Secondary / secondary special,Civil marriage,With parents,0.020713,-11558,-1698.0,-279.0,-4108,1,1,0,1,0,0,2.0,3,2,TUESDAY,14,0,0,0,0,0,0,Business Entity Type 3,0.5853067,0.6642483,0.0,0.0,0.0,0.0,-660.0,0,1,0,0,0,0,0,0,0,0,0,0,0,0,0,0,0,0,0,0,0.0,0.0,0.0,0.0,0.0,1.0,76064.535,76064.535,0.0,0.0,0.0,0.0,0.0,0.0,-1152.0,-1152.0,-1152.0,1.0,2.0,1.0,90434.25,100656.0,21.0,0.0,0.0,0.0,-7.3333335,0.0,191465.505,191465.505,1.0,0.0
104257,Cash loans,F,Y,N,0,292500.0,1885536.0,103455.0,1800000.0,Unaccompanied,State servant,Higher education,Married,With parents,0.00496,-12559,-4283.0,-5262.0,-3995,1,1,0,1,1,0,2.0,2,2,TUESDAY,15,0,0,0,0,0,0,School,0.5708592,0.4740513,5.0,2.0,5.0,0.0,-662.0,0,0,0,0,0,0,1,0,0,0,0,0,0,0,0,0,0,0,0,0,0.0,0.0,0.0,0.0,0.0,3.0,238500.0,477000.0,0.0,0.0,29515.5,59031.0,2.0,0.0,-887.0,-1104.0,-670.0,1.0,3.0,2.0,82128.0,71392.5,8.0,0.0,0.0,0.0,-31.5,-10.0,169405.29,169405.29,2.0,0.0
104272,Cash loans,F,N,Y,1,315000.0,479700.0,50503.5,450000.0,Unaccompanied,Commercial associate,Higher education,Separated,Municipal apartment,0.072508,-13801,-1334.0,-7904.0,-4877,1,1,0,1,1,1,2.0,1,1,WEDNESDAY,10,0,0,0,0,0,0,Other,0.64432675,0.43296167,1.0,0.0,1.0,0.0,-284.0,0,1,0,0,0,0,0,0,0,0,0,0,0,0,0,0,0,0,0,0,0.0,0.0,0.0,0.0,1.0,0.0,430412.625,2582475.75,0.0,0.0,351054.75,2106328.5,4.0,0.0,-508.8333333333333,-762.0,-309.0,2.0,3.0,1.0,89068.5,84567.0,9.0,0.0,0.0,0.0,-7.888889,-5.0,75285.94499999999,75285.94499999999,1.0,0.0
104273,Cash loans,M,Y,N,0,225000.0,728460.0,62523.0,675000.0,Unaccompanied,Working,Secondary / secondary special,Married,House / apartment,0.007114,-18302,-870.0,-9542.0,-1819,1,1,1,1,1,0,2.0,2,2,TUESDAY,8,0,0,0,0,0,0,Business Entity Type 3,0.31289166,0.5937176,0.0,0.0,0.0,0.0,-1528.0,0,0,0,0,0,0,1,0,0,0,0,0,0,0,0,0,0,0,0,0,0.0,0.0,0.0,0.0,2.0,2.0,346668.75,1386675.0,0.0,0.0,64166.625,256666.5,1.0,0.0,-1524.0,-2700.0,-1046.0,1.0,7.0,4.0,216240.42857142858,218401.7142857143,34.0,17968.756764705882,-36730.53,730854.45,-12.735294,10.0,2376386.73,1765449.0,4.0,0.0
104278,Cash loans,F,N,Y,0,58500.0,192024.0,8068.5,135000.0,Unaccompanied,Pensioner,Higher education,Widow,House / apartment,0.010276,-23484,,-2636.0,-4834,1,0,0,1,1,0,1.0,2,2,SATURDAY,11,0,0,0,0,0,0,XNA,0.6481063,,4.0,0.0,4.0,0.0,-1525.0,0,1,0,0,0,0,0,0,0,0,0,0,0,0,0,0,0,0,0,0,,,,,,,,,,,,,,,,,,,1.0,1.0,96637.5,104611.5,9.0,0.0,0.0,0.0,-26.333334,-8.0,134667.495,134667.495,1.0,0.0
104294,Cash loans,F,Y,N,1,112500.0,225000.0,17905.5,225000.0,"Spouse, partner",Working,Secondary / secondary special,Civil marriage,House / apartment,0.031329,-12307,-2307.0,-10684.0,-2074,1,1,1,1,0,0,3.0,2,2,THURSDAY,15,0,0,0,0,0,0,Self-employed,0.15041113,0.6075573,8.0,3.0,8.0,1.0,-272.0,0,1,0,0,0,0,0,0,0,0,0,0,0,0,0,0,0,0,0,0,0.0,0.0,0.0,0.0,2.0,6.0,23077.125,92308.5,0.0,0.0,0.0,0.0,1.0,0.0,-1575.75,-1847.0,-1011.0,2.0,20.0,7.0,150533.775,166921.65,36.0,3750.0,0.0,103163.535,-8.027778,17.0,845191.08,710191.08,6.0,0.0
104295,Cash loans,F,Y,Y,1,112500.0,156384.0,16551.0,135000.0,Unaccompanied,Working,Higher education,Civil marriage,House / apartment,0.0105,-9927,-727.0,-2677.0,-836,1,1,0,1,0,0,3.0,3,3,FRIDAY,16,0,0,0,0,0,0,Construction,0.47687703,,2.0,0.0,2.0,0.0,-517.0,0,1,0,0,0,0,0,0,0,0,0,0,0,0,0,0,0,0,0,0,0.0,0.0,0.0,0.0,1.0,3.0,90000.0,90000.0,0.0,0.0,89640.0,89640.0,1.0,0.0,-522.0,-522.0,-522.0,1.0,3.0,3.0,72879.0,72651.0,33.0,0.0,0.0,0.0,-14.666667,7.0,212962.86,212962.86,3.0,0.0
104297,Cash loans,F,Y,N,1,157500.0,675000.0,28728.0,675000.0,Unaccompanied,Working,Higher education,Married,House / apartment,0.015221,-12087,-980.0,-4406.0,-264,1,1,0,1,0,0,3.0,2,2,MONDAY,16,0,0,0,1,1,0,Business Entity Type 1,0.61125743,,2.0,0.0,2.0,0.0,-912.0,0,1,0,0,0,0,0,0,0,0,0,0,0,0,0,0,0,0,0,0,,,,,,,,,,,,,,,,,,,1.0,1.0,135000.0,173839.5,20.0,-1594.458,-15762.06,0.0,-3.5,2.0,286648.065,318537.225,1.0,0.0
104298,Cash loans,F,N,Y,1,103500.0,307152.0,18918.0,243000.0,Unaccompanied,Working,Incomplete higher,Married,House / apartment,0.0105,-9997,-830.0,-2906.0,-1524,1,1,0,1,0,0,3.0,3,3,TUESDAY,17,0,0,0,1,1,0,Bank,0.52698755,0.6144144,7.0,0.0,7.0,0.0,-694.0,0,1,0,0,0,0,0,0,0,0,0,0,0,0,0,0,0,0,0,0,0.0,0.0,0.0,0.0,1.0,1.0,951750.0,5710500.0,0.0,0.0,910797.0,5464782.0,1.0,0.0,-1199.1666666666667,-2209.0,-37.0,3.0,5.0,2.0,198000.0,236465.1,17.0,0.0,0.0,0.0,-5.7058825,0.0,1462245.165,1462245.165,2.0,0.0
104308,Cash loans,F,Y,N,0,135000.0,225000.0,17775.0,225000.0,Unaccompanied,Working,Secondary / secondary special,Married,House / apartment,0.010643,-14127,-2899.0,-4469.0,-5431,1,1,1,1,1,0,2.0,2,2,SUNDAY,18,0,0,0,0,1,1,Self-employed,0.2294821,0.5567274,1.0,0.0,1.0,0.0,-1072.0,0,1,0,0,0,0,0,0,0,0,0,0,0,0,0,0,0,0,0,0,0.0,0.0,0.0,0.0,0.0,2.0,225358.26,2028224.34,0.0,0.0,107820.82500000001,970387.425,4.0,0.0,-1661.111111111111,-2814.0,-299.0,2.0,10.0,3.0,182206.35,200181.15,25.0,0.0,0.0,0.0,-14.2,0.0,493901.775,493901.775,3.0,0.0
104318,Cash loans,F,N,Y,0,81000.0,360000.0,18508.5,360000.0,Family,Working,Secondary / secondary special,Single / not married,House / apartment,0.026392,-13185,-1158.0,-7176.0,-2571,1,1,0,1,0,0,1.0,2,2,WEDNESDAY,9,0,0,0,0,0,0,Business Entity Type 2,0.6372095,0.58674,3.0,0.0,3.0,0.0,-704.0,0,1,0,0,0,0,0,0,0,0,0,0,0,0,0,0,0,0,0,0,0.0,0.0,0.0,0.0,0.0,0.0,78993.0,78993.0,0.0,0.0,0.0,0.0,0.0,0.0,-359.0,-359.0,-359.0,1.0,1.0,1.0,48690.0,51259.5,1.0,0.0,0.0,0.0,-10.0,-10.0,52824.15,52824.15,1.0,0.0
104319,Cash loans,F,N,N,0,247500.0,900000.0,36135.0,900000.0,Unaccompanied,Pensioner,Secondary / secondary special,Married,House / apartment,0.035792,-22112,,-1118.0,-2267,1,0,0,1,1,0,2.0,2,2,TUESDAY,13,0,0,0,0,0,0,XNA,0.5889008,0.33445412,1.0,1.0,1.0,1.0,-771.0,0,1,0,0,0,0,0,0,0,0,0,0,0,0,0,0,0,0,0,0,0.0,0.0,0.0,0.0,0.0,0.0,274443.75,1097775.0,0.0,0.0,182788.875,731155.5,2.0,0.0,-1245.25,-1924.0,-435.0,2.0,1.0,1.0,337500.0,368685.0,8.0,-3641.225625,-27299.025,0.0,-6.5,3.0,511078.68,540208.485,1.0,0.0
104320,Cash loans,M,Y,Y,0,135000.0,711454.5,56340.0,643500.0,Unaccompanied,Working,Secondary / secondary special,Married,House / apartment,0.003813,-17275,-537.0,-110.0,-825,1,1,0,1,0,0,2.0,2,2,MONDAY,8,0,0,0,0,1,1,Self-employed,0.6985864,0.367291,1.0,0.0,1.0,0.0,-403.0,0,1,0,0,0,0,0,0,0,0,0,0,0,0,0,0,0,0,0,0,0.0,0.0,0.0,0.0,0.0,1.0,72970.58911764706,1240500.0150000001,0.0,0.0,0.0,0.0,1.0,0.0,-862.8823529411765,-1494.0,-284.0,2.0,4.0,3.0,46755.0,46755.0,16.0,0.0,0.0,0.0,-11.0625,0.0,167715.225,167715.225,3.0,0.0
104327,Cash loans,M,Y,N,0,135000.0,319500.0,16335.0,319500.0,Unaccompanied,Working,Secondary / secondary special,Married,House / apartment,0.014464,-13317,-900.0,-7101.0,-4834,1,1,1,1,0,0,2.0,2,2,FRIDAY,10,0,0,0,1,1,1,Business Entity Type 3,0.5875607,,2.0,1.0,2.0,1.0,-481.0,0,1,0,0,0,0,0,0,0,0,0,0,0,0,0,0,0,0,0,0,0.0,0.0,0.0,0.0,0.0,4.0,2250000.0,2250000.0,0.0,0.0,,0.0,1.0,0.0,-736.0,-736.0,-736.0,1.0,4.0,1.0,50623.875,49470.75,4.0,0.0,0.0,0.0,-14.5,-9.0,212395.40999999997,212395.40999999997,1.0,0.0
104334,Cash loans,F,N,N,1,157500.0,118512.0,8622.0,90000.0,Unaccompanied,Working,Secondary / secondary special,Married,House / apartment,0.019101,-8712,-1336.0,-1379.0,-1395,1,1,1,1,0,0,3.0,2,2,FRIDAY,11,0,0,0,0,0,0,Self-employed,0.6916676,,0.0,0.0,0.0,0.0,-455.0,0,1,0,0,0,0,0,0,0,0,0,0,0,0,0,0,0,0,0,0,,,,,,,,,,,,,,,,,,,1.0,1.0,41521.5,41521.5,8.0,0.0,0.0,0.0,-50.25,-1.0,46829.745,46829.745,1.0,0.0
104344,Cash loans,M,N,Y,0,103500.0,573408.0,29407.5,495000.0,"Spouse, partner",Working,Secondary / secondary special,Married,House / apartment,0.006671,-19296,-2798.0,-9375.0,-2796,1,1,0,1,0,0,2.0,2,2,SATURDAY,12,0,0,0,0,1,1,Other,0.43214703,0.75839305,2.0,0.0,2.0,0.0,0.0,0,1,0,0,0,0,0,0,0,0,0,0,0,0,0,0,0,0,0,0,0.0,0.0,0.0,0.0,0.0,0.0,1368000.0,1368000.0,0.0,0.0,,0.0,1.0,0.0,-306.0,-306.0,-306.0,1.0,2.0,2.0,208784.25,205566.75,27.0,0.0,0.0,0.0,-10.592592,-6.0,510439.14,510439.14,2.0,0.0
104350,Cash loans,F,N,Y,0,112500.0,296280.0,19062.0,225000.0,Unaccompanied,Working,Higher education,Married,House / apartment,0.025164,-17471,-550.0,-4710.0,-1021,1,1,0,1,1,0,2.0,2,2,THURSDAY,11,0,0,0,0,0,0,Other,0.5843563,0.832785,0.0,0.0,0.0,0.0,0.0,0,1,0,0,0,0,0,0,0,0,0,0,0,0,0,0,0,0,0,0,0.0,0.0,0.0,0.0,1.0,1.0,58032.0,58032.0,0.0,0.0,0.0,0.0,0.0,0.0,-1994.0,-1994.0,-1994.0,1.0,3.0,3.0,203553.0,228753.0,46.0,2586.8015217391303,-23934.735,141927.21,-8.978261,9.0,1099161.81,980168.94,3.0,0.0
104351,Cash loans,F,N,Y,1,112500.0,225000.0,23755.5,225000.0,Family,State servant,Incomplete higher,Single / not married,House / apartment,0.006296,-11025,-789.0,-2974.0,-2708,1,1,0,1,0,0,2.0,3,3,MONDAY,11,0,0,0,0,0,0,Business Entity Type 2,0.22630006,,2.0,0.0,2.0,0.0,0.0,0,1,0,0,0,0,0,0,0,0,0,0,0,0,0,0,0,0,0,0,0.0,0.0,0.0,0.0,2.0,2.0,27536.94,27536.94,0.0,0.0,0.0,0.0,0.0,0.0,-2009.0,-2009.0,-2009.0,1.0,1.0,1.0,31455.0,31914.0,5.0,0.0,0.0,0.0,-8.6,-2.0,39330.045,39330.045,1.0,0.0
104354,Cash loans,M,Y,Y,0,202500.0,149256.0,17712.0,135000.0,Unaccompanied,Working,Higher education,Single / not married,House / apartment,0.030755,-10124,-2106.0,-4357.0,-2603,1,1,0,1,0,0,1.0,2,2,MONDAY,13,0,0,0,0,1,1,Construction,0.42057917,0.6986675,3.0,1.0,3.0,1.0,-2289.0,0,1,0,0,0,0,0,0,0,0,0,0,0,0,0,0,0,0,0,0,0.0,0.0,0.0,0.0,1.0,3.0,116309.754,1163097.54,0.0,0.0,5784.75,46278.0,5.0,0.0,-307.3,-1099.0,-20.0,3.0,6.0,4.0,102050.55,101488.8,17.0,3309.29205882353,0.0,34827.615000000005,-7.529412,9.0,273792.42000000004,217534.45500000002,3.0,0.0
104369,Cash loans,M,N,N,0,108000.0,74628.0,8568.0,67500.0,Unaccompanied,Commercial associate,Secondary / secondary special,Separated,With parents,0.005084,-16812,-2583.0,-8814.0,-362,1,1,0,1,1,0,1.0,2,2,WEDNESDAY,10,0,0,0,0,0,0,Business Entity Type 3,0.6030637,0.19294223,0.0,0.0,0.0,0.0,-1550.0,0,1,0,0,0,0,0,0,0,0,0,0,0,0,0,0,0,0,0,0,0.0,0.0,0.0,0.0,1.0,6.0,106607.04545454546,1172677.5,0.0,0.0,61055.55,610555.5,4.0,0.0,-430.45454545454544,-1514.0,-60.0,2.0,18.0,7.0,68529.75,107628.5,109.0,0.0,0.0,0.0,-9.385321,0.0,1127668.32,1127668.32,6.0,0.0
104376,Cash loans,M,N,Y,1,180000.0,1296000.0,53613.0,1296000.0,Unaccompanied,Working,Secondary / secondary special,Civil marriage,House / apartment,0.026392,-12412,-632.0,-9127.0,-1973,1,1,0,1,1,0,3.0,2,2,TUESDAY,16,0,0,0,0,0,0,Business Entity Type 3,0.5348296,,0.0,0.0,0.0,0.0,0.0,0,0,0,0,0,0,0,0,0,0,0,0,0,0,0,0,0,0,0,0,,,,,,,,,,,,,,,,,,,,,,,,,,,,,,,,
104381,Cash loans,M,Y,N,2,337500.0,1800000.0,55872.0,1800000.0,Unaccompanied,Commercial associate,Higher education,Married,House / apartment,0.035792,-19290,-5619.0,-3256.0,-2807,1,1,1,1,0,0,4.0,2,2,WEDNESDAY,16,0,0,0,0,0,0,Business Entity Type 3,0.59471154,0.42236966,0.0,0.0,0.0,0.0,-684.0,0,1,0,0,0,0,0,0,0,0,0,0,0,0,0,0,0,0,0,0,0.0,0.0,0.0,0.0,1.0,0.0,1273426.5,3820279.5,0.0,0.0,243870.33,731610.99,2.0,0.0,-976.6666666666666,-1088.0,-877.0,2.0,1.0,1.0,86778.0,86778.0,6.0,0.0,0.0,0.0,-22.5,-11.0,89956.62,89956.62,1.0,0.0
104384,Cash loans,M,N,Y,1,90000.0,601470.0,30838.5,450000.0,Children,Working,Secondary / secondary special,Married,House / apartment,0.031329,-16055,-2128.0,-8868.0,-1883,1,1,0,1,0,0,3.0,2,2,TUESDAY,11,0,0,0,0,0,0,Industry: type 7,0.6298072,0.6577838,1.0,0.0,1.0,0.0,-1977.0,0,1,0,0,0,0,0,0,0,0,0,0,0,0,0,0,0,0,0,0,0.0,0.0,0.0,0.0,0.0,1.0,135000.0,270000.0,0.0,0.0,42699.06,42699.06,2.0,0.0,-539.5,-599.0,-480.0,2.0,2.0,2.0,57206.25,56283.75,14.0,0.0,0.0,0.0,-17.142857,-2.0,63360.315,63360.315,2.0,0.0
104391,Cash loans,F,N,Y,0,81000.0,252531.0,25105.5,234000.0,Unaccompanied,Pensioner,Secondary / secondary special,Married,House / apartment,0.010032,-21738,,-7407.0,-4481,1,0,0,1,0,0,2.0,2,2,WEDNESDAY,6,0,0,0,0,0,0,XNA,0.26869702,0.7517237,4.0,1.0,4.0,1.0,0.0,0,0,0,0,1,0,0,0,0,0,0,0,0,0,0,0,0,0,0,0,0.0,0.0,0.0,0.0,1.0,0.0,193050.0,386100.0,0.0,0.0,0.0,0.0,1.0,0.0,-1586.0,-2122.0,-1050.0,2.0,4.0,4.0,227697.75,234929.25,76.0,-4775.268552631579,-25754.175,25198.65,2.5657895,581.0,1160681.04,1523601.45,5.0,93.0
104394,Cash loans,M,Y,Y,1,180000.0,817560.0,30951.0,675000.0,Unaccompanied,Working,Secondary / secondary special,Married,House / apartment,0.030755,-15964,-3456.0,-8596.0,-5287,1,1,0,1,1,0,3.0,2,2,FRIDAY,12,0,0,0,1,1,1,Business Entity Type 3,0.73844206,0.70769936,4.0,0.0,4.0,0.0,-1677.0,0,1,0,0,0,0,0,0,0,0,0,0,0,0,0,0,0,0,0,0,0.0,0.0,0.0,0.0,0.0,2.0,868470.0,2605410.0,0.0,0.0,804310.5,2412931.5,1.0,0.0,-1301.3333333333333,-1837.0,-231.0,1.0,3.0,2.0,364950.0,228730.5,22.0,0.0,0.0,0.0,-9.0,0.0,875612.295,875612.295,2.0,0.0
104398,Cash loans,M,N,Y,1,135000.0,338832.0,26901.0,292500.0,Unaccompanied,Working,Secondary / secondary special,Married,House / apartment,0.020246,-11466,-2127.0,-1441.0,-3681,1,1,0,1,0,0,3.0,3,3,MONDAY,9,0,0,0,0,0,0,Agriculture,0.26882595,,1.0,1.0,1.0,0.0,0.0,0,0,0,0,0,0,1,0,0,0,0,0,0,0,0,0,0,0,0,0,,,,,,,,,,,,,,,,,,,15.0,8.0,90839.4,97883.7,84.0,0.0,0.0,0.0,-20.261906,1.0,1317587.355,1317587.355,8.0,0.0
104402,Cash loans,M,Y,Y,0,315000.0,481176.0,23278.5,360000.0,Unaccompanied,Working,Higher education,Civil marriage,House / apartment,0.022625,-12142,-4723.0,-6273.0,-4279,1,1,0,1,0,0,2.0,2,2,SATURDAY,14,0,0,0,0,0,0,Business Entity Type 2,0.74366206,0.5902333,0.0,0.0,0.0,0.0,0.0,0,1,0,0,0,0,0,0,0,0,0,0,0,0,0,0,0,0,0,0,0.0,0.0,0.0,0.0,0.0,2.0,422902.315,3806120.835,0.0,0.0,208582.3125,1668658.5,3.0,0.0,-1862.888888888889,-2801.0,-337.0,3.0,5.0,5.0,89667.0,93366.0,63.0,92.08714285714287,-3382.83,9076.59,-25.0,5.0,416041.29000000004,410239.8,5.0,2.0
104408,Cash loans,F,N,N,0,117000.0,126000.0,5427.0,126000.0,Unaccompanied,Pensioner,Lower secondary,Widow,House / apartment,0.01452,-23414,,-4412.0,-5041,1,0,0,1,0,0,1.0,2,2,THURSDAY,12,0,0,0,0,0,0,XNA,0.61572707,0.2636468,0.0,0.0,0.0,0.0,-743.0,0,1,0,0,0,0,0,0,0,0,0,0,0,0,0,0,0,0,0,0,0.0,0.0,0.0,0.0,0.0,3.0,150258.2142857143,1051807.5,0.0,0.0,41392.5,248355.0,2.0,0.0,-1330.857142857143,-2592.0,-198.0,2.0,8.0,4.0,99202.5,114429.375,49.0,0.0,0.0,0.0,-17.938776,-1.0,756502.29,756502.29,4.0,0.0
104409,Cash loans,F,N,Y,0,180000.0,646749.0,24511.5,481500.0,Unaccompanied,Pensioner,Secondary / secondary special,Married,House / apartment,0.006207,-22006,,-9350.0,-4461,1,0,0,1,0,1,2.0,2,2,MONDAY,12,0,0,0,0,0,0,XNA,0.5083108,0.75037515,0.0,0.0,0.0,0.0,-1378.0,0,1,0,0,0,0,0,0,0,0,0,0,0,0,0,0,0,0,0,0,0.0,0.0,0.0,0.0,0.0,0.0,101293.5,303880.5,0.0,0.0,0.0,0.0,0.0,0.0,-1680.6666666666667,-2139.0,-1154.0,1.0,10.0,7.0,86877.9,95200.2,75.0,9180.0822,0.0,18567.675,-10.733334,-3.0,1558788.165,870282.0,6.0,0.0
104410,Cash loans,F,N,N,1,157500.0,435276.0,34519.5,355500.0,Unaccompanied,Working,Secondary / secondary special,Married,House / apartment,0.002042,-15740,-1596.0,-4186.0,-4194,1,1,0,1,0,0,3.0,3,3,TUESDAY,10,0,0,0,0,1,1,Self-employed,0.1573545,,0.0,0.0,0.0,0.0,-476.0,0,1,0,0,0,0,0,0,0,0,0,0,0,0,0,0,0,0,0,0,,,,,,,,,,,,,,,,,,,2.0,2.0,70337.25,75388.5,42.0,-63.70392857142856,-2425.185,0.0,-0.23809524,29.0,135511.965,138187.53,1.0,8.0
104412,Cash loans,F,N,N,0,85500.0,568800.0,20560.5,450000.0,Unaccompanied,Pensioner,Secondary / secondary special,Married,Municipal apartment,0.020246,-21322,,-13622.0,-4721,1,0,0,1,0,0,2.0,3,3,TUESDAY,12,0,0,0,0,0,0,XNA,0.10785315,0.70769936,5.0,2.0,5.0,0.0,0.0,0,0,0,0,1,0,0,0,0,0,0,0,0,0,0,0,0,0,0,0,0.0,0.0,0.0,0.0,0.0,1.0,148050.0,740250.0,0.0,0.0,23796.9,118984.5,2.0,0.0,-1206.6,-2546.0,-71.0,1.0,2.0,2.0,25852.5,26298.0,12.0,0.0,0.0,0.0,-18.666666,0.0,60215.085,60215.085,2.0,0.0
104417,Cash loans,M,N,N,0,112500.0,156384.0,18688.5,135000.0,Unaccompanied,Working,Higher education,Married,Office apartment,0.015221,-11165,-2805.0,-512.0,-3767,1,1,0,1,1,0,2.0,2,2,THURSDAY,14,0,0,0,0,0,0,Business Entity Type 3,0.23919976,0.47045612,0.0,0.0,0.0,0.0,-3.0,0,0,0,0,0,0,1,0,0,0,0,0,0,0,0,0,0,0,0,0,0.0,0.0,0.0,0.0,0.0,0.0,36258.75,72517.5,0.0,0.0,18914.625,18914.625,1.0,0.0,-1060.5,-1799.0,-322.0,2.0,2.0,2.0,71614.125,57514.5,6.0,0.0,0.0,0.0,-10.333333,-8.0,122724.90000000001,122724.90000000001,2.0,0.0
104424,Cash loans,M,N,N,1,225000.0,224149.5,23665.5,193500.0,Unaccompanied,Commercial associate,Higher education,Married,House / apartment,0.002134,-17209,-252.0,-20.0,-703,1,1,0,1,0,0,3.0,3,3,MONDAY,7,0,0,0,0,0,0,Other,0.61152244,0.38762534,0.0,0.0,0.0,0.0,-691.0,0,0,0,0,1,0,0,0,0,0,0,0,0,0,0,0,0,0,0,0,0.0,0.0,0.0,0.0,1.0,4.0,848560.4164285715,5939922.915,0.0,0.0,140700.2142857143,984901.5,3.0,0.0,-1579.4285714285713,-2776.0,-356.0,2.0,10.0,8.0,255231.0,266988.6,116.0,-155.79969827586206,-42948.09,100839.645,-6.387931,4.0,3486749.175,3504821.94,7.0,0.0
104426,Cash loans,F,N,Y,0,112500.0,156384.0,16155.0,135000.0,Unaccompanied,Pensioner,Secondary / secondary special,Separated,House / apartment,0.032561,-19833,,-3979.0,-3348,1,0,0,1,0,0,1.0,1,1,THURSDAY,13,0,0,0,0,0,0,XNA,0.6144224,,1.0,0.0,1.0,0.0,-1091.0,0,1,0,0,0,0,0,0,0,0,0,0,0,0,0,0,0,0,0,0,,,,,,,,,,,,,,,,,,,9.0,4.0,148144.0,150492.0,30.0,0.0,0.0,0.0,-46.9,-14.0,549718.155,549718.155,3.0,0.0
104435,Cash loans,F,N,Y,0,63000.0,526491.0,23319.0,454500.0,Unaccompanied,Pensioner,Secondary / secondary special,Married,Municipal apartment,0.005144,-21068,,-12139.0,-4107,1,0,0,1,1,0,2.0,2,2,SATURDAY,10,0,0,0,0,0,0,XNA,0.5012155,0.38079968,0.0,0.0,0.0,0.0,-374.0,0,1,0,0,0,0,0,0,0,0,0,0,0,0,0,0,0,0,0,0,0.0,0.0,0.0,0.0,0.0,2.0,81440.15625,651521.25,0.0,0.0,39983.625,319869.0,4.0,0.0,-937.625,-2691.0,-24.0,2.0,3.0,3.0,87330.3,88900.5,5.0,0.0,0.0,0.0,-33.0,-10.0,71532.9,71532.9,1.0,0.0
104445,Cash loans,M,N,Y,0,112500.0,202500.0,10467.0,202500.0,Unaccompanied,Pensioner,Secondary / secondary special,Married,House / apartment,0.028663,-18830,,-3325.0,-2375,1,0,0,1,0,0,2.0,2,2,FRIDAY,8,0,0,0,1,0,0,XNA,0.75618047,0.74079907,2.0,1.0,2.0,1.0,0.0,0,1,0,0,0,0,0,0,0,0,0,0,0,0,0,0,0,0,0,0,0.0,0.0,0.0,0.0,0.0,2.0,1581517.125,6326068.5,0.0,0.0,497666.39625,1990665.585,2.0,0.0,-1330.75,-1830.0,-1038.0,1.0,5.0,4.0,279252.0,295781.4,60.0,-1365.0952499999999,-32926.68,0.0,-15.716666,5.0,1507222.125,1589127.84,5.0,0.0
104458,Cash loans,F,N,Y,0,450000.0,810000.0,35680.5,810000.0,Family,State servant,Higher education,Married,House / apartment,0.028663,-23189,-10984.0,-10980.0,-4815,1,1,0,1,0,0,2.0,2,2,THURSDAY,14,0,0,0,0,0,0,Medicine,0.68743587,0.5531647,1.0,0.0,1.0,0.0,-1211.0,0,1,0,0,0,0,0,0,0,0,0,0,0,0,0,0,0,0,0,0,0.0,0.0,0.0,0.0,1.0,2.0,1679906.5714285714,11759346.0,0.0,0.0,440463.75,2642782.5,3.0,0.0,-1150.142857142857,-2123.0,-441.0,2.0,3.0,2.0,387000.0,387000.0,15.0,-1963.1699999999996,-29439.899999999998,0.0,-9.866667,6.0,1126142.775,1155590.325,1.0,0.0
104460,Cash loans,F,N,Y,0,180000.0,761872.5,53154.0,675000.0,Unaccompanied,Working,Secondary / secondary special,Married,House / apartment,0.035792,-17544,-2036.0,-4400.0,-1075,1,1,0,1,0,0,2.0,2,2,SATURDAY,12,0,0,0,0,0,0,Housing,0.6312998,0.51729655,0.0,0.0,0.0,0.0,-1998.0,0,1,0,0,0,0,0,0,0,0,0,0,0,0,0,0,0,0,0,0,0.0,0.0,0.0,0.0,0.0,0.0,148647.69499999998,1337829.255,0.0,0.0,0.0,0.0,2.0,0.0,-1132.5555555555557,-2723.0,-273.0,2.0,1.0,1.0,120915.0,56587.5,12.0,-892.9200000000002,-10712.025000000001,0.0,-9.083333,27.0,90454.77,101169.81,2.0,0.0
104466,Cash loans,F,N,N,1,157500.0,415408.5,41215.5,373500.0,Unaccompanied,Working,Secondary / secondary special,Married,House / apartment,0.007114,-12560,-1616.0,-6658.0,-2499,1,1,0,1,0,1,3.0,2,2,FRIDAY,17,0,0,0,0,0,0,Business Entity Type 3,0.7379772,0.4758499,0.0,0.0,0.0,0.0,-2691.0,0,1,0,0,0,0,0,0,0,0,0,0,0,0,0,0,0,0,0,0,0.0,0.0,0.0,0.0,1.0,2.0,123600.852,618004.26,0.0,0.0,74428.5,223285.5,2.0,0.0,-1333.8,-1649.0,-1059.0,2.0,2.0,2.0,517500.0,553155.75,142.0,-1560.2869014084506,-45387.9,0.0,-3.084507,19.0,1987978.1400000001,2209538.88,2.0,0.0
104472,Cash loans,M,N,Y,0,225000.0,454500.0,45081.0,454500.0,Unaccompanied,Working,Secondary / secondary special,Married,House / apartment,0.026392,-12522,-3199.0,-396.0,-4072,1,1,0,1,0,0,2.0,2,2,TUESDAY,10,0,0,0,0,0,0,Business Entity Type 3,0.23848417,0.70018387,0.0,0.0,0.0,0.0,0.0,0,1,0,0,0,0,0,0,0,0,0,0,0,0,0,0,0,0,0,0,0.0,0.0,0.0,0.0,0.0,1.0,0.0,0.0,0.0,0.0,0.0,0.0,1.0,0.0,-196.0,-196.0,-196.0,1.0,10.0,9.0,232225.0245,255293.3745,162.0,-211.21527777777777,-12227.4,0.0,-6.4938273,9.0,1539796.005,1574012.88,8.0,7.0
104473,Cash loans,M,Y,N,1,202500.0,225000.0,25447.5,225000.0,Unaccompanied,Commercial associate,Secondary / secondary special,Married,With parents,0.030755,-11684,-233.0,-3559.0,-4197,1,1,0,1,1,0,3.0,2,2,FRIDAY,14,0,0,0,0,0,0,Business Entity Type 3,0.57161975,0.23791608,1.0,0.0,1.0,0.0,-2099.0,0,1,0,0,0,0,0,0,0,0,0,0,0,0,0,0,0,0,0,0,0.0,0.0,0.0,0.0,1.0,1.0,152368.824375,1218950.595,0.0,0.0,0.0,0.0,1.0,0.0,-1153.25,-2754.0,-254.0,1.0,2.0,1.0,30352.5,29571.75,10.0,0.0,0.0,0.0,-10.8,-3.0,82015.38,82015.38,1.0,0.0
104479,Cash loans,F,N,Y,0,90000.0,337500.0,25362.0,337500.0,Unaccompanied,Pensioner,Secondary / secondary special,Widow,House / apartment,0.028663,-20159,,-2535.0,-3530,1,0,0,1,0,0,1.0,2,2,SATURDAY,12,0,0,0,0,0,0,XNA,0.7320787,0.79226446,1.0,0.0,1.0,0.0,-200.0,0,0,0,0,1,0,0,0,0,0,0,0,0,0,0,0,0,0,0,0,0.0,0.0,0.0,0.0,0.0,0.0,174937.5,699750.0,0.0,0.0,0.0,0.0,0.0,0.0,-2304.25,-2422.0,-2052.0,2.0,3.0,1.0,68917.5,66595.5,10.0,0.0,0.0,0.0,-3.2,1.0,221689.62,221689.62,1.0,0.0
104480,Cash loans,M,Y,Y,1,450000.0,758214.0,38844.0,603000.0,Family,Commercial associate,Higher education,Married,House / apartment,0.04622,-15614,-2702.0,-896.0,-2713,1,1,0,1,0,1,3.0,1,1,TUESDAY,10,0,0,0,1,1,1,Self-employed,0.74736685,,3.0,0.0,3.0,0.0,-546.0,0,0,0,0,0,0,1,0,0,0,0,0,0,0,0,0,0,0,0,0,0.0,0.0,0.0,0.0,0.0,1.0,2369264.4,2369264.4,0.0,0.0,1905341.355,1905341.355,1.0,0.0,-605.0,-605.0,-605.0,1.0,6.0,4.0,242990.25,242333.25,17.0,0.0,0.0,0.0,-9.588235,-2.0,590702.13,590702.13,3.0,0.0
104482,Cash loans,M,Y,Y,0,126000.0,52128.0,5602.5,45000.0,Family,Working,Secondary / secondary special,Married,House / apartment,0.016612,-18253,-1520.0,-4468.0,-1806,1,1,0,1,0,1,2.0,2,2,SATURDAY,16,0,0,0,0,1,1,Other,0.4004681,0.26786894,1.0,1.0,1.0,1.0,-2574.0,0,1,0,0,0,0,0,0,0,0,0,0,0,0,0,0,0,0,0,0,0.0,0.0,0.0,0.0,0.0,0.0,108829.125,435316.5,0.0,0.0,70762.5,283050.0,2.0,0.0,-990.75,-1541.0,-764.0,2.0,4.0,4.0,43084.125,42199.875,19.0,-176.20342105263157,-3317.805,0.0,-7.263158,2.0,149105.34,152453.20500000002,4.0,0.0
104499,Cash loans,F,N,Y,0,162000.0,450000.0,25258.5,450000.0,Unaccompanied,Pensioner,Higher education,Married,House / apartment,0.028663,-17228,,-1059.0,-749,1,0,0,1,0,0,2.0,2,2,THURSDAY,9,0,0,0,0,0,0,XNA,0.4684452,0.832785,0.0,0.0,0.0,0.0,-3030.0,0,0,0,0,1,0,0,0,0,0,0,0,0,0,0,0,0,0,0,0,0.0,0.0,0.0,0.0,0.0,1.0,1073198.7,10731987.0,0.0,0.0,6187.5,49500.0,2.0,0.0,-1685.7,-2579.0,-659.0,3.0,,,,,9.0,-1521.3100000000002,-6845.490000000001,0.0,-2.2222223,6.0,47882.16,61573.950000000004,1.0,0.0
104501,Cash loans,F,N,N,0,135000.0,260640.0,26838.0,225000.0,Unaccompanied,Pensioner,Secondary / secondary special,Married,House / apartment,0.008575,-23711,,-8958.0,-3997,1,0,0,1,1,0,2.0,2,2,MONDAY,16,0,0,0,0,0,0,XNA,0.715073,0.7016958,7.0,0.0,7.0,0.0,-2501.0,0,1,0,0,0,0,0,0,0,0,0,0,0,0,0,0,0,0,0,0,0.0,0.0,0.0,0.0,0.0,0.0,213355.5,640066.5,0.0,0.0,0.0,0.0,0.0,0.0,-1108.6666666666667,-2127.0,-292.0,1.0,1.0,1.0,147780.0,147780.0,12.0,-2810.28,-16861.5,0.0,-2.4166667,34.0,201442.59,235165.95,1.0,0.0
104502,Cash loans,F,Y,N,1,292500.0,454500.0,20020.5,454500.0,Unaccompanied,Working,Secondary / secondary special,Married,House / apartment,0.015221,-13951,-4414.0,-5690.0,-4687,1,1,1,1,1,0,3.0,2,2,FRIDAY,14,0,0,0,0,0,0,Business Entity Type 3,0.45175946,0.53707,3.0,0.0,3.0,0.0,-285.0,0,1,0,0,0,0,0,0,0,0,0,0,0,0,0,0,0,0,0,0,0.0,0.0,0.0,0.0,1.0,2.0,412661.376,2063306.88,0.0,0.0,0.0,0.0,0.0,0.0,-2442.4,-2792.0,-1699.0,3.0,7.0,7.0,105663.34285714287,99056.7,64.0,-1702.1278125000001,-9841.455000000002,0.0,-7.53125,19.0,695397.87,804334.05,7.0,0.0
104506,Cash loans,F,N,N,0,135000.0,450000.0,35554.5,450000.0,Unaccompanied,Commercial associate,Incomplete higher,Civil marriage,House / apartment,0.009175,-11981,-652.0,-4784.0,-2278,1,1,1,1,1,0,2.0,2,2,TUESDAY,10,0,0,0,0,0,0,Self-employed,0.64428663,0.3360615,0.0,0.0,0.0,0.0,-388.0,0,1,0,0,0,0,0,0,0,0,0,0,0,0,0,0,0,0,0,0,0.0,0.0,0.0,0.0,1.0,2.0,125281.57500000001,501126.30000000005,0.0,0.0,32062.37625,128249.505,1.0,0.0,-1012.0,-1308.0,-326.0,2.0,2.0,1.0,67500.0,88825.5,7.0,12535.714285714286,0.0,33433.155,-9.142858,-6.0,287294.13,199544.13,1.0,0.0
104510,Cash loans,M,Y,Y,1,202500.0,600988.5,58675.5,553500.0,Unaccompanied,Commercial associate,Higher education,Married,House / apartment,0.014464,-13303,-1845.0,-7117.0,-4272,1,1,0,1,0,1,3.0,2,2,SATURDAY,5,0,0,0,0,0,0,Business Entity Type 3,0.70352674,0.735221,0.0,0.0,0.0,0.0,-1578.0,0,0,0,0,0,0,1,0,0,0,0,0,0,0,0,0,0,0,0,0,0.0,0.0,0.0,0.0,0.0,3.0,1716238.5,10297431.0,0.0,0.0,840646.0710000001,4203230.355,3.0,0.0,-1948.3333333333333,-2901.0,-331.0,3.0,5.0,5.0,120912.3,112312.8,46.0,0.0,0.0,0.0,-23.956522,-2.0,682539.75,682539.75,5.0,0.0
104512,Cash loans,M,Y,N,0,112500.0,480469.5,46935.0,432000.0,Unaccompanied,Pensioner,Secondary / secondary special,Married,House / apartment,0.018029,-22012,,-11709.0,-3470,1,0,0,1,0,0,2.0,3,3,WEDNESDAY,9,0,0,0,1,0,0,XNA,0.5560578,0.41010258,3.0,0.0,3.0,0.0,-1526.0,0,1,0,0,0,0,0,0,0,0,0,0,0,0,0,0,0,0,0,0,0.0,0.0,0.0,0.0,1.0,3.0,67500.0,67500.0,0.0,0.0,0.0,0.0,1.0,0.0,-160.0,-160.0,-160.0,1.0,2.0,2.0,340596.0,372676.5,40.0,-739.4186249999999,-29149.469999999998,0.0,-6.3,4.0,1080094.635,1109671.38,2.0,0.0
104520,Cash loans,M,Y,N,0,193500.0,550980.0,43659.0,450000.0,Family,Working,Secondary / secondary special,Married,House / apartment,0.035792,-15119,-626.0,-6764.0,-4645,1,1,0,1,0,0,2.0,2,2,FRIDAY,10,0,0,0,0,1,1,Business Entity Type 3,0.18704946,0.5424451,0.0,0.0,0.0,0.0,-2194.0,0,1,0,0,0,0,0,0,0,0,0,0,0,0,0,0,0,0,0,0,0.0,0.0,0.0,0.0,0.0,2.0,385230.762,1926153.81,0.0,0.0,313429.5,1567147.5,3.0,0.0,-1144.4,-2588.0,-328.0,2.0,7.0,4.0,26987.785714285714,26584.071428571428,32.0,0.0,0.0,0.0,-13.75,0.0,127323.0,127323.0,5.0,0.0
104528,Cash loans,F,N,Y,1,180000.0,479700.0,57060.0,450000.0,Unaccompanied,Working,Secondary / secondary special,Single / not married,House / apartment,0.018029,-12368,-1138.0,-3702.0,-4274,1,1,0,1,1,1,2.0,3,3,THURSDAY,5,0,0,0,0,0,0,Self-employed,0.5259245,0.6561584,0.0,0.0,0.0,0.0,-384.0,0,1,0,0,0,0,0,0,0,0,0,0,0,0,0,0,0,0,0,0,0.0,0.0,0.0,0.0,1.0,0.0,293755.5,1175022.0,0.0,0.0,155325.56625,621302.265,2.0,0.0,-1245.0,-2649.0,-182.0,1.0,1.0,1.0,91219.635,72972.135,6.0,6375.0,0.0,13061.025,-13.666667,-8.0,113790.87,75540.87,1.0,0.0
104529,Cash loans,F,N,N,1,90000.0,504000.0,16258.5,504000.0,Family,Working,Secondary / secondary special,Married,House / apartment,0.003069,-15179,-1999.0,-2771.0,-5093,1,1,0,1,0,0,3.0,3,3,TUESDAY,17,0,0,0,0,0,0,Business Entity Type 3,0.7565391,0.6058363,5.0,0.0,5.0,0.0,-1988.0,0,1,0,0,0,0,0,0,0,0,0,0,0,0,0,0,0,0,0,0,0.0,0.0,0.0,0.0,0.0,3.0,112417.42875,1349009.145,0.0,0.0,41503.875,498046.5,2.0,0.0,-806.75,-1809.0,-197.0,2.0,6.0,6.0,67920.0,104046.75,115.0,-49.41117391304348,-2383.02,0.0,-11.852174,20.0,846916.2000000001,852598.485,5.0,7.0
104541,Cash loans,M,N,N,2,112500.0,451102.5,23161.5,337500.0,Unaccompanied,Working,Higher education,Married,Municipal apartment,0.00496,-15567,-2530.0,-6734.0,-5245,1,1,0,1,0,0,4.0,2,2,FRIDAY,10,0,0,0,0,0,0,Business Entity Type 3,0.6118912,0.6006575,0.0,0.0,0.0,0.0,0.0,0,1,0,0,0,0,0,0,0,0,0,0,0,0,0,0,0,0,0,0,0.0,0.0,0.0,0.0,1.0,2.0,885919.7775,5315518.665,0.0,0.0,290177.9925,1741067.955,1.0,0.0,-789.3333333333334,-1435.0,-93.0,1.0,4.0,3.0,144876.375,141204.375,22.0,-1987.676590909091,-35643.555,0.0,-13.0,17.0,516555.585,560284.47,3.0,12.0
104578,Cash loans,F,N,Y,0,157500.0,781920.0,33259.5,675000.0,Unaccompanied,Pensioner,Secondary / secondary special,Married,House / apartment,0.002042,-22906,,-2144.0,-5004,1,0,0,1,0,0,2.0,3,3,THURSDAY,12,0,0,0,0,0,0,XNA,0.46934375,0.8050197,0.0,0.0,0.0,0.0,-971.0,0,1,0,0,0,0,0,0,0,0,0,0,0,0,0,0,0,0,0,0,0.0,0.0,0.0,0.0,0.0,2.0,152504.3076923077,1982556.0,0.0,0.0,27996.576923076922,363955.5,2.0,0.0,-1865.5384615384614,-2635.0,-1031.0,2.0,1.0,1.0,147150.0,132435.0,10.0,0.0,0.0,0.0,-23.2,-11.0,148386.33,148386.33,1.0,0.0
104584,Cash loans,M,Y,Y,2,202500.0,260640.0,31059.0,225000.0,Unaccompanied,State servant,Secondary / secondary special,Married,House / apartment,0.014464,-10297,-3308.0,-755.0,-2478,1,1,0,1,0,1,4.0,2,2,MONDAY,9,0,0,0,0,0,0,Military,0.692404,0.14375806,6.0,1.0,6.0,0.0,-1277.0,0,0,0,0,0,0,1,0,0,0,0,0,0,0,0,0,0,0,0,0,0.0,0.0,0.0,0.0,0.0,4.0,2134864.285714286,14944050.0,0.0,0.0,383846.25,2303077.5,4.0,0.0,-809.4285714285714,-1427.0,-201.0,3.0,8.0,4.0,73982.25,79990.875,19.0,-1008.2889473684213,-18750.600000000002,0.0,-8.631579,4.0,447756.255,466913.745,3.0,0.0
104588,Cash loans,F,N,N,1,135000.0,144000.0,7362.0,144000.0,Unaccompanied,Commercial associate,Secondary / secondary special,Single / not married,House / apartment,0.014464,-12056,-2521.0,-904.0,-3929,1,1,0,1,0,1,2.0,2,2,WEDNESDAY,7,0,0,0,0,0,0,Self-employed,0.4229417,0.40835884,0.0,0.0,0.0,0.0,-267.0,0,1,0,0,0,0,0,0,0,0,0,0,0,0,0,0,0,0,0,0,0.0,0.0,0.0,0.0,1.0,0.0,602013.8571428572,4214097.0,0.0,0.0,85858.14,515148.84,3.0,0.0,-1724.142857142857,-2781.0,-793.0,2.0,3.0,2.0,34516.5,36234.0,47.0,-145.74159574468084,-6221.339999999999,0.0,-3.212766,2.0,157842.54,164692.395,1.0,0.0
104602,Cash loans,F,N,Y,0,135000.0,285723.0,26334.0,238500.0,Unaccompanied,Commercial associate,Secondary / secondary special,Married,House / apartment,0.014464,-19615,-705.0,-2400.0,-3121,1,1,0,1,1,0,2.0,2,2,THURSDAY,6,0,0,0,0,0,0,Business Entity Type 3,0.107177496,,0.0,0.0,0.0,0.0,0.0,0,1,0,0,0,0,0,0,0,0,0,0,0,0,0,0,0,0,0,0,,,,,,,,,,,,,,,,,,,12.0,4.0,103668.75,106143.75,33.0,2727.2727272727275,0.0,73584.9,-11.060606,6.0,629365.275,539365.275,2.0,0.0
104610,Cash loans,F,N,Y,0,103500.0,225000.0,26833.5,225000.0,"Spouse, partner",Pensioner,Secondary / secondary special,Married,House / apartment,0.028663,-24030,,-1921.0,-4278,1,0,0,1,0,0,2.0,2,2,MONDAY,12,0,0,0,0,0,0,XNA,0.62022877,0.7136314,3.0,0.0,3.0,0.0,0.0,0,1,0,0,0,0,0,0,0,0,0,0,0,0,0,0,0,0,0,0,0.0,0.0,0.0,0.0,0.0,1.0,87871.5,439357.5,0.0,0.0,0.0,0.0,0.0,0.0,-1030.2,-2449.0,-368.0,1.0,1.0,1.0,28121.4,27396.0,10.0,0.0,0.0,0.0,0.0,0.0,30428.82,30428.82,1.0,0.0
104611,Cash loans,F,N,N,0,180000.0,601470.0,32760.0,450000.0,Family,Working,Secondary / secondary special,Married,House / apartment,0.035792,-10409,-1833.0,-4542.0,-2170,1,1,0,1,0,0,2.0,2,2,FRIDAY,13,0,0,0,0,0,0,Medicine,0.35920748,0.40835884,2.0,0.0,2.0,0.0,-1779.0,0,1,0,0,0,0,0,0,0,0,0,0,0,0,0,0,0,0,0,0,0.0,0.0,0.0,0.0,3.0,3.0,208921.5,208921.5,0.0,0.0,73350.0,73350.0,1.0,0.0,-520.0,-520.0,-520.0,1.0,6.0,4.0,84204.0,168945.75,129.0,-3283.27875,-26361.225,0.0,-5.4453125,13.0,1419305.355,1860608.6099999999,3.0,0.0
104618,Cash loans,M,Y,Y,1,135000.0,522396.0,38142.0,472500.0,"Spouse, partner",Working,Secondary / secondary special,Married,House / apartment,0.031329,-11171,-2926.0,-1089.0,-3330,1,1,0,1,0,0,3.0,2,2,TUESDAY,13,0,0,0,0,0,0,Other,0.63873976,0.32489124,2.0,0.0,2.0,0.0,-2686.0,0,1,0,0,0,0,0,0,0,0,0,0,0,0,0,0,0,0,0,0,0.0,0.0,0.0,0.0,1.0,2.0,244617.5,2201557.5,0.0,0.0,60730.3125,485842.5,3.0,0.0,-660.4444444444445,-2400.0,-215.0,2.0,5.0,3.0,228557.025,208782.0,10.0,-390.15900000000005,-2741.2650000000003,0.0,-57.6,7.0,291200.35500000004,295101.945,3.0,0.0
104620,Cash loans,F,N,Y,0,157500.0,432000.0,22185.0,432000.0,Unaccompanied,Working,Secondary / secondary special,Separated,House / apartment,0.026392,-14635,-737.0,-4086.0,-3586,1,1,0,1,0,0,1.0,2,2,MONDAY,10,0,0,0,0,0,0,Business Entity Type 2,0.5622136,0.7016958,0.0,0.0,0.0,0.0,-1648.0,0,1,0,0,0,0,0,0,0,0,0,0,0,0,0,0,0,0,0,0,0.0,0.0,0.0,0.0,0.0,6.0,83575.0523076923,1086475.68,0.0,0.0,23297.91,209681.19,3.0,0.0,-1220.1538461538462,-2516.0,-560.0,2.0,14.0,8.0,85118.14285714286,91449.96428571429,94.0,6611.431117021277,-5206.185,552948.3,-16.861702,2.0,1789342.9200000002,1167868.395,8.0,0.0
104622,Cash loans,F,Y,Y,2,135000.0,220536.0,9400.5,135000.0,Unaccompanied,Commercial associate,Higher education,Married,House / apartment,0.02461,-10511,-1397.0,-4636.0,-707,1,1,1,1,1,0,4.0,2,2,FRIDAY,12,0,0,0,0,0,0,Bank,0.7449896,0.47764915,6.0,0.0,6.0,0.0,-2344.0,0,1,0,0,0,0,0,0,0,0,0,0,0,0,0,0,0,0,0,0,0.0,0.0,0.0,0.0,1.0,1.0,253401.723,1267008.615,0.0,0.0,144684.0,723420.0,4.0,0.0,-507.0,-1263.0,-220.0,2.0,4.0,4.0,255101.625,261649.125,12.0,0.0,0.0,0.0,-15.666667,1.0,138397.77,138397.77,2.0,0.0
104624,Cash loans,M,N,Y,0,171000.0,686749.5,26019.0,567000.0,Unaccompanied,Pensioner,Higher education,Married,House / apartment,0.025164,-23503,,-10636.0,-4666,1,0,0,1,0,1,2.0,2,2,MONDAY,15,0,0,0,0,0,0,XNA,0.45506528,0.6430256,8.0,3.0,8.0,3.0,-2223.0,0,0,0,0,1,0,0,0,0,0,0,0,0,0,0,0,0,0,0,0,0.0,0.0,0.0,0.0,1.0,1.0,101171.835,1214062.02,0.0,0.0,19273.5,212008.5,1.0,0.0,-495.9166666666667,-2704.0,-20.0,3.0,5.0,4.0,86080.5,110324.7,171.0,-32.89473684210526,-3375.0,0.0,-13.824561,8.0,1134575.64,1140200.64,3.0,0.0
104625,Cash loans,F,N,Y,0,157500.0,296280.0,23409.0,225000.0,Unaccompanied,Commercial associate,Higher education,Single / not married,House / apartment,0.028663,-9993,-430.0,-4705.0,-2651,1,1,1,1,0,0,1.0,2,2,TUESDAY,13,1,1,0,1,1,0,Trade: type 3,0.61703527,0.27213368,1.0,0.0,1.0,0.0,-335.0,0,1,0,0,0,0,0,0,0,0,0,0,0,0,0,0,0,0,0,0,0.0,0.0,0.0,0.0,0.0,1.0,76024.70999999999,380123.55,0.0,0.0,0.0,0.0,0.0,0.0,-1010.6,-1846.0,-687.0,2.0,6.0,4.0,43818.75,43797.75,38.0,-249.05723684210525,-9450.0,0.0,-4.6578946,8.0,339361.29,348825.46499999997,3.0,0.0
104634,Cash loans,M,Y,Y,0,225000.0,278460.0,21676.5,225000.0,Unaccompanied,State servant,Secondary / secondary special,Civil marriage,House / apartment,0.006305,-8912,-1063.0,-2874.0,-1175,1,1,0,1,0,0,2.0,3,3,TUESDAY,8,0,0,0,1,1,1,Military,0.48667127,0.4902575,1.0,0.0,1.0,0.0,-1055.0,0,1,0,0,0,0,0,0,0,0,0,0,0,0,0,0,0,0,0,0,0.0,0.0,0.0,0.0,0.0,2.0,594154.8,2970774.0,0.0,0.0,259774.2,1298871.0,2.0,0.0,-399.8,-721.0,-40.0,1.0,2.0,2.0,92565.0,95618.25,29.0,-411.54206896551716,-4047.8849999999998,0.0,-21.172413,4.0,221226.435,233161.155,2.0,0.0
104639,Cash loans,F,N,N,1,117000.0,550980.0,43659.0,450000.0,Unaccompanied,Working,Incomplete higher,Married,House / apartment,0.00496,-9377,-1181.0,-1171.0,-1285,1,1,1,1,0,0,3.0,2,2,FRIDAY,16,0,0,0,0,0,0,Industry: type 3,0.5332189,0.5406544,0.0,0.0,0.0,0.0,0.0,0,1,0,0,0,0,0,0,0,0,0,0,0,0,0,0,0,0,0,0,0.0,0.0,0.0,0.0,0.0,3.0,105301.5,315904.5,0.0,0.0,41568.0,124704.0,1.0,0.0,-525.3333333333334,-995.0,-151.0,1.0,1.0,1.0,50418.0,50166.0,4.0,0.0,0.0,0.0,-27.75,-11.0,51889.86,51889.86,1.0,0.0
104646,Cash loans,F,Y,Y,0,450000.0,761872.5,59089.5,675000.0,Unaccompanied,Working,Higher education,Married,House / apartment,0.003818,-13588,-2023.0,-3912.0,-4756,1,1,0,1,0,0,2.0,2,2,TUESDAY,3,0,0,0,0,0,0,Self-employed,0.5974125,0.58323795,0.0,0.0,0.0,0.0,-1781.0,0,1,0,0,0,0,0,0,0,0,0,0,0,0,0,0,0,0,0,0,0.0,0.0,0.0,0.0,0.0,3.0,617495.293125,9879924.69,0.0,0.0,2940.5,26464.5,4.0,0.0,-1552.75,-2907.0,-370.0,3.0,9.0,7.0,228233.5,234843.5,59.0,0.0,0.0,0.0,-8.949153,1.0,2551017.33,2551017.33,6.0,0.0
104647,Cash loans,F,N,Y,1,112500.0,523152.0,42075.0,463500.0,Unaccompanied,Working,Higher education,Married,House / apartment,0.003122,-9836,-2209.0,-4702.0,-1413,1,1,0,1,0,0,3.0,3,3,TUESDAY,18,0,0,0,0,0,0,Other,0.67033446,,0.0,0.0,0.0,0.0,-704.0,0,1,0,0,0,0,0,0,0,0,0,0,0,0,0,0,0,0,0,0,,,,,,,,,,,,,,,,,,,1.0,1.0,36405.0,40248.0,11.0,0.0,0.0,0.0,-13.454545,-6.0,44174.880000000005,44174.880000000005,1.0,0.0
104652,Cash loans,F,Y,Y,0,225000.0,1723500.0,53626.5,1723500.0,Unaccompanied,Commercial associate,Higher education,Married,House / apartment,0.028663,-13626,-5745.0,-748.0,-3291,1,1,0,1,0,0,2.0,2,2,WEDNESDAY,13,0,0,0,0,0,0,Self-employed,0.45343354,0.56560796,1.0,0.0,1.0,0.0,-193.0,0,1,0,0,0,0,0,0,0,0,0,0,0,0,0,0,0,0,0,0,0.0,0.0,0.0,0.0,0.0,1.0,377418.15,3774181.5,0.0,0.0,28021.5,280215.0,3.0,0.0,-1239.4,-2662.0,-35.0,3.0,8.0,6.0,180146.25,170829.0,31.0,0.0,0.0,0.0,-40.096775,0.0,426432.69,426432.69,5.0,0.0
104670,Cash loans,F,N,N,0,157500.0,320382.0,15543.0,229500.0,Unaccompanied,Pensioner,Secondary / secondary special,Married,House / apartment,0.018029,-20365,,-2388.0,-3898,1,0,0,1,0,0,2.0,3,3,WEDNESDAY,6,0,0,0,0,0,0,XNA,0.15451951,,2.0,1.0,2.0,1.0,-2036.0,0,0,0,0,1,0,0,0,0,0,0,0,0,0,0,0,0,0,0,0,,,,,,,,,,,,,,,,,,,4.0,4.0,115267.5,229417.875,117.0,406.1842307692308,0.0,30028.005,-11.188034,0.0,1353259.71,1305736.155,3.0,0.0
104677,Cash loans,F,N,N,0,81000.0,135000.0,13351.5,135000.0,Unaccompanied,Pensioner,Secondary / secondary special,Married,House / apartment,0.018634,-22831,,-8635.0,-4818,1,0,0,1,1,0,2.0,2,2,MONDAY,16,0,0,0,0,0,0,XNA,0.3278689,0.50107515,0.0,0.0,0.0,0.0,-967.0,0,1,0,0,0,0,0,0,0,0,0,0,0,0,0,0,0,0,0,0,0.0,0.0,0.0,0.0,0.0,3.0,96937.5,581625.0,0.0,0.0,185.25,1111.5,1.0,0.0,-1256.8333333333333,-2919.0,-312.0,2.0,4.0,2.0,29250.0,30809.25,18.0,0.0,0.0,0.0,-3.3333333,1.0,144739.8,144739.8,2.0,0.0
104685,Cash loans,F,N,Y,1,171000.0,1091677.5,39343.5,846000.0,"Spouse, partner",State servant,Secondary / secondary special,Civil marriage,House / apartment,0.018029,-16035,-4509.0,-5468.0,-5890,1,1,0,1,0,0,3.0,3,3,THURSDAY,7,0,0,0,0,0,0,Kindergarten,0.24485189,0.4382814,0.0,0.0,0.0,0.0,-261.0,0,1,0,0,0,0,0,0,0,0,0,0,0,0,0,0,0,0,0,0,0.0,0.0,0.0,0.0,1.0,5.0,79629.0107142857,557403.075,0.0,0.0,20318.25,121909.5,3.0,0.0,-921.7142857142857,-2507.0,-127.0,2.0,8.0,3.0,97430.625,106185.375,24.0,0.0,0.0,0.0,-16.875,-5.0,647414.64,647414.64,3.0,0.0
104691,Cash loans,F,N,Y,1,99000.0,250614.0,18868.5,202500.0,Unaccompanied,Working,Secondary / secondary special,Married,House / apartment,0.00702,-14589,-3016.0,-3459.0,-4487,1,1,0,1,0,0,3.0,2,2,WEDNESDAY,10,0,0,0,0,0,0,Trade: type 7,0.7224591,0.48124933,4.0,1.0,4.0,0.0,-2606.0,0,1,0,0,0,0,0,0,0,0,0,0,0,0,0,0,0,0,0,0,0.0,0.0,0.0,0.0,0.0,0.0,71742.85714285714,502200.0,0.0,0.0,38012.145,228072.87,2.0,0.0,-2062.714285714286,-2862.0,-961.0,2.0,3.0,3.0,123882.0,134277.0,77.0,-791.7416883116882,-10151.369999999999,0.0,-19.74026,13.0,621133.155,682097.265,4.0,1.0
104696,Cash loans,M,N,Y,0,90000.0,599778.0,30753.0,477000.0,"Spouse, partner",Pensioner,Secondary / secondary special,Married,House / apartment,0.019689,-22331,,-8113.0,-4659,1,0,0,1,0,0,2.0,2,2,FRIDAY,12,0,0,0,0,0,0,XNA,0.5872374,,0.0,0.0,0.0,0.0,0.0,0,0,0,0,1,0,0,0,0,0,0,0,0,0,0,0,0,0,0,0,,,,,,,,,,,,,,,,,,,1.0,1.0,127710.0,128214.0,15.0,-924.849,-13509.18,0.0,-28.733334,23.0,194182.92,208055.655,1.0,0.0
104699,Cash loans,F,N,Y,0,117000.0,260640.0,26838.0,225000.0,Family,Pensioner,Secondary / secondary special,Married,House / apartment,0.019689,-24578,,-8565.0,-4794,1,0,0,1,0,0,2.0,2,2,TUESDAY,10,0,0,0,0,0,0,XNA,0.7606597,0.58674,0.0,0.0,0.0,0.0,-1968.0,0,1,0,0,0,0,0,0,0,0,0,0,0,0,0,0,0,0,0,0,0.0,0.0,0.0,0.0,0.0,6.0,115110.0,230220.0,0.0,0.0,19496.25,38992.5,2.0,0.0,-280.5,-281.0,-280.0,1.0,6.0,6.0,141187.5,162643.5,145.0,-1363.0465862068966,-14348.835,0.0,-11.186207,24.0,1638479.295,1836121.05,9.0,5.0
104712,Cash loans,F,N,Y,1,112500.0,126000.0,13230.0,126000.0,Unaccompanied,Working,Secondary / secondary special,Single / not married,With parents,0.015221,-10407,-970.0,-39.0,-3083,1,1,0,1,0,0,2.0,2,2,FRIDAY,16,0,0,0,0,0,0,Business Entity Type 3,0.51474184,0.3457848,1.0,1.0,1.0,1.0,-1237.0,0,1,0,0,0,0,0,0,0,0,0,0,0,0,0,0,0,0,0,0,0.0,0.0,0.0,0.0,1.0,1.0,67500.0,67500.0,0.0,0.0,60790.5,60790.5,1.0,0.0,-288.0,-288.0,-288.0,1.0,2.0,2.0,58365.0,69385.5,15.0,3945.9,0.0,48428.28,-56.933334,-17.0,254631.51,195443.00999999998,2.0,0.0
104714,Cash loans,F,N,Y,1,36000.0,104256.0,10813.5,90000.0,Unaccompanied,Commercial associate,Secondary / secondary special,Married,House / apartment,0.018801,-17852,-200.0,-2848.0,-1358,1,1,1,1,1,0,3.0,2,2,WEDNESDAY,12,0,0,0,0,0,0,Other,0.5501229,0.5531647,0.0,0.0,0.0,0.0,-2449.0,0,1,0,0,0,0,0,0,0,0,0,0,0,0,0,0,0,0,0,0,0.0,0.0,0.0,0.0,0.0,3.0,73407.15,146814.3,0.0,0.0,13835.25,27670.5,1.0,0.0,-508.5,-717.0,-300.0,1.0,6.0,6.0,106644.75,118807.5,77.0,-1201.923116883117,-29519.550000000003,0.0,-3.142857,28.0,873396.5850000001,965944.665,5.0,3.0
104717,Cash loans,M,Y,N,0,45000.0,360000.0,18508.5,360000.0,Unaccompanied,Pensioner,Secondary / secondary special,Married,House / apartment,0.018029,-21976,,-3926.0,-3220,1,0,0,1,1,0,2.0,3,3,TUESDAY,14,0,0,0,0,0,0,XNA,0.39960214,0.6561584,1.0,1.0,1.0,1.0,-872.0,0,1,0,0,0,0,0,0,0,0,0,0,0,0,0,0,0,0,0,0,0.0,0.0,0.0,0.0,0.0,0.0,99135.0,99135.0,0.0,0.0,0.0,0.0,0.0,0.0,-753.0,-753.0,-753.0,1.0,2.0,1.0,83070.0,84838.5,4.0,0.0,0.0,0.0,-6.5,-2.0,75956.76,75956.76,1.0,0.0
104718,Cash loans,M,Y,Y,0,279000.0,810000.0,41355.0,810000.0,Unaccompanied,Commercial associate,Higher education,Married,House / apartment,0.030755,-14373,-3097.0,-3700.0,-4794,1,1,0,1,0,0,2.0,2,2,THURSDAY,11,0,0,0,1,1,0,Business Entity Type 3,0.7974986,0.6690567,1.0,1.0,1.0,0.0,-1947.0,0,1,0,0,0,0,0,0,0,0,0,0,0,0,0,0,0,0,0,0,0.0,0.0,0.0,0.0,0.0,2.0,333949.21875,2671593.75,0.0,0.0,19185.665625,153485.325,2.0,0.0,-1381.5,-1999.0,-263.0,2.0,2.0,2.0,100820.25,99911.25,23.0,-1537.515,-8842.095,0.0,-12.217391,4.0,236530.665,271893.51,2.0,3.0
104740,Cash loans,F,Y,Y,0,270000.0,450000.0,23107.5,450000.0,Unaccompanied,Working,Secondary / secondary special,Married,House / apartment,0.026392,-11391,-866.0,-938.0,-2429,1,1,0,1,0,0,2.0,2,2,WEDNESDAY,12,0,0,0,0,0,0,Services,0.6630164,,2.0,0.0,2.0,0.0,-764.0,0,1,0,0,0,0,0,0,0,0,0,0,0,0,0,0,0,0,0,0,,,,,,,,,,,,,,,,,,,5.0,2.0,124416.0,139242.6,15.0,0.0,0.0,0.0,-31.8,-11.0,170907.03,170907.03,2.0,0.0
104741,Cash loans,F,N,N,1,171000.0,450000.0,47385.0,450000.0,Unaccompanied,Working,Secondary / secondary special,Widow,With parents,0.028663,-13957,-1327.0,-7733.0,-4956,1,1,0,1,0,0,2.0,2,2,WEDNESDAY,11,0,0,0,0,0,0,Business Entity Type 3,0.61505425,0.56737924,2.0,0.0,2.0,0.0,0.0,0,1,0,0,0,0,0,0,0,0,0,0,0,0,0,0,0,0,0,0,0.0,0.0,0.0,0.0,1.0,1.0,98399.625,295198.875,0.0,0.0,0.0,0.0,0.0,0.0,-940.0,-1188.0,-659.0,1.0,7.0,6.0,83611.28571428571,84320.35714285714,51.0,-1293.540882352941,-18675.0,0.0,-10.117647,24.0,552622.59,618593.175,6.0,12.0
104743,Cash loans,F,N,Y,0,94500.0,78192.0,8140.5,67500.0,Unaccompanied,Pensioner,Secondary / secondary special,Married,House / apartment,0.019689,-23921,,-8873.0,-2664,1,0,0,1,1,0,2.0,2,2,SATURDAY,10,0,0,0,0,0,0,XNA,0.7090699,0.71949077,1.0,0.0,1.0,0.0,-3448.0,0,0,0,0,1,0,0,0,0,0,0,0,0,0,0,0,0,0,0,0,0.0,0.0,0.0,0.0,0.0,3.0,149449.5,597798.0,0.0,0.0,33604.5,100813.5,3.0,0.0,-1617.0,-2669.0,-605.0,1.0,4.0,3.0,86602.5,92023.875,53.0,0.0,0.0,0.0,-19.396227,-1.0,559482.615,559482.615,4.0,0.0
104744,Cash loans,F,N,Y,1,90000.0,225000.0,23053.5,225000.0,Unaccompanied,Working,Secondary / secondary special,Single / not married,House / apartment,0.019689,-17601,-10319.0,-6299.0,-1123,1,1,1,1,1,0,2.0,2,2,MONDAY,17,0,0,0,0,0,0,Self-employed,0.51797473,0.5602843,2.0,1.0,2.0,1.0,-341.0,0,1,0,0,0,0,0,0,0,0,0,0,0,0,0,0,0,0,0,0,0.0,0.0,0.0,0.0,0.0,0.0,45900.0,91800.0,0.0,0.0,0.0,0.0,0.0,0.0,-751.5,-1114.0,-389.0,1.0,6.0,5.0,151867.5,135125.25,46.0,-2664.482282608696,-24452.370000000003,0.0,-6.4347825,4.0,885502.125,1008068.31,5.0,2.0
104747,Cash loans,F,N,Y,1,45000.0,157500.0,9634.5,157500.0,Unaccompanied,State servant,Secondary / secondary special,Married,House / apartment,0.010643,-13917,-3839.0,-2906.0,-5160,1,1,0,1,0,0,3.0,2,2,THURSDAY,10,0,0,0,0,0,0,School,0.31552097,0.31859553,2.0,0.0,2.0,0.0,0.0,0,1,0,0,0,0,0,0,0,0,0,0,0,0,0,0,0,0,0,0,0.0,0.0,0.0,0.0,0.0,5.0,131973.495,1187761.455,0.0,0.0,133828.97625,1070631.81,5.0,0.0,-915.6666666666666,-2802.0,-106.0,2.0,10.0,8.0,140590.35,147467.25,55.0,231.95045454545453,0.0,6576.795,-9.254545,1.0,1669452.48,1656695.2049999998,7.0,0.0
104767,Cash loans,F,N,Y,0,135000.0,799299.0,35338.5,702000.0,Unaccompanied,Working,Secondary / secondary special,Single / not married,House / apartment,0.018801,-22212,-10480.0,-7326.0,-4805,1,1,0,1,0,0,1.0,2,2,TUESDAY,13,0,0,0,0,0,0,Government,0.41965753,0.36061257,4.0,1.0,4.0,1.0,-1765.0,0,1,0,0,0,0,0,0,0,0,0,0,0,0,0,0,0,0,0,0,0.0,0.0,0.0,0.0,0.0,6.0,750000.0,2250000.0,0.0,0.0,97839.0,293517.0,3.0,0.0,-1146.3333333333333,-1270.0,-1001.0,1.0,7.0,7.0,201325.13999999998,224794.2857142857,141.0,-1116.7723404255316,-22674.105,0.0,-6.510638,8.0,2313562.32,2471027.22,7.0,0.0
104772,Cash loans,M,N,N,0,121500.0,315000.0,13239.0,315000.0,Unaccompanied,Working,Secondary / secondary special,Single / not married,With parents,0.019101,-8742,-1146.0,-2760.0,-1268,1,1,1,1,0,0,1.0,2,2,FRIDAY,13,0,0,0,0,0,0,Self-employed,0.12387642,0.34252888,0.0,0.0,0.0,0.0,-507.0,0,1,0,0,0,0,0,0,0,0,0,0,0,0,0,0,0,0,0,0,0.0,0.0,0.0,0.0,1.0,0.0,67500.0,67500.0,0.0,0.0,2835.0,2835.0,1.0,0.0,-266.0,-266.0,-266.0,1.0,1.0,1.0,99000.0,89100.0,13.0,777.4615384615385,0.0,8910.9,-20.384615,-16.0,116991.18,106884.18,1.0,0.0
104776,Cash loans,M,N,N,0,157500.0,319041.0,23215.5,270000.0,Unaccompanied,Working,Secondary / secondary special,Married,House / apartment,0.010006,-12945,-802.0,-7018.0,-1805,1,1,1,1,1,0,2.0,2,2,TUESDAY,16,0,0,0,0,0,0,Business Entity Type 3,0.2687185,0.42061096,0.0,0.0,0.0,0.0,-640.0,0,1,0,0,0,0,0,0,0,0,0,0,0,0,0,0,0,0,0,0,0.0,0.0,0.0,0.0,1.0,3.0,31154.85,311548.5,0.0,0.0,3493.8,34938.0,2.0,0.0,-277.0,-883.0,-44.0,1.0,6.0,3.0,63750.0,74061.75,30.0,0.0,0.0,0.0,-21.133333,0.0,355432.68,355432.68,3.0,0.0
104779,Cash loans,F,N,Y,0,157500.0,555939.0,21087.0,459000.0,Unaccompanied,Pensioner,Secondary / secondary special,Married,House / apartment,0.019689,-20637,,-637.0,-566,1,0,0,1,0,0,2.0,2,2,TUESDAY,8,0,0,0,0,0,0,XNA,0.563236,0.6910212,0.0,0.0,0.0,0.0,-1800.0,0,0,0,0,1,0,0,0,0,0,0,0,0,0,0,0,0,0,0,0,0.0,0.0,0.0,0.0,0.0,2.0,984500.0,8860500.0,0.0,0.0,248366.96000000002,2235302.64,4.0,0.0,-1464.7777777777778,-2622.0,-354.0,3.0,1.0,1.0,21060.0,18360.0,6.0,-0.44249999999995754,-2.6549999999997453,0.0,-6.8333335,1.0,22464.0,22466.655,1.0,1557.0
104814,Cash loans,F,N,Y,0,67500.0,431280.0,20745.0,360000.0,Family,Working,Secondary / secondary special,Married,House / apartment,0.031329,-16975,-832.0,-7302.0,-517,1,1,0,1,0,0,2.0,2,2,THURSDAY,15,0,0,0,0,0,0,Business Entity Type 3,0.77780706,0.79226446,6.0,0.0,6.0,0.0,-2463.0,0,1,0,0,0,0,0,0,0,0,0,0,0,0,0,0,0,0,0,0,0.0,0.0,0.0,0.0,0.0,2.0,120138.75,480555.0,0.0,0.0,0.0,0.0,0.0,0.0,-1614.5,-2402.0,-764.0,1.0,3.0,3.0,167263.5,199384.5,29.0,0.0,0.0,0.0,-3.3448277,0.0,647514.72,647514.72,3.0,0.0
104815,Cash loans,M,Y,Y,2,180000.0,156384.0,16551.0,135000.0,Unaccompanied,Working,Secondary / secondary special,Married,House / apartment,0.014464,-12423,-4548.0,-6210.0,-3111,1,1,0,1,0,0,4.0,2,2,FRIDAY,8,0,0,0,0,0,0,Police,0.47340325,0.6496203,0.0,0.0,0.0,0.0,-894.0,0,0,0,0,0,0,1,0,0,0,0,0,0,0,0,0,0,0,0,0,0.0,0.0,0.0,0.0,1.0,3.0,449602.5,2697615.0,0.0,0.0,28395.75,170374.5,3.0,0.0,-947.1666666666666,-2755.0,-409.0,2.0,6.0,2.0,315757.5,475927.5,45.0,0.0,0.0,0.0,-3.6666667,0.0,1276968.78,1276968.78,1.0,0.0
104830,Cash loans,M,Y,Y,0,180000.0,495000.0,25402.5,495000.0,Family,Commercial associate,Secondary / secondary special,Civil marriage,House / apartment,0.028663,-8560,-262.0,-1388.0,-1219,1,1,0,1,0,0,2.0,2,2,THURSDAY,15,0,0,0,0,0,0,Business Entity Type 3,0.53807056,0.45610973,2.0,0.0,2.0,0.0,-1261.0,0,1,0,0,0,0,0,0,0,0,0,0,0,0,0,0,0,0,0,0,0.0,0.0,0.0,0.0,0.0,1.0,308650.5,617301.0,0.0,0.0,139693.5,279387.0,1.0,0.0,-1016.5,-1101.0,-932.0,2.0,3.0,3.0,209970.0,203344.5,20.0,0.0,0.0,0.0,-14.15,0.0,670131.63,670131.63,3.0,0.0
104831,Cash loans,M,Y,Y,0,337500.0,339633.0,31279.5,283500.0,Unaccompanied,Commercial associate,Secondary / secondary special,Single / not married,House / apartment,0.04622,-9357,-1099.0,-4154.0,-2018,1,1,0,1,0,0,1.0,1,1,FRIDAY,16,0,1,1,0,0,0,Business Entity Type 2,0.3751194,0.41010258,1.0,0.0,1.0,0.0,-1138.0,0,1,0,0,0,0,0,0,0,0,0,0,0,0,0,0,0,0,0,0,0.0,0.0,0.0,0.0,1.0,6.0,655490.25,3932941.5,0.0,0.0,345996.0,2075976.0,3.0,0.0,-745.8333333333334,-1213.0,-346.0,2.0,43.0,3.0,5408.686046511628,5663.511627906977,22.0,0.0,0.0,0.0,-14.863636,-7.0,182855.34,182855.34,3.0,0.0
104833,Cash loans,M,Y,Y,1,360000.0,345384.0,36396.0,324000.0,Unaccompanied,Working,Secondary / secondary special,Single / not married,House / apartment,0.006207,-11590,-4099.0,-10510.0,-3720,1,1,0,1,0,1,2.0,2,2,FRIDAY,10,0,0,0,0,0,0,Business Entity Type 3,0.5420792,0.25533178,0.0,0.0,0.0,0.0,-2904.0,0,0,0,0,0,0,1,0,0,0,0,0,0,0,0,0,0,0,0,0,0.0,0.0,0.0,0.0,1.0,3.0,212562.0,1487934.0,0.0,0.0,151640.35714285713,1061482.5,3.0,0.0,-970.0,-2496.0,-247.0,2.0,15.0,9.0,83361.12000000001,91171.8,69.0,3386.7945652173917,-13468.994999999999,107419.68,-9.333333,2.0,919886.4450000001,686197.62,7.0,0.0
104839,Cash loans,F,N,Y,1,315000.0,526837.5,18121.5,337500.0,Unaccompanied,Working,Higher education,Separated,House / apartment,0.010006,-15145,-8516.0,-7453.0,-4227,1,1,0,1,0,1,2.0,2,2,WEDNESDAY,15,0,0,0,0,0,0,Other,0.64962584,0.41184855,1.0,1.0,1.0,1.0,-1799.0,0,1,0,0,0,0,0,0,0,0,0,0,0,0,0,0,0,0,0,0,0.0,0.0,0.0,0.0,2.0,5.0,645699.8500000001,5811298.65,0.0,0.0,137138.0,1234242.0,4.0,0.0,-843.7777777777778,-1894.0,-300.0,2.0,8.0,5.0,386057.25,438194.25,55.0,-726.4530000000002,-45137.61,100939.76999999999,-7.2363634,10.0,2760740.19,2800695.105,6.0,0.0
104840,Cash loans,F,N,Y,0,90000.0,174132.0,18283.5,157500.0,Unaccompanied,Working,Incomplete higher,Single / not married,House / apartment,0.025164,-8777,-963.0,-6374.0,-1446,1,1,0,1,1,0,1.0,2,2,FRIDAY,12,0,0,0,0,0,0,School,0.4686086,0.6738301,0.0,0.0,0.0,0.0,-727.0,0,0,0,0,0,0,1,0,0,0,0,0,0,0,0,0,0,0,0,0,0.0,0.0,0.0,0.0,0.0,2.0,55718.1,278590.5,0.0,0.0,0.0,0.0,2.0,0.0,-887.6,-971.0,-664.0,2.0,1.0,1.0,49216.5,48969.0,12.0,0.0,0.0,0.0,-10.416667,-8.0,59638.86,59638.86,1.0,0.0
104860,Cash loans,M,Y,Y,1,157500.0,550980.0,43659.0,450000.0,Family,Commercial associate,Secondary / secondary special,Married,House / apartment,0.003069,-15263,-1836.0,-358.0,-587,1,1,0,1,0,0,3.0,3,3,THURSDAY,17,0,0,0,0,0,0,Business Entity Type 3,0.3582668,0.62630427,0.0,0.0,0.0,0.0,-8.0,0,1,0,0,0,0,0,0,0,0,0,0,0,0,0,0,0,0,0,0,0.0,0.0,0.0,0.0,2.0,0.0,80280.0,80280.0,0.0,0.0,0.0,0.0,0.0,0.0,-470.0,-470.0,-470.0,1.0,4.0,2.0,106483.5,109847.25,16.0,-4545.3065625,-22294.845,0.0,-18.125,4.0,218181.915,290906.82,2.0,0.0
104861,Cash loans,F,N,Y,0,180000.0,512446.5,28741.5,463500.0,"Spouse, partner",Commercial associate,Higher education,Married,House / apartment,0.032561,-20694,-2926.0,-14837.0,-3425,1,1,0,1,1,1,2.0,1,1,FRIDAY,12,0,0,0,0,0,0,Hotel,0.67708814,0.17560598,3.0,0.0,3.0,0.0,-1777.0,0,1,0,0,0,0,0,0,0,0,0,0,0,0,0,0,0,0,0,0,0.0,0.0,0.0,0.0,1.0,0.0,609300.0,3046500.0,0.0,0.0,31918.5,63837.0,4.0,0.0,-575.4,-903.0,-293.0,2.0,1.0,1.0,162130.5,145917.0,8.0,0.0,0.0,0.0,-44.875,-3.0,195753.33000000002,195753.33000000002,1.0,0.0
104866,Cash loans,F,N,Y,1,130500.0,1037128.5,44073.0,927000.0,Unaccompanied,Working,Secondary / secondary special,Separated,House / apartment,0.016612,-13465,-4262.0,-590.0,-5088,1,1,0,1,0,0,2.0,2,2,SUNDAY,15,0,0,0,0,0,0,Construction,0.5743805,,6.0,0.0,5.0,0.0,-489.0,0,0,0,1,0,0,0,0,0,0,0,0,0,0,0,0,0,0,0,0,,,,,,,,,,,,,,,,,,,2.0,2.0,58783.5,56877.75,5.0,0.0,0.0,0.0,-17.2,-14.0,79628.445,79628.445,1.0,0.0
104870,Cash loans,F,N,Y,0,117000.0,260640.0,19615.5,225000.0,Children,State servant,Secondary / secondary special,Married,House / apartment,0.04622,-24268,-2915.0,-6098.0,-4275,1,1,0,1,0,0,2.0,1,1,WEDNESDAY,16,0,0,0,0,0,0,Other,0.7071535,0.42765737,0.0,0.0,0.0,0.0,-917.0,0,1,0,0,0,0,0,0,0,0,0,0,0,0,0,0,0,0,0,0,0.0,0.0,0.0,0.0,0.0,0.0,125748.0,125748.0,0.0,0.0,106083.0,106083.0,1.0,0.0,-64.0,-64.0,-64.0,1.0,2.0,2.0,530977.5,550579.5,24.0,0.0,0.0,0.0,-10.083333,0.0,1355315.31,1355315.31,2.0,0.0
104877,Cash loans,F,N,Y,0,108000.0,568800.0,20430.0,450000.0,Unaccompanied,Commercial associate,Secondary / secondary special,Separated,Municipal apartment,0.020713,-18313,-1130.0,-8011.0,-1849,1,1,1,1,1,0,1.0,3,3,FRIDAY,8,0,0,0,0,0,0,Self-employed,0.6420986,0.4740513,0.0,0.0,0.0,0.0,-2558.0,0,1,0,0,0,0,0,0,0,0,0,0,0,0,0,0,0,0,0,0,0.0,0.0,0.0,0.0,1.0,0.0,275244.75,1100979.0,0.0,0.0,203976.0,611928.0,2.0,0.0,-404.5,-929.0,-99.0,2.0,3.0,3.0,131601.0,146362.5,42.0,0.0,0.0,0.0,-10.309524,-2.0,424321.245,424321.245,2.0,0.0
104878,Cash loans,F,N,Y,0,112500.0,223884.0,22270.5,202500.0,Family,Pensioner,Secondary / secondary special,Married,House / apartment,0.031329,-23392,,-811.0,-4711,1,0,0,1,1,0,2.0,2,2,MONDAY,9,0,0,0,0,0,0,XNA,0.69546,0.5691488,8.0,0.0,8.0,0.0,-1346.0,0,1,0,0,0,0,0,0,0,0,0,0,0,0,0,0,0,0,0,0,0.0,0.0,0.0,0.0,1.0,3.0,79244.1,1030173.3,0.0,0.0,48290.25,289741.5,1.0,0.0,-1887.3076923076924,-2782.0,-1002.0,2.0,8.0,5.0,60755.625,67678.875,59.0,0.0,0.0,0.0,-13.508474,6.0,429862.815,429862.815,4.0,0.0
104879,Cash loans,F,Y,Y,0,261000.0,336204.0,35433.0,297000.0,Other_A,Commercial associate,Secondary / secondary special,Married,House / apartment,0.030755,-19221,-1052.0,-858.0,-1948,1,1,0,1,0,0,2.0,2,2,FRIDAY,11,0,0,0,0,0,0,Other,0.64003557,0.4758499,0.0,0.0,0.0,0.0,-1583.0,0,1,0,0,0,0,0,0,0,0,0,0,0,0,0,0,0,0,0,0,0.0,0.0,0.0,0.0,1.0,2.0,140849.4375,1126795.5,0.0,0.0,43621.3125,348970.5,1.0,0.0,-1108.25,-1799.0,-112.0,1.0,7.0,3.0,258216.42857142858,256547.57142857142,29.0,32341.655172413793,0.0,450000.0,-8.75862,1.0,2137017.285,1199109.285,2.0,0.0
104880,Cash loans,F,N,N,0,157500.0,900000.0,48955.5,900000.0,Unaccompanied,Commercial associate,Secondary / secondary special,Married,House / apartment,0.00712,-15529,-3486.0,-1152.0,-632,1,1,1,1,0,0,2.0,2,2,MONDAY,11,0,0,0,0,0,0,Other,0.71337247,0.42413032,2.0,2.0,2.0,2.0,-1769.0,0,1,0,0,0,0,0,0,0,0,0,0,0,0,0,0,0,0,0,0,0.0,0.0,0.0,0.0,1.0,2.0,312862.5,1877175.0,0.0,0.0,149853.75,899122.5,3.0,0.0,-1073.0,-2441.0,-179.0,1.0,9.0,3.0,220503.0,292938.5,63.0,-347.4107142857143,-21363.345,0.0,-8.68254,2.0,1315330.2,1337217.075,5.0,0.0
104899,Cash loans,F,N,Y,0,76500.0,208512.0,20443.5,180000.0,Unaccompanied,Working,Secondary / secondary special,Married,House / apartment,0.014464,-17910,-558.0,-428.0,-1456,1,1,0,1,1,0,2.0,2,2,WEDNESDAY,3,0,0,0,0,0,0,Hotel,0.60746795,,0.0,0.0,0.0,0.0,-1837.0,0,1,0,0,0,0,0,0,0,0,0,0,0,0,0,0,0,0,0,0,0.0,0.0,0.0,0.0,2.0,3.0,72075.00600000001,360375.03,0.0,0.0,0.0,0.0,2.0,0.0,-1587.0,-2134.0,-1024.0,2.0,7.0,6.0,119950.71428571429,127989.0,52.0,2369.207596153846,0.0,22048.38,-12.0,0.0,646781.85,523583.055,6.0,0.0
104906,Cash loans,F,N,Y,0,315000.0,272520.0,16803.0,225000.0,Unaccompanied,Pensioner,Secondary / secondary special,Widow,House / apartment,0.032561,-24469,,-7015.0,-4608,1,0,0,1,1,0,1.0,1,1,WEDNESDAY,17,0,0,0,0,0,0,XNA,0.5561766,0.3996756,1.0,0.0,1.0,0.0,-1157.0,0,0,0,0,1,0,0,0,0,0,0,0,0,0,0,0,0,0,0,0,0.0,0.0,0.0,0.0,1.0,4.0,373690.6,3363215.4,0.0,0.0,160480.2857142857,1123362.0,3.0,0.0,-788.1111111111111,-1759.0,-229.0,3.0,13.0,4.0,97781.53846153847,109925.30769230769,38.0,0.0,0.0,0.0,-15.578947,0.0,480040.785,480040.785,4.0,0.0
104907,Cash loans,F,N,Y,1,90000.0,474408.0,24349.5,396000.0,Unaccompanied,Commercial associate,Secondary / secondary special,Single / not married,House / apartment,0.00496,-11518,-4544.0,-3099.0,-3393,1,1,0,1,0,0,2.0,2,2,MONDAY,10,0,0,0,0,1,1,Industry: type 3,0.23506202,0.6894792,0.0,0.0,0.0,0.0,-990.0,0,1,0,0,0,0,0,0,0,0,0,0,0,0,0,0,0,0,0,0,0.0,0.0,0.0,0.0,0.0,1.0,57408.75,229635.0,0.0,0.0,3827.25,15309.0,1.0,0.0,-698.5,-1356.0,-263.0,1.0,1.0,1.0,94945.5,59971.5,6.0,0.0,0.0,0.0,-11.333333,-8.0,65999.925,65999.925,1.0,0.0
104913,Cash loans,F,N,N,0,90000.0,296280.0,23409.0,225000.0,Unaccompanied,Commercial associate,Secondary / secondary special,Married,House / apartment,0.010006,-19471,-5351.0,-7028.0,-1669,1,1,1,1,0,0,2.0,2,2,WEDNESDAY,8,0,0,0,0,0,0,Other,0.3504423,,0.0,0.0,0.0,0.0,-311.0,0,1,0,0,0,0,0,0,0,0,0,0,0,0,0,0,0,0,0,0,,,,,,,,,,,,,,,,,,,2.0,1.0,185463.0,175511.25,9.0,0.0,0.0,0.0,-9.555555,-4.0,241716.24,241716.24,1.0,0.0
104916,Cash loans,F,N,N,2,67500.0,135000.0,11542.5,135000.0,Unaccompanied,Working,Secondary / secondary special,Single / not married,With parents,0.019101,-11661,-3288.0,-1228.0,-3855,1,1,1,1,0,0,3.0,2,2,TUESDAY,10,0,0,0,0,0,0,Agriculture,0.6579411,0.3842068,0.0,0.0,0.0,0.0,-418.0,0,1,0,0,0,0,0,0,0,0,0,0,0,0,0,0,0,0,0,0,0.0,0.0,0.0,0.0,0.0,0.0,100798.5,302395.5,0.0,0.0,10581.0,31743.0,1.0,0.0,-456.6666666666667,-629.0,-201.0,1.0,4.0,3.0,33943.5,36335.25,19.0,-1137.4792105263157,-5400.0,0.0,-5.8421054,20.0,95083.92,116696.025,2.0,6.0
104921,Cash loans,M,N,Y,1,135000.0,539100.0,27652.5,450000.0,"Spouse, partner",Working,Secondary / secondary special,Married,House / apartment,0.022625,-12640,-290.0,-10373.0,-4748,1,1,0,1,0,0,3.0,2,2,THURSDAY,14,0,0,0,0,0,0,Business Entity Type 3,0.7578016,0.7958031,1.0,1.0,1.0,1.0,-1091.0,0,1,0,0,0,0,0,0,0,0,0,0,0,0,0,0,0,0,0,0,0.0,0.0,0.0,0.0,0.0,2.0,338060.43,1352241.72,0.0,0.0,130579.875,522319.5,2.0,0.0,-1435.0,-2519.0,-762.0,2.0,4.0,2.0,23064.75,19435.5,14.0,0.0,0.0,0.0,-13.5,-1.0,66672.945,66672.945,2.0,0.0
104930,Cash loans,F,N,N,0,112500.0,739440.0,23980.5,585000.0,Unaccompanied,State servant,Secondary / secondary special,Married,House / apartment,0.006233,-17615,-381.0,-1342.0,-1062,1,1,1,1,1,0,2.0,2,2,TUESDAY,11,0,0,0,0,0,0,Self-employed,0.59602326,,0.0,0.0,0.0,0.0,-2851.0,0,1,0,0,0,0,0,0,0,0,0,0,0,0,0,0,0,0,0,0,,,,,,,,,,,,,,,,,,,3.0,2.0,129733.5,193363.5,116.0,0.0,0.0,0.0,-1.5344827,2.0,262617.66000000003,262617.66000000003,2.0,0.0
104931,Cash loans,F,N,Y,1,135000.0,237024.0,17374.5,180000.0,Unaccompanied,Commercial associate,Secondary / secondary special,Single / not married,House / apartment,0.007274,-13410,-533.0,-7563.0,-3150,1,1,0,1,1,0,2.0,2,2,MONDAY,17,0,0,0,0,0,0,Other,0.052538373,0.35729328,1.0,0.0,1.0,0.0,-703.0,0,1,0,0,0,0,0,0,0,0,0,0,0,0,0,0,0,0,0,0,0.0,0.0,0.0,0.0,1.0,3.0,36135.0,36135.0,0.0,0.0,0.0,0.0,1.0,0.0,-494.0,-494.0,-494.0,1.0,6.0,3.0,73117.5,77379.0,33.0,0.0,0.0,0.0,-6.3030305,0.0,415389.6,415389.6,2.0,0.0
104936,Cash loans,M,Y,Y,0,157500.0,540000.0,22878.0,540000.0,,Commercial associate,Secondary / secondary special,Married,House / apartment,0.011703,-11643,-3452.0,-5245.0,-4234,1,1,0,1,0,0,2.0,2,2,MONDAY,8,0,0,0,0,1,1,Self-employed,0.6231295,0.6594055,0.0,0.0,0.0,0.0,-432.0,0,1,0,0,0,0,0,0,0,0,0,0,0,0,0,0,0,0,0,0,0.0,0.0,0.0,0.0,0.0,3.0,184078.5,552235.5,0.0,0.0,0.0,0.0,0.0,0.0,-1883.6666666666667,-2922.0,-884.0,1.0,7.0,3.0,244903.5,261182.57142857142,23.0,-195.64043478260868,-4291.65,0.0,36.173912,1124.0,342288.765,346788.495,3.0,1109.0
104937,Cash loans,M,Y,Y,0,292500.0,732915.0,86980.5,675000.0,Unaccompanied,Working,Secondary / secondary special,Married,House / apartment,0.018029,-16000,-2695.0,-6154.0,-4411,1,1,1,1,1,0,2.0,3,3,TUESDAY,5,0,0,0,0,0,0,Business Entity Type 3,0.4439729,0.6986675,0.0,0.0,0.0,0.0,-15.0,0,0,0,0,0,0,1,0,0,0,0,0,0,0,0,0,0,0,0,0,0.0,0.0,0.0,0.0,0.0,0.0,80989.3125,161978.625,0.0,0.0,0.0,0.0,0.0,0.0,-844.0,-1253.0,-435.0,1.0,4.0,3.0,74005.875,64654.875,10.0,6750.0,0.0,41349.195,-9.5,1.0,346727.475,279227.475,3.0,0.0
104942,Cash loans,F,N,Y,0,265500.0,534204.0,37309.5,495000.0,Unaccompanied,Commercial associate,Secondary / secondary special,Married,House / apartment,0.00702,-12923,-3299.0,-697.0,-4364,1,1,0,1,0,0,2.0,2,2,SATURDAY,13,0,0,0,0,0,0,Business Entity Type 3,0.5760476,0.832785,2.0,0.0,2.0,0.0,-1090.0,0,1,0,0,0,0,0,0,0,0,0,0,0,0,0,0,0,0,0,0,0.0,0.0,0.0,0.0,0.0,5.0,48183.0,289098.0,0.0,0.0,0.0,0.0,0.0,0.0,-2616.1666666666665,-2916.0,-2190.0,2.0,8.0,7.0,143749.524375,194423.461875,78.0,-1371.5971153846153,-28784.7,32444.415,-16.128204,3.0,1551679.47,1658664.045,7.0,0.0
104943,Cash loans,F,Y,Y,0,157500.0,595453.5,28777.5,445500.0,Unaccompanied,Commercial associate,Secondary / secondary special,Married,House / apartment,0.010276,-19722,-1001.0,-12025.0,-3216,1,1,0,1,0,0,2.0,2,2,SATURDAY,14,0,0,0,0,0,0,Business Entity Type 3,0.6568576,0.51369375,4.0,0.0,4.0,0.0,-1659.0,0,1,0,0,0,0,0,0,0,0,0,0,0,0,0,0,0,0,0,0,0.0,0.0,0.0,0.0,0.0,0.0,427871.55,2567229.3,0.0,0.0,164693.7,823468.5,3.0,0.0,-938.3333333333334,-1384.0,-377.0,3.0,9.0,4.0,388018.94999999995,431148.5,90.0,12939.194,0.0,206579.07,-10.566667,0.0,3436453.08,2271925.62,3.0,0.0
104969,Cash loans,F,N,Y,4,157500.0,301464.0,22068.0,238500.0,Family,Working,Secondary / secondary special,Married,Municipal apartment,0.00823,-17409,-620.0,-5067.0,-945,1,1,0,1,0,1,6.0,2,2,THURSDAY,13,0,0,0,0,0,0,University,0.34190974,0.6722429,0.0,0.0,0.0,0.0,-420.0,0,1,0,0,0,0,0,0,0,0,0,0,0,0,0,0,0,0,0,0,0.0,0.0,0.0,0.0,1.0,0.0,142200.0,142200.0,0.0,0.0,0.0,0.0,0.0,0.0,-523.0,-523.0,-523.0,1.0,1.0,1.0,144585.0,144585.0,12.0,0.0,0.0,0.0,-8.083333,1.0,164737.89,164737.89,1.0,0.0
104972,Cash loans,F,N,N,0,112500.0,194922.0,15759.0,157500.0,Unaccompanied,Working,Secondary / secondary special,Single / not married,House / apartment,0.006629,-15796,-646.0,-2700.0,-4914,1,1,1,1,1,0,1.0,2,2,TUESDAY,5,0,0,0,1,1,0,Business Entity Type 3,0.099197865,0.35069585,0.0,0.0,0.0,0.0,-1009.0,0,1,0,0,0,0,0,0,0,0,0,0,0,0,0,0,0,0,0,0,0.0,0.0,0.0,0.0,2.0,3.0,53473.5,53473.5,0.0,0.0,0.0,0.0,0.0,0.0,-609.0,-609.0,-609.0,1.0,8.0,5.0,95351.0625,84351.9375,39.0,0.0,0.0,0.0,-7.076923,0.0,850457.88,850457.88,3.0,0.0
104988,Cash loans,M,N,Y,0,247500.0,338832.0,26901.0,292500.0,Unaccompanied,Commercial associate,Secondary / secondary special,Married,House / apartment,0.04622,-13707,-3269.0,-6288.0,-534,1,1,0,1,0,0,2.0,1,1,SATURDAY,14,0,0,0,0,0,0,Industry: type 1,0.4183267,0.4830502,0.0,0.0,0.0,0.0,-179.0,0,1,0,0,0,0,0,0,0,0,0,0,0,0,0,0,0,0,0,0,0.0,0.0,0.0,0.0,0.0,2.0,729540.5625,5836324.5,0.0,0.0,355879.28571428574,2491155.0,3.0,0.0,-1187.125,-2643.0,-270.0,2.0,8.0,4.0,78426.0,94329.0,29.0,1974.9848275862068,0.0,47742.075,-18.862068,-1.0,527483.115,470208.555,4.0,0.0
105013,Cash loans,F,N,Y,0,157500.0,725328.0,27472.5,540000.0,Family,Working,Secondary / secondary special,Married,Co-op apartment,0.031329,-20155,-3522.0,-11918.0,-3680,1,1,0,1,0,0,2.0,2,2,SUNDAY,10,0,0,0,0,1,1,Housing,0.61033213,0.71803284,12.0,3.0,12.0,1.0,-1761.0,0,1,0,0,0,0,0,0,0,0,0,0,0,0,0,0,0,0,0,0,0.0,0.0,0.0,0.0,3.0,1.0,274969.5,824908.5,0.0,0.0,0.0,0.0,0.0,0.0,-1765.0,-2498.0,-1016.0,1.0,5.0,5.0,258595.2,263677.5,26.0,24300.0,0.0,238918.05,-10.192307,0.0,1715018.085,1083218.085,4.0,0.0
105015,Cash loans,F,N,N,0,112500.0,710640.0,70416.0,675000.0,Unaccompanied,Working,Secondary / secondary special,Married,House / apartment,0.019101,-19907,-4964.0,-5974.0,-3450,1,1,0,1,0,0,2.0,2,2,TUESDAY,10,0,0,0,0,0,0,Agriculture,0.595307,0.63470554,5.0,0.0,5.0,0.0,0.0,0,1,0,0,0,0,0,0,0,0,0,0,0,0,0,0,0,0,0,0,0.0,0.0,0.0,0.0,0.0,1.0,101002.5,101002.5,0.0,0.0,69669.0,69669.0,1.0,0.0,-91.0,-91.0,-91.0,1.0,5.0,3.0,48538.8,59445.0,126.0,-60.852857142857154,-6749.7300000000005,0.0,-1.5873016,17.0,393425.10000000003,401092.56,2.0,0.0
105019,Cash loans,F,N,Y,0,202500.0,332946.0,16146.0,238500.0,Unaccompanied,Pensioner,Secondary / secondary special,Married,House / apartment,0.018634,-21492,,-2443.0,-4639,1,0,0,1,0,0,2.0,2,2,WEDNESDAY,9,0,0,0,0,0,0,XNA,0.5048181,0.4632753,0.0,0.0,0.0,0.0,-1282.0,0,1,0,0,0,0,0,0,0,0,0,0,0,0,0,0,0,0,0,0,0.0,0.0,0.0,0.0,0.0,0.0,15300.0,76500.0,0.0,0.0,4567.5,22837.5,1.0,0.0,-50.2,-104.0,-2.0,1.0,5.0,5.0,149163.3,149971.5,20.0,0.0,0.0,0.0,-10.75,-1.0,595102.14,595102.14,4.0,0.0
105027,Cash loans,F,N,N,0,135000.0,248877.0,12834.0,189000.0,Unaccompanied,Pensioner,Secondary / secondary special,Single / not married,Municipal apartment,0.009334,-22675,,-773.0,-4742,1,0,0,1,0,0,1.0,2,2,TUESDAY,11,0,0,0,0,0,0,XNA,0.25597,0.7091891,8.0,0.0,8.0,0.0,0.0,0,0,0,0,1,0,0,0,0,0,0,0,0,0,0,0,0,0,0,0,0.0,0.0,0.0,0.0,0.0,2.0,1118250.0,2236500.0,0.0,0.0,499027.5,998055.0,1.0,0.0,-1015.5,-1468.0,-563.0,1.0,2.0,2.0,113726.25,104982.75,21.0,1054.5921428571426,-6423.75,30342.059999999998,-6.7619047,27.0,216050.85,193904.415,2.0,5.0
105030,Cash loans,M,N,N,2,180000.0,630000.0,32296.5,630000.0,Unaccompanied,Working,Higher education,Married,House / apartment,0.026392,-12537,-324.0,-646.0,-2565,1,1,0,1,0,0,4.0,2,2,WEDNESDAY,12,0,0,0,0,0,0,Other,0.53739655,,0.0,0.0,0.0,0.0,-1.0,0,0,0,1,0,0,0,0,0,0,0,0,0,0,0,0,0,0,0,0,0.0,0.0,0.0,0.0,1.0,0.0,72572.85,145145.7,0.0,0.0,0.0,0.0,0.0,0.0,-1066.0,-1866.0,-266.0,1.0,1.0,1.0,87858.0,95589.0,10.0,0.0,0.0,0.0,-5.5,-2.0,105115.5,105115.5,1.0,0.0
105035,Cash loans,M,Y,N,0,67500.0,312840.0,24844.5,247500.0,Unaccompanied,Working,Secondary / secondary special,Married,Municipal apartment,0.020713,-11141,-1362.0,-5122.0,-3700,1,1,0,1,0,1,2.0,3,3,MONDAY,7,0,0,0,0,1,1,Construction,0.12650836,0.38591468,3.0,1.0,3.0,1.0,-190.0,0,1,0,0,0,0,0,0,0,0,0,0,0,0,0,0,0,0,0,0,0.0,0.0,0.0,0.0,0.0,4.0,238603.095,1431618.57,0.0,0.0,148887.75,893326.5,3.0,0.0,-1062.0,-1272.0,-599.0,2.0,10.0,2.0,40961.7,49343.4,27.0,0.0,0.0,0.0,-19.851852,0.0,176388.435,176388.435,2.0,0.0
105041,Cash loans,F,N,Y,0,112500.0,278460.0,21676.5,225000.0,Family,Pensioner,Secondary / secondary special,Civil marriage,House / apartment,0.005084,-22151,,-2733.0,-4547,1,0,0,1,0,0,2.0,2,2,MONDAY,12,0,0,0,0,0,0,XNA,0.65939635,0.69409263,23.0,0.0,23.0,0.0,-202.0,0,0,0,0,1,0,0,0,0,0,0,0,0,0,0,0,0,0,0,0,0.0,0.0,0.0,0.0,1.0,0.0,50723.29285714286,355063.05,0.0,0.0,19407.130714285715,135849.915,3.0,0.0,-1009.0,-2152.0,-293.0,2.0,1.0,1.0,67455.0,47623.5,6.0,0.0,0.0,0.0,-3.0,1.0,55162.619999999995,55162.619999999995,1.0,0.0
105051,Cash loans,M,Y,N,0,180000.0,399559.5,36774.0,342000.0,Unaccompanied,Working,Secondary / secondary special,Single / not married,With parents,0.00496,-11188,-1726.0,-4715.0,-516,1,1,0,1,0,0,1.0,2,2,TUESDAY,9,0,0,0,0,0,0,Self-employed,0.56872046,,0.0,0.0,0.0,0.0,-339.0,0,0,0,0,0,0,1,0,0,0,0,0,0,0,0,0,0,0,0,0,,,,,,,,,,,,,,,,,,,1.0,1.0,107365.5,118705.5,14.0,-3120.8335714285713,-14471.55,0.0,2.0,28.0,160202.79,203894.46,1.0,16.0
105056,Cash loans,F,N,Y,0,85500.0,52128.0,5602.5,45000.0,Family,Pensioner,Secondary / secondary special,Married,House / apartment,0.018634,-24893,,-10269.0,-4764,1,0,0,1,0,0,2.0,2,2,FRIDAY,11,0,0,0,0,0,0,XNA,0.47184983,,7.0,2.0,7.0,1.0,-441.0,0,0,0,0,1,0,0,0,0,0,0,0,0,0,0,0,0,0,0,0,,,,,,,,,,,,,,,,,,,3.0,2.0,145912.5,145912.5,14.0,0.0,0.0,0.0,-8.071428,-4.0,128475.27,128475.27,1.0,0.0
105067,Cash loans,M,Y,Y,0,117000.0,473841.0,37566.0,387000.0,Unaccompanied,Working,Secondary / secondary special,Single / not married,House / apartment,0.022625,-8489,-915.0,-8489.0,-1130,1,1,0,1,0,1,1.0,2,2,TUESDAY,8,0,0,0,0,1,1,Self-employed,0.07286744,0.11761373,0.0,0.0,0.0,0.0,-5.0,0,1,0,0,0,0,0,0,0,0,0,0,0,0,0,0,0,0,0,0,0.0,0.0,0.0,0.0,0.0,3.0,47346.75,94693.5,0.0,0.0,27058.5,54117.0,1.0,0.0,-155.0,-168.0,-142.0,1.0,3.0,2.0,91101.0,87201.0,11.0,0.0,0.0,0.0,-17.636364,-4.0,198717.03,198717.03,2.0,0.0
105071,Cash loans,F,N,N,0,135000.0,450000.0,35554.5,450000.0,Unaccompanied,Working,Secondary / secondary special,Single / not married,House / apartment,0.026392,-9337,-209.0,-3973.0,-1999,1,1,1,1,0,1,1.0,2,2,FRIDAY,15,0,0,0,0,0,0,Business Entity Type 3,0.5719624,0.34905526,1.0,0.0,1.0,0.0,-342.0,0,1,0,0,0,0,0,0,0,0,0,0,0,0,0,0,0,0,0,0,0.0,0.0,0.0,0.0,1.0,0.0,57547.92857142857,402835.5,0.0,0.0,0.0,0.0,0.0,0.0,-1303.0,-2506.0,-457.0,2.0,1.0,1.0,146202.75,131580.0,5.0,0.0,0.0,0.0,-11.0,-8.0,145920.825,145920.825,1.0,0.0
105072,Cash loans,F,N,Y,0,157500.0,130320.0,13018.5,112500.0,Other_B,Pensioner,Secondary / secondary special,Single / not married,House / apartment,0.020713,-20880,,-9895.0,-4231,1,0,0,1,0,0,1.0,3,2,TUESDAY,8,0,0,0,0,0,0,XNA,0.6587822,,0.0,0.0,0.0,0.0,-500.0,0,0,0,0,1,0,0,0,0,0,0,0,0,0,0,0,0,0,0,0,0.0,0.0,0.0,0.0,0.0,0.0,23040.0,23040.0,0.0,0.0,,0.0,0.0,0.0,-2282.0,-2282.0,-2282.0,1.0,5.0,3.0,87703.2,94186.8,47.0,0.0,0.0,0.0,-19.787233,7.0,470674.8,470674.8,3.0,0.0
105074,Cash loans,M,N,N,0,112500.0,481320.0,20362.5,315000.0,Unaccompanied,State servant,Secondary / secondary special,Single / not married,House / apartment,0.019101,-9363,-1443.0,-5909.0,-2039,1,1,1,1,1,0,1.0,2,2,FRIDAY,17,0,0,0,0,0,0,Business Entity Type 3,0.35907665,0.37571102,0.0,0.0,0.0,0.0,-541.0,0,1,0,0,0,0,0,0,0,0,0,0,0,0,0,0,0,0,0,0,0.0,0.0,0.0,0.0,0.0,2.0,162287.55899999998,811437.7949999999,0.0,0.0,152623.5,457870.5,2.0,0.0,-493.6,-756.0,-211.0,2.0,2.0,2.0,58063.5,61818.75,10.0,0.0,0.0,0.0,-12.9,0.0,85192.60500000001,85192.60500000001,1.0,0.0
105091,Cash loans,M,Y,N,1,67500.0,270000.0,17383.5,270000.0,Unaccompanied,Working,Secondary / secondary special,Married,House / apartment,0.00712,-19043,-2306.0,-3848.0,-2449,1,1,1,1,0,0,3.0,2,2,MONDAY,17,0,0,0,0,0,0,Self-employed,0.6272033,,11.0,0.0,11.0,0.0,-1845.0,0,1,0,0,0,0,0,0,0,0,0,0,0,0,0,0,0,0,0,0,,,,,,,,,,,,,,,,,,,3.0,3.0,54600.0,55231.5,16.0,0.0,0.0,0.0,-17.4375,-7.0,130596.48,130596.48,2.0,0.0
105101,Cash loans,F,N,Y,0,315000.0,792162.0,40446.0,630000.0,Unaccompanied,State servant,Secondary / secondary special,Married,House / apartment,0.072508,-15550,-581.0,-4256.0,-3371,1,1,1,1,1,0,2.0,1,1,TUESDAY,11,0,0,0,0,0,0,School,0.68323416,0.5406544,4.0,0.0,4.0,0.0,-814.0,0,1,0,0,0,0,0,0,0,0,0,0,0,0,0,0,0,0,0,0,0.0,0.0,0.0,1.0,1.0,0.0,253105.94999999998,759317.85,0.0,0.0,12612.0,37836.0,1.0,0.0,-1275.0,-1840.0,-353.0,1.0,5.0,3.0,59384.7,54762.3,49.0,0.0,0.0,0.0,-3.4285715,5.0,542746.845,542746.845,2.0,0.0
105103,Cash loans,F,Y,Y,0,135000.0,301464.0,19395.0,238500.0,Unaccompanied,Working,Higher education,Civil marriage,House / apartment,0.035792,-11314,-424.0,-5295.0,-2697,1,1,0,1,0,0,2.0,2,2,MONDAY,11,0,0,0,1,1,0,Business Entity Type 3,0.6602602,0.5691488,1.0,0.0,1.0,0.0,-914.0,0,0,0,0,0,0,1,0,0,0,0,0,0,0,0,0,0,0,0,0,0.0,0.0,0.0,0.0,0.0,1.0,80950.5,80950.5,0.0,0.0,0.0,0.0,0.0,0.0,-615.0,-615.0,-615.0,1.0,2.0,1.0,77262.75,77262.75,6.0,0.0,0.0,0.0,-5.6666665,0.0,70831.485,70831.485,1.0,0.0
105134,Cash loans,M,Y,Y,1,180000.0,1066320.0,38299.5,900000.0,Family,Commercial associate,Secondary / secondary special,Married,House / apartment,0.030755,-14939,-1213.0,-7647.0,-4419,1,1,0,1,0,0,3.0,2,2,SATURDAY,17,0,0,0,0,0,0,Business Entity Type 3,0.5724121,0.6594055,0.0,0.0,0.0,0.0,-2215.0,0,1,0,0,0,0,0,0,0,0,0,0,0,0,0,0,0,0,0,0,0.0,0.0,0.0,0.0,0.0,5.0,67204.31999999999,201612.96,0.0,0.0,30870.645,92611.935,1.0,0.0,-1041.6666666666667,-1820.0,-187.0,1.0,7.0,5.0,40917.857142857145,42496.71428571428,58.0,0.0,0.0,0.0,-15.672414,7.0,380463.3,380463.3,6.0,5.0
105139,Cash loans,F,N,Y,1,135000.0,352422.0,27400.5,315000.0,Unaccompanied,Commercial associate,Secondary / secondary special,Separated,House / apartment,0.011703,-14229,-691.0,-1244.0,-4982,1,1,0,1,0,0,2.0,2,2,TUESDAY,17,0,0,0,0,0,0,Business Entity Type 3,0.6428068,0.69255906,0.0,0.0,0.0,0.0,0.0,0,1,0,0,0,0,0,0,0,0,0,0,0,0,0,0,0,0,0,0,0.0,0.0,0.0,0.0,0.0,1.0,60476.4,241905.6,0.0,0.0,12192.75,48771.0,1.0,0.0,-994.5,-1638.0,-117.0,1.0,3.0,3.0,148642.5,135540.0,25.0,2285.4672,0.0,14756.445,-16.4,-1.0,446304.555,389167.875,2.0,0.0
105142,Cash loans,M,N,N,0,270000.0,104256.0,10813.5,90000.0,Unaccompanied,Commercial associate,Secondary / secondary special,Married,With parents,0.035792,-11981,-87.0,-5668.0,-4389,1,1,0,1,0,0,2.0,2,2,WEDNESDAY,14,1,0,1,1,0,1,Business Entity Type 2,0.36656347,0.39794633,1.0,0.0,1.0,0.0,-68.0,0,1,0,0,0,0,0,0,0,0,0,0,0,0,0,0,0,0,0,0,0.0,0.0,0.0,0.0,0.0,1.0,377320.68,2263924.08,0.0,0.0,319818.375,1279273.5,2.0,0.0,-994.0,-2126.0,-188.0,2.0,2.0,1.0,12127.5,10914.75,109.0,-12.54302752293578,-1353.96,0.0,-0.36697248,86.0,134128.8,135495.99,1.0,0.0
105146,Cash loans,M,Y,Y,1,360000.0,746280.0,59094.0,675000.0,Unaccompanied,Working,Secondary / secondary special,Married,House / apartment,0.04622,-14194,-785.0,-1430.0,-685,1,1,0,1,0,1,3.0,1,1,THURSDAY,12,0,0,0,0,1,1,Business Entity Type 3,0.66584426,0.5691488,2.0,0.0,2.0,0.0,-353.0,0,0,0,0,0,0,1,0,0,0,0,0,0,0,0,0,0,0,0,0,0.0,0.0,0.0,0.0,0.0,2.0,1290865.5,5163462.0,0.0,0.0,470169.0,1410507.0,3.0,0.0,-953.25,-1756.0,-322.0,3.0,4.0,3.0,76477.5,76477.5,11.0,0.0,0.0,0.0,-13.181818,-8.0,152268.435,152268.435,1.0,0.0
105163,Cash loans,M,N,Y,0,216000.0,900000.0,46084.5,900000.0,Unaccompanied,Commercial associate,Secondary / secondary special,Married,House / apartment,0.026392,-16601,-6497.0,-9120.0,-139,1,1,0,1,0,0,2.0,2,2,TUESDAY,12,0,0,0,0,0,0,Government,0.72104937,0.52629495,0.0,0.0,0.0,0.0,-334.0,0,1,0,0,0,0,0,0,0,0,0,0,0,0,0,0,0,0,0,0,0.0,0.0,0.0,0.0,0.0,2.0,398472.64285714284,8367925.5,0.0,0.0,123665.99625,2473319.925,3.0,0.0,-765.7619047619048,-2911.0,-23.0,3.0,4.0,1.0,39093.75,37434.375,7.0,0.0,0.0,0.0,-14.571428,0.0,65539.575,65539.575,1.0,0.0
105168,Cash loans,M,N,Y,1,225000.0,983160.0,62964.0,900000.0,Family,Commercial associate,Secondary / secondary special,Married,House / apartment,0.019689,-16816,-3649.0,-710.0,-352,1,1,0,1,0,0,3.0,2,2,FRIDAY,8,0,0,0,1,1,0,Industry: type 5,0.5663965,0.44717857,0.0,0.0,0.0,0.0,-1114.0,0,1,0,0,0,0,0,0,0,0,0,0,0,0,0,0,0,0,0,0,0.0,0.0,0.0,0.0,1.0,2.0,1037250.0,2074500.0,0.0,0.0,17860.5,35721.0,1.0,0.0,-1102.5,-1103.0,-1102.0,1.0,5.0,1.0,540000.0,562453.2,30.0,-2088.6855,-60274.845,0.0,-4.7,2.0,2225947.6350000002,2288608.2,1.0,0.0
105172,Cash loans,F,N,Y,0,180000.0,1298970.0,46786.5,1147500.0,Unaccompanied,Commercial associate,Higher education,Widow,House / apartment,0.010276,-20550,-1008.0,-3418.0,-4055,1,1,0,1,0,0,1.0,2,2,WEDNESDAY,13,0,0,0,0,0,0,Medicine,0.8031075,0.4258929,2.0,0.0,2.0,0.0,-2658.0,0,0,0,0,1,0,0,0,0,0,0,0,0,0,0,0,0,0,0,0,0.0,0.0,0.0,0.0,0.0,1.0,214785.44999999998,1503498.15,0.0,0.0,14893.2,74466.0,2.0,0.0,-2172.5714285714284,-2718.0,-1589.0,2.0,1.0,1.0,31401.0,23067.0,6.0,0.0,0.0,0.0,-17.166666,-14.0,27765.135000000002,27765.135000000002,1.0,0.0
105176,Cash loans,F,Y,N,0,247500.0,450000.0,32877.0,450000.0,Unaccompanied,Working,Secondary / secondary special,Separated,House / apartment,0.018029,-8206,-892.0,-5669.0,-371,1,1,1,1,0,1,1.0,3,3,FRIDAY,5,0,0,0,0,0,0,School,0.37664813,0.11319635,1.0,0.0,1.0,0.0,-462.0,0,1,0,0,0,0,0,0,0,0,0,0,0,0,0,0,0,0,0,0,0.0,0.0,0.0,1.0,2.0,2.0,347511.88636363635,3822630.75,0.0,0.0,23734.5,213610.5,4.0,0.0,-817.0909090909091,-1266.0,-255.0,2.0,10.0,4.0,91838.7,98049.6,49.0,0.0,0.0,0.0,-6.428571,0.0,985206.87,985206.87,3.0,0.0
105195,Cash loans,F,N,N,0,90000.0,285430.5,22234.5,255123.0,Unaccompanied,State servant,Secondary / secondary special,Separated,House / apartment,0.00963,-19643,-4354.0,-435.0,-3206,1,1,1,1,0,0,1.0,2,2,MONDAY,12,0,0,0,0,0,0,Government,0.45540693,0.508287,2.0,0.0,2.0,0.0,-2224.0,0,1,0,0,0,0,0,0,0,0,0,0,0,0,0,0,0,0,0,0,0.0,0.0,0.0,0.0,0.0,1.0,124500.0,373500.0,0.0,0.0,5536.5,16609.5,2.0,0.0,-491.6666666666667,-916.0,-224.0,2.0,1.0,1.0,33066.0,32706.0,5.0,0.0,0.0,0.0,-15.8,-10.0,42068.925,42068.925,1.0,0.0
105196,Cash loans,M,N,Y,0,180000.0,543037.5,43033.5,463500.0,Unaccompanied,Working,Secondary / secondary special,Married,House / apartment,0.035792,-13089,-1318.0,-632.0,-4740,1,1,0,1,0,0,2.0,2,2,THURSDAY,10,0,0,0,0,1,1,Transport: type 4,0.55417305,0.25670558,0.0,0.0,0.0,0.0,-245.0,0,1,0,0,0,0,0,0,0,0,0,0,0,0,0,0,0,0,0,0,0.0,0.0,0.0,0.0,1.0,0.0,58492.395,233969.58,0.0,0.0,35939.25,143757.0,2.0,0.0,-579.75,-915.0,-105.0,2.0,1.0,1.0,249007.5,243004.5,2.0,0.0,0.0,0.0,-1.5,-1.0,257984.23500000002,257984.23500000002,1.0,0.0
105197,Cash loans,F,N,Y,0,103500.0,248760.0,25488.0,225000.0,Unaccompanied,Pensioner,Higher education,Widow,House / apartment,0.035792,-24644,,-1333.0,-4816,1,0,0,1,0,0,1.0,2,2,SATURDAY,12,0,0,0,0,0,0,XNA,0.6323274,0.7136314,0.0,0.0,0.0,0.0,-413.0,0,1,0,0,0,0,0,0,0,0,0,0,0,0,0,0,0,0,0,0,0.0,0.0,0.0,0.0,0.0,2.0,94770.0,284310.0,0.0,0.0,0.0,0.0,0.0,0.0,-1189.6666666666667,-1775.0,-418.0,2.0,4.0,3.0,80392.5,87547.5,34.0,569.6139705882352,-4261.320000000001,30647.07,-5.0588236,34.0,359435.115,340068.24,3.0,25.0
105203,Cash loans,F,Y,Y,0,180000.0,582804.0,31747.5,463500.0,Unaccompanied,Working,Secondary / secondary special,Civil marriage,House / apartment,0.008866,-18716,-2441.0,-8019.0,-2086,1,1,0,1,0,0,2.0,2,2,MONDAY,12,0,0,0,0,0,0,Restaurant,0.7057568,0.44896227,0.0,0.0,0.0,0.0,-1795.0,0,1,0,0,0,0,0,0,0,0,0,0,0,0,0,0,0,0,0,0,0.0,0.0,0.0,0.0,2.0,8.0,392082.3,1960411.5,0.0,0.0,187218.0,936090.0,2.0,0.0,-770.8,-1761.0,-195.0,1.0,11.0,7.0,97362.0,131089.9090909091,185.0,-23.254297297297306,-9686.7,15406.515,-12.567568,18.0,1913218.065,1917520.11,5.0,0.0
105223,Cash loans,F,Y,Y,1,256500.0,746280.0,41670.0,675000.0,Unaccompanied,Working,Secondary / secondary special,Single / not married,House / apartment,0.018801,-18066,-1326.0,-4975.0,-1603,1,1,0,1,0,1,2.0,2,2,TUESDAY,15,0,0,0,0,0,0,Business Entity Type 3,0.5385108,0.22258076,1.0,0.0,1.0,0.0,-2110.0,0,1,0,0,0,0,0,0,0,0,0,0,0,0,0,0,0,0,0,0,0.0,0.0,0.0,0.0,0.0,1.0,595252.305,3571513.83,0.0,0.0,112491.0,449964.0,3.0,0.0,-725.5,-1815.0,-309.0,1.0,6.0,2.0,144807.0,165498.75,12.0,-619.035,-7424.1,0.0,-15.25,4.0,70381.755,77810.175,2.0,0.0
105227,Cash loans,F,N,Y,0,85500.0,295168.5,16141.5,238500.0,Unaccompanied,Pensioner,Secondary / secondary special,Civil marriage,House / apartment,0.025164,-20225,,-26.0,-3626,1,0,0,1,0,0,2.0,2,2,TUESDAY,9,0,0,0,0,0,0,XNA,0.11141335,,0.0,0.0,0.0,0.0,0.0,0,0,0,0,1,0,0,0,0,0,0,0,0,0,0,0,0,0,0,0,0.0,0.0,0.0,0.0,0.0,0.0,13500.0,13500.0,0.0,0.0,0.0,0.0,0.0,0.0,-28.0,-28.0,-28.0,1.0,7.0,2.0,200378.57142857142,213208.7142857143,11.0,0.0,0.0,0.0,-2.6363637,0.0,79668.99,79668.99,1.0,0.0
105228,Cash loans,F,Y,Y,1,157500.0,382500.0,19660.5,382500.0,Unaccompanied,State servant,Secondary / secondary special,Married,House / apartment,0.01885,-15790,-1955.0,-7665.0,-4901,1,1,1,1,1,0,3.0,2,2,WEDNESDAY,11,0,0,0,0,0,0,Medicine,0.73375237,0.73801965,3.0,0.0,3.0,0.0,-1205.0,0,1,0,0,0,0,0,0,0,0,0,0,0,0,0,0,0,0,0,0,0.0,0.0,0.0,0.0,0.0,5.0,407498.4,2037492.0,0.0,0.0,0.0,0.0,0.0,0.0,-1365.8,-1828.0,-740.0,1.0,7.0,3.0,466070.78571428574,520938.0,33.0,40228.01863636364,0.0,1167650.19,-14.484848,-2.0,2857461.84,1529937.2249999999,2.0,0.0
105230,Cash loans,M,N,Y,0,58500.0,207396.0,10719.0,157500.0,Other_B,Pensioner,Lower secondary,Single / not married,House / apartment,0.031329,-23263,,-1973.0,-4529,1,0,0,1,0,0,1.0,2,2,MONDAY,11,0,0,0,0,0,0,XNA,0.15714295,,0.0,0.0,0.0,0.0,0.0,0,1,0,0,0,0,0,0,0,0,0,0,0,0,0,0,0,0,0,0,,,,,,,,,,,,,,,,,,,2.0,2.0,130500.0,130304.25,26.0,0.0,0.0,0.0,-17.846153,0.0,192511.665,192511.665,3.0,0.0
105231,Cash loans,M,N,N,0,180000.0,790830.0,62613.0,675000.0,Unaccompanied,Working,Secondary / secondary special,Single / not married,House / apartment,0.015221,-8850,-280.0,-3129.0,-1544,1,1,0,1,0,0,1.0,2,2,THURSDAY,12,1,1,1,1,0,0,Security,0.63607126,,0.0,0.0,0.0,0.0,-681.0,0,0,0,1,0,0,0,0,0,0,0,0,0,0,0,0,0,0,0,0,,,,,,,,,,,,,,,,,,,1.0,1.0,90515.025,72414.0,3.0,0.0,0.0,0.0,-25.0,-7.0,75002.445,75002.445,1.0,0.0
105239,Cash loans,M,N,N,0,360000.0,1350000.0,46926.0,1350000.0,Unaccompanied,Working,Higher education,Married,House / apartment,0.006629,-16270,-9256.0,-1479.0,-863,1,1,0,1,1,1,2.0,2,2,TUESDAY,11,0,0,0,0,0,0,Other,0.502216,0.60238636,0.0,0.0,0.0,0.0,-2294.0,0,1,0,0,0,0,0,0,0,0,0,0,0,0,0,0,0,0,0,0,0.0,0.0,0.0,0.0,1.0,0.0,966924.0,9669240.0,0.0,0.0,26703.0,267030.0,2.0,0.0,-1503.7,-2658.0,-463.0,2.0,3.0,3.0,81024.0,76561.5,31.0,-1230.8530645161293,-12753.585000000001,0.0,-5.774194,2.0,288370.305,326526.75,3.0,0.0
105242,Cash loans,F,N,Y,0,99000.0,149256.0,17712.0,135000.0,Unaccompanied,Working,Lower secondary,Single / not married,Municipal apartment,0.006233,-12801,-1492.0,-4952.0,-2904,1,1,0,1,0,0,1.0,2,2,MONDAY,10,0,0,0,0,0,0,Transport: type 1,0.6354737,,6.0,1.0,6.0,1.0,-951.0,0,1,0,0,0,0,0,0,0,0,0,0,0,0,0,0,0,0,0,0,,,,,,,,,,,,,,,,,,,3.0,1.0,7198.5,7015.5,11.0,-261.07363636363635,-2728.62,0.0,-14.363636,4.0,28699.965,31571.775,1.0,0.0
105244,Cash loans,F,N,N,0,121500.0,945000.0,33943.5,945000.0,Unaccompanied,Pensioner,Secondary / secondary special,Civil marriage,House / apartment,0.006008,-19562,,-10171.0,-2978,1,0,0,1,0,0,2.0,2,2,THURSDAY,17,0,0,0,0,0,0,XNA,0.58226216,0.47944897,0.0,0.0,0.0,0.0,-919.0,0,1,0,0,0,0,0,0,0,0,0,0,0,0,0,0,0,0,0,0,0.0,0.0,0.0,0.0,1.0,1.0,84785.5,763069.5,0.0,0.0,38372.142857142855,268605.0,2.0,0.0,-1286.888888888889,-2906.0,-500.0,2.0,1.0,1.0,214420.5,214420.5,19.0,-2287.6389473684208,-14469.839999999998,0.0,-1.0,31.0,231793.91999999998,275259.06,1.0,30.0
105245,Cash loans,M,N,Y,0,171000.0,332946.0,14796.0,238500.0,Unaccompanied,Commercial associate,Secondary / secondary special,Civil marriage,House / apartment,0.0105,-12238,-3108.0,-6374.0,-4353,1,1,0,1,0,0,2.0,3,3,FRIDAY,10,0,0,0,0,0,0,Military,0.48701546,0.5744466,0.0,0.0,0.0,0.0,0.0,0,1,0,0,0,0,0,0,0,0,0,0,0,0,0,0,0,0,0,0,0.0,0.0,0.0,0.0,0.0,1.0,227898.79071428574,3190583.0700000003,0.0,0.0,60176.680714285714,842473.53,4.0,0.0,-1297.642857142857,-2472.0,-364.0,2.0,4.0,4.0,68052.375,78140.25,43.0,0.0,0.0,0.0,-19.488373,2.0,525633.075,525633.075,5.0,0.0
105248,Cash loans,M,Y,Y,0,315000.0,1800000.0,56002.5,1800000.0,Unaccompanied,Commercial associate,Higher education,Married,House / apartment,0.072508,-13071,-1969.0,-7208.0,-4857,1,1,0,1,1,1,2.0,1,1,WEDNESDAY,17,0,0,0,0,0,0,Business Entity Type 3,0.62099075,0.32489124,0.0,0.0,0.0,0.0,-379.0,0,1,0,0,0,0,0,0,0,0,0,0,0,0,0,0,0,0,0,0,0.0,0.0,0.0,0.0,0.0,3.0,804867.3,4024336.5,0.0,0.0,506021.958,2530109.79,4.0,0.0,-1365.0,-2597.0,-263.0,3.0,1.0,1.0,522000.0,522000.0,11.0,0.0,0.0,0.0,-35.727272,-14.0,593754.93,593754.93,1.0,0.0
105249,Cash loans,M,Y,Y,1,157500.0,499221.0,25618.5,373500.0,Unaccompanied,Commercial associate,Secondary / secondary special,Married,House / apartment,0.009549,-16873,-221.0,-10102.0,-55,1,1,0,1,0,0,3.0,2,2,WEDNESDAY,14,0,0,0,0,0,0,Business Entity Type 3,0.60969746,,1.0,0.0,1.0,0.0,-1273.0,0,0,0,0,0,0,1,0,0,0,0,0,0,0,0,0,0,0,0,0,0.0,0.0,0.0,0.0,0.0,4.0,1472616.0,1472616.0,0.0,0.0,,0.0,0.0,0.0,-776.0,-776.0,-776.0,1.0,2.0,2.0,136566.0,160233.75,20.0,0.0,0.0,0.0,-10.95,-1.0,360836.37,360836.37,2.0,0.0
105266,Cash loans,M,N,N,1,180000.0,218907.0,24885.0,198000.0,Unaccompanied,Commercial associate,Secondary / secondary special,Married,House / apartment,0.00702,-12437,-1966.0,-6554.0,-4354,1,1,0,1,0,0,3.0,2,2,THURSDAY,17,0,0,0,0,1,1,Business Entity Type 3,0.32692027,,2.0,0.0,1.0,0.0,-673.0,0,1,0,0,0,0,0,0,0,0,0,0,0,0,0,0,0,0,0,0,,,,,,,,,,,,,,,,,,,6.0,4.0,164308.5,164922.75,82.0,-839.8196341463414,-36000.0,0.0,-6.8414636,6.0,852581.79,921447.0,3.0,0.0
105271,Cash loans,F,N,N,0,135000.0,225000.0,17775.0,225000.0,Unaccompanied,Working,Secondary / secondary special,Civil marriage,House / apartment,0.010147,-11550,-541.0,-806.0,-3292,1,1,0,1,1,0,2.0,2,2,THURSDAY,10,0,0,0,0,0,0,Industry: type 4,0.059341703,0.42061096,7.0,0.0,7.0,0.0,-1747.0,0,1,0,0,0,0,0,0,0,0,0,0,0,0,0,0,0,0,0,0,0.0,0.0,0.0,0.0,0.0,8.0,32600.025,65200.05,0.0,0.0,0.0,0.0,0.0,0.0,-1635.5,-2656.0,-615.0,1.0,11.0,5.0,75435.46363636364,117844.32272727274,50.0,-257.1552,-6416.235,0.0,-5.82,15.0,450885.915,463743.675,3.0,1.0
105276,Cash loans,M,N,Y,0,189000.0,832500.0,64557.0,832500.0,Unaccompanied,Commercial associate,Secondary / secondary special,Separated,House / apartment,0.030755,-20235,-386.0,-3827.0,-3770,1,1,0,1,0,0,1.0,2,2,MONDAY,17,0,0,0,0,0,0,Construction,0.6040369,0.69255906,1.0,1.0,1.0,1.0,-621.0,0,1,0,0,0,0,0,0,0,0,0,0,0,0,0,0,0,0,0,0,0.0,0.0,0.0,0.0,0.0,4.0,52845.0,158535.0,0.0,0.0,,0.0,0.0,0.0,-2109.6666666666665,-2904.0,-1530.0,1.0,8.0,6.0,176362.875,179580.9375,37.0,-316.77567567567576,-11685.060000000001,0.0,-11.567568,13.0,1127120.85,1138841.55,5.0,3.0
105282,Cash loans,M,N,N,0,112500.0,900000.0,29034.0,900000.0,Unaccompanied,Working,Secondary / secondary special,Married,House / apartment,0.010276,-17916,-888.0,-2855.0,-1440,1,1,0,1,0,0,2.0,2,2,FRIDAY,8,0,0,0,0,0,0,Housing,0.6200021,0.7726311,0.0,0.0,0.0,0.0,-713.0,0,1,0,0,0,0,0,0,0,0,0,0,0,0,0,0,0,0,0,0,0.0,0.0,0.0,0.0,2.0,1.0,202500.0,202500.0,0.0,0.0,0.0,0.0,0.0,0.0,-2853.0,-2853.0,-2853.0,1.0,1.0,1.0,31860.0,18000.0,5.0,0.0,0.0,0.0,-11.8,-8.0,21814.74,21814.74,1.0,0.0
105292,Cash loans,F,N,Y,0,315000.0,804420.0,33327.0,706500.0,Family,Commercial associate,Secondary / secondary special,Married,House / apartment,0.007274,-13096,-812.0,-201.0,-742,1,1,0,1,0,1,2.0,2,2,MONDAY,13,0,0,0,0,0,0,Trade: type 3,0.4427856,,0.0,0.0,0.0,0.0,-419.0,0,0,0,0,0,0,0,0,0,0,0,0,0,0,0,0,0,0,0,0,,,,,,,,,,,,,,,,,,,,,,,,,,,,,,,,
105297,Cash loans,F,Y,Y,0,67500.0,238500.0,13819.5,238500.0,"Spouse, partner",Pensioner,Secondary / secondary special,Married,House / apartment,0.0228,-20921,,-11478.0,-1140,1,0,0,1,1,0,2.0,2,2,THURSDAY,8,0,0,0,0,0,0,XNA,0.6830685,0.78260785,0.0,0.0,0.0,0.0,-1519.0,0,0,0,0,1,0,0,0,0,0,0,0,0,0,0,0,0,0,0,0,0.0,0.0,0.0,0.0,0.0,3.0,236883.171,3553247.565,0.0,0.0,0.0,0.0,1.0,0.0,-1862.2666666666667,-2880.0,-360.0,2.0,4.0,4.0,581260.5,718360.875,53.0,20236.415094339623,0.0,757973.835,-6.8301888,0.0,4406334.4799999995,3333804.48,3.0,0.0
105332,Cash loans,M,Y,N,0,180000.0,379876.5,19422.0,317092.5,Unaccompanied,Commercial associate,Secondary / secondary special,Married,House / apartment,0.02461,-20262,-2319.0,-5279.0,-3520,1,1,1,1,0,0,2.0,2,2,SATURDAY,6,0,0,0,1,1,0,Business Entity Type 3,0.2734716,0.735221,0.0,0.0,0.0,0.0,-2112.0,0,1,0,0,0,0,0,0,0,0,0,0,0,0,0,0,0,0,0,0,0.0,0.0,0.0,0.0,1.0,2.0,760320.0,3801600.0,0.0,0.0,169179.3,845896.5,2.0,0.0,-1590.0,-2414.0,-1209.0,2.0,2.0,2.0,27763.47,26804.25,17.0,0.0,0.0,0.0,-25.0,-14.0,70683.84,70683.84,2.0,0.0
105333,Cash loans,F,Y,Y,1,103500.0,67500.0,7218.0,67500.0,Unaccompanied,Working,Secondary / secondary special,Married,House / apartment,0.031329,-12452,-771.0,-5988.0,-4637,1,1,1,1,1,0,3.0,2,2,THURSDAY,11,0,0,0,0,0,0,Industry: type 9,0.6193579,0.50287825,0.0,0.0,0.0,0.0,-2001.0,0,0,0,0,0,0,1,0,0,0,0,0,0,0,0,0,0,0,0,0,0.0,0.0,0.0,0.0,1.0,2.0,248876.38285714286,1742134.68,0.0,0.0,131869.7775,791218.665,3.0,0.0,-1030.4285714285713,-1514.0,-95.0,2.0,4.0,2.0,53020.125,49843.125,103.0,-45.87378640776699,-2475.0,0.0,-1.2815534,19.0,55276.65,60001.65,1.0,0.0
105343,Cash loans,F,N,Y,0,135000.0,272520.0,21658.5,225000.0,Unaccompanied,Pensioner,Secondary / secondary special,Married,House / apartment,0.00712,-24011,,-8523.0,-4237,1,0,0,1,0,0,2.0,2,2,FRIDAY,12,0,0,0,0,0,0,XNA,0.2173213,0.8072739,0.0,0.0,0.0,0.0,-929.0,0,0,0,0,1,0,0,0,0,0,0,0,0,0,0,0,0,0,0,0,0.0,0.0,0.0,0.0,0.0,5.0,225000.0,225000.0,0.0,0.0,,0.0,0.0,0.0,-1415.0,-1415.0,-1415.0,1.0,11.0,5.0,102141.0,115134.54545454546,123.0,-3517.9726829268293,-19477.8,0.0,-2.5772357,28.0,1274134.59,1706845.23,5.0,12.0
105344,Cash loans,F,Y,Y,1,1350000.0,1885536.0,103455.0,1800000.0,Unaccompanied,Commercial associate,Higher education,Civil marriage,House / apartment,0.072508,-17252,-1915.0,-9549.0,-779,1,1,0,1,0,0,3.0,1,1,FRIDAY,11,0,0,0,0,0,0,Advertising,0.7253132,0.2020866,0.0,0.0,0.0,0.0,0.0,0,0,0,0,0,0,1,0,0,0,0,0,0,0,0,0,0,0,0,0,0.0,0.0,0.0,0.0,0.0,2.0,2384549.1,11922745.5,0.0,0.0,426510.9,2132554.5,2.0,0.0,-1951.0,-2853.0,-616.0,2.0,,,,,105.0,-119.70514285714286,-5625.0,0.0,-0.61904764,27.0,291250.89,303819.93,,
105345,Cash loans,M,Y,Y,0,153000.0,254700.0,18531.0,225000.0,Unaccompanied,Working,Secondary / secondary special,Married,House / apartment,0.025164,-12077,-849.0,-1377.0,-2043,1,1,1,1,0,0,2.0,2,2,SUNDAY,11,0,0,0,0,1,1,Business Entity Type 3,0.47824645,0.33125088,3.0,0.0,3.0,0.0,-3036.0,0,1,0,0,0,0,0,0,0,0,0,0,0,0,0,0,0,0,0,0,0.0,0.0,0.0,0.0,0.0,0.0,788099.1428571428,5516694.0,0.0,0.0,341966.4942857143,2393765.46,3.0,0.0,-1424.142857142857,-2713.0,-90.0,3.0,5.0,1.0,69561.0,82365.3,8.0,0.0,0.0,0.0,-6.625,0.0,60227.73,60227.73,2.0,0.0
105357,Cash loans,M,Y,N,0,81000.0,431280.0,22018.5,360000.0,Unaccompanied,Working,Secondary / secondary special,Married,House / apartment,0.025164,-13303,-1174.0,-2786.0,-4875,1,1,1,1,0,0,2.0,2,2,THURSDAY,16,0,0,0,0,0,0,Government,0.5637631,0.6769925,2.0,0.0,2.0,0.0,-784.0,0,1,0,0,0,0,0,0,0,0,0,0,0,0,0,0,0,0,0,0,0.0,0.0,0.0,0.0,0.0,1.0,1476360.0,4429080.0,0.0,0.0,746994.0,2240982.0,1.0,0.0,-1195.0,-2895.0,-345.0,2.0,1.0,1.0,16771.5,15093.0,1.0,0.0,0.0,0.0,-16.0,-16.0,15243.435,15243.435,1.0,0.0
105359,Cash loans,M,Y,Y,1,135000.0,539100.0,29376.0,450000.0,Unaccompanied,Working,Lower secondary,Married,House / apartment,0.010643,-11973,-4773.0,-3443.0,-4388,1,1,1,1,1,0,3.0,2,2,TUESDAY,9,0,0,0,0,0,0,Business Entity Type 2,0.60867184,0.5620605,1.0,1.0,1.0,1.0,-2148.0,0,1,0,0,0,0,0,0,0,0,0,0,0,0,0,0,0,0,0,0,0.0,0.0,0.0,0.0,1.0,1.0,343916.25,2063497.5,0.0,0.0,320049.0,960147.0,2.0,0.0,-1162.0,-1665.0,-228.0,1.0,5.0,4.0,234151.2,251095.5,66.0,-2958.197045454545,-27296.64,0.0,-8.045455,7.0,1593507.4649999999,1788748.47,3.0,0.0
105366,Cash loans,M,N,Y,0,220500.0,729792.0,37390.5,630000.0,Unaccompanied,State servant,Secondary / secondary special,Married,House / apartment,0.006008,-13598,-6033.0,-7635.0,-4493,1,1,0,1,0,0,2.0,2,2,MONDAY,9,0,0,0,0,0,0,Police,0.49662885,0.62630427,0.0,0.0,0.0,0.0,-634.0,0,1,0,0,0,0,0,0,0,0,0,0,0,0,0,0,0,0,0,0,0.0,0.0,0.0,0.0,0.0,4.0,592087.5,1776262.5,0.0,0.0,113935.5,341806.5,1.0,0.0,-1806.0,-2631.0,-1159.0,1.0,8.0,4.0,367265.925,406687.5,35.0,-11047.272428571428,-338210.505,0.0,-8.942857,2.0,1421246.205,1807900.74,3.0,0.0
105367,Cash loans,M,Y,N,0,180000.0,156384.0,16969.5,135000.0,Family,Working,Secondary / secondary special,Married,House / apartment,0.025164,-13978,-1588.0,-9299.0,-4256,1,1,0,1,0,0,2.0,2,2,MONDAY,10,0,0,0,0,0,0,Business Entity Type 3,0.66581506,0.33125088,3.0,0.0,3.0,0.0,-2187.0,0,1,0,0,0,0,0,0,0,0,0,0,0,0,0,0,0,0,0,0,0.0,0.0,0.0,0.0,1.0,2.0,1136518.6700000002,10228668.030000001,0.0,0.0,0.0,0.0,2.0,0.0,-1439.5555555555557,-2758.0,-222.0,3.0,6.0,5.0,299876.25,328905.75,30.0,-1078.5014999999999,-23446.71,0.0,-6.233333,30.0,981861.03,1014216.0750000001,4.0,9.0
105370,Cash loans,F,N,Y,0,157500.0,1928304.0,79708.5,1800000.0,"Spouse, partner",State servant,Higher education,Married,House / apartment,0.04622,-14612,-1112.0,-3759.0,-5224,1,1,0,1,1,1,2.0,1,1,THURSDAY,18,0,0,0,0,0,0,Government,0.7678885,0.5298898,7.0,0.0,7.0,0.0,-788.0,0,1,0,0,0,0,0,0,0,0,0,0,0,0,0,0,0,0,0,0,0.0,0.0,0.0,0.0,0.0,2.0,1005421.68,5027108.4,0.0,0.0,482431.23,2412156.15,2.0,0.0,-1221.2,-1468.0,-938.0,2.0,1.0,1.0,703543.5,703543.5,24.0,0.0,0.0,0.0,-6.9583335,0.0,760564.935,760564.935,1.0,0.0
105377,Cash loans,F,N,Y,2,108000.0,119893.5,12717.0,103500.0,Unaccompanied,State servant,Secondary / secondary special,Married,House / apartment,0.019689,-12793,-1542.0,-2775.0,-1633,1,1,0,1,0,0,4.0,2,2,THURSDAY,11,0,0,0,0,1,1,Business Entity Type 3,0.5575095,0.5971924,8.0,0.0,8.0,0.0,-1140.0,0,1,0,0,0,0,0,0,0,0,0,0,0,0,0,0,0,0,0,0,0.0,0.0,0.0,0.0,1.0,1.0,134022.6,670113.0,0.0,0.0,41558.625,166234.5,4.0,0.0,-478.0,-1161.0,-162.0,2.0,1.0,1.0,242820.0,218538.0,23.0,4291.192173913043,-8452.259999999998,39698.55,-7.695652,7.0,392500.35,293802.93,1.0,0.0
105390,Cash loans,M,Y,N,2,432000.0,305640.0,32094.0,270000.0,Unaccompanied,State servant,Higher education,Married,House / apartment,0.015221,-10927,-2185.0,-549.0,-3293,1,1,1,1,0,0,4.0,2,2,THURSDAY,11,0,0,0,0,0,0,Security Ministries,0.25549135,0.71803284,2.0,0.0,2.0,0.0,-546.0,0,1,0,0,0,0,0,0,0,0,0,0,0,0,0,0,0,0,0,0,0.0,0.0,0.0,0.0,0.0,2.0,1166930.5050000001,7001583.03,0.0,0.0,522029.25,3132175.5,2.0,0.0,-852.1666666666666,-1578.0,-370.0,3.0,3.0,3.0,115788.0,123939.0,16.0,0.0,0.0,0.0,-8.0625,-2.0,350577.26999999996,350577.26999999996,2.0,0.0
105399,Cash loans,M,N,Y,1,202500.0,285264.0,29952.0,252000.0,Unaccompanied,State servant,Higher education,Married,House / apartment,0.005313,-13321,-5654.0,-5715.0,-4329,1,1,0,1,0,0,3.0,2,2,MONDAY,9,0,0,0,0,0,0,Military,0.6241714,0.66263777,0.0,0.0,0.0,0.0,-1357.0,0,1,0,0,0,0,0,0,0,0,0,0,0,0,0,0,0,0,0,0,0.0,0.0,0.0,0.0,1.0,1.0,115396.38,461585.52,0.0,0.0,17600.625,70402.5,1.0,0.0,-935.0,-1357.0,-481.0,2.0,6.0,4.0,29620.5,27699.75,13.0,0.0,0.0,0.0,-19.76923,0.0,150895.125,150895.125,4.0,0.0
105403,Cash loans,F,N,Y,0,90000.0,179865.0,14341.5,148500.0,Unaccompanied,Pensioner,Secondary / secondary special,Married,House / apartment,0.035792,-20541,,-9452.0,-3671,1,0,0,1,0,0,2.0,2,2,FRIDAY,14,0,0,0,0,0,0,XNA,0.5641933,0.25533178,0.0,0.0,0.0,0.0,-739.0,0,1,0,0,0,0,0,0,0,0,0,0,0,0,0,0,0,0,0,0,0.0,0.0,0.0,0.0,2.0,3.0,378947.25,757894.5,0.0,0.0,487053.0,487053.0,1.0,0.0,-779.5,-1262.0,-297.0,1.0,14.0,4.0,177413.14285714287,193059.9642857143,56.0,-550.0189285714287,-13229.01,0.0,-4.678571,7.0,762434.505,793235.5650000001,3.0,0.0
105404,Cash loans,F,N,Y,1,171000.0,900000.0,46084.5,900000.0,Family,State servant,Secondary / secondary special,Married,House / apartment,0.026392,-10727,-1041.0,-2928.0,-2004,1,1,0,1,1,0,3.0,2,2,FRIDAY,10,0,0,0,1,1,0,Medicine,0.71971476,,6.0,0.0,6.0,0.0,-908.0,0,1,0,0,0,0,0,0,0,0,0,0,0,0,0,0,0,0,0,0,,,,,,,,,,,,,,,,,,,2.0,1.0,152439.75,150693.75,6.0,0.0,0.0,0.0,-13.0,-2.0,291865.815,291865.815,2.0,0.0
105414,Cash loans,F,N,Y,0,382500.0,1347750.0,43605.0,1125000.0,Family,Working,Secondary / secondary special,Married,House / apartment,0.020713,-18932,-6851.0,-3841.0,-2448,1,1,0,1,1,0,2.0,3,1,TUESDAY,14,0,0,0,0,0,0,Government,0.55646265,0.45074728,0.0,0.0,0.0,0.0,-883.0,0,1,0,0,0,0,0,0,0,0,0,0,0,0,0,0,0,0,0,0,0.0,0.0,0.0,0.0,3.0,1.0,1858883.7857142857,13012186.5,0.0,0.0,462568.5,3237979.5,4.0,0.0,-1209.5714285714287,-1621.0,-643.0,2.0,4.0,3.0,148224.375,111955.5,18.0,0.0,0.0,0.0,-22.666666,-4.0,494676.72000000003,494676.72000000003,3.0,0.0
105417,Cash loans,F,N,Y,1,157500.0,420588.0,38574.0,360000.0,Unaccompanied,Working,Secondary / secondary special,Single / not married,House / apartment,0.022625,-14756,-2828.0,-142.0,-4266,1,1,0,1,0,1,2.0,2,2,MONDAY,13,0,0,0,0,0,0,Business Entity Type 3,0.55597687,0.52629495,1.0,0.0,1.0,0.0,0.0,0,0,0,0,0,0,1,0,0,0,0,0,0,0,0,0,0,0,0,0,0.0,0.0,0.0,0.0,0.0,2.0,106956.0,320868.0,0.0,0.0,36247.5,108742.5,1.0,0.0,-1087.3333333333333,-1260.0,-954.0,2.0,4.0,4.0,120070.125,124776.0,71.0,-39.34267605633803,-1802.475,0.0,-3.9859154,12.0,629328.8250000001,632122.155,3.0,0.0
105425,Cash loans,M,Y,Y,1,180000.0,315000.0,16213.5,315000.0,Unaccompanied,Working,Secondary / secondary special,Married,House / apartment,0.020713,-15192,-767.0,-3320.0,-4125,1,1,1,1,0,0,3.0,3,3,FRIDAY,8,0,0,0,0,0,0,Business Entity Type 3,0.333911,0.47944897,3.0,0.0,3.0,0.0,-730.0,0,1,0,0,0,0,0,0,0,0,0,0,0,0,0,0,0,0,0,0,0.0,0.0,0.0,0.0,1.0,0.0,449940.85714285716,6299172.0,0.0,0.0,216020.25,1296121.5,5.0,0.0,-791.8571428571429,-1605.0,-81.0,2.0,2.0,1.0,11450.25,9159.75,6.0,0.0,0.0,0.0,-19.5,-11.0,20021.445,20021.445,1.0,0.0
105452,Cash loans,F,Y,N,0,202500.0,540000.0,34510.5,540000.0,Unaccompanied,State servant,Higher education,Married,House / apartment,0.020246,-17188,-5779.0,-5490.0,-747,1,1,1,1,0,0,2.0,3,3,FRIDAY,4,0,0,0,0,0,0,School,0.49617514,0.00052726525,2.0,0.0,2.0,0.0,-298.0,0,1,0,0,0,0,0,0,0,0,0,0,0,0,0,0,0,0,0,0,0.0,0.0,0.0,0.0,0.0,4.0,388154.8940625,6210478.305,0.0,0.0,40436.4375,646983.0,2.0,0.0,-1095.0625,-1823.0,-27.0,3.0,5.0,1.0,11442.6,10597.5,15.0,-1156.8509999999999,-5718.51,0.0,-8.066667,24.0,69398.775,86751.54000000001,1.0,22.0
105454,Cash loans,M,N,Y,1,450000.0,790830.0,62613.0,675000.0,Unaccompanied,State servant,Secondary / secondary special,Married,Municipal apartment,0.04622,-13913,-3201.0,-7940.0,-4723,1,1,0,1,1,0,3.0,1,1,THURSDAY,11,0,1,1,0,0,0,Military,0.5593644,0.35895124,0.0,0.0,0.0,0.0,-380.0,0,1,0,0,0,0,0,0,0,0,0,0,0,0,0,0,0,0,0,0,0.0,0.0,0.0,0.0,0.0,2.0,6261043.5,6261043.5,0.0,0.0,5639025.78,5639025.78,1.0,0.0,-297.0,-297.0,-297.0,1.0,1.0,1.0,0.0,67500.0,164.0,0.0,0.0,0.0,-6.762195,0.0,429660.0,429660.0,,
105456,Cash loans,F,Y,N,0,112500.0,450000.0,35554.5,450000.0,Unaccompanied,Working,Incomplete higher,Single / not married,With parents,0.030755,-8800,-1435.0,-3075.0,-1435,1,1,1,1,0,0,1.0,2,2,TUESDAY,18,0,0,0,0,1,1,Business Entity Type 3,0.5820973,0.4650692,0.0,0.0,0.0,0.0,-707.0,0,1,0,0,0,0,0,0,0,0,0,0,0,0,0,0,0,0,0,0,0.0,0.0,0.0,0.0,2.0,2.0,114300.0,228600.0,0.0,0.0,0.0,0.0,1.0,0.0,-854.5,-1125.0,-584.0,2.0,6.0,4.0,41068.815,40904.25,30.0,0.0,0.0,0.0,-13.666667,-2.0,230848.47,230848.47,4.0,0.0
105470,Cash loans,M,Y,Y,0,135000.0,360000.0,23026.5,360000.0,Family,Working,Secondary / secondary special,Civil marriage,House / apartment,0.028663,-19719,-1181.0,-6909.0,-3250,1,1,1,1,1,0,2.0,2,2,FRIDAY,13,0,0,0,0,0,0,Self-employed,0.5963076,0.5954562,0.0,0.0,0.0,0.0,-2320.0,0,1,0,0,0,0,0,0,0,0,0,0,0,0,0,0,0,0,0,0,0.0,0.0,0.0,0.0,1.0,3.0,1391420.25,2782840.5,0.0,0.0,485941.5,485941.5,1.0,0.0,-788.0,-976.0,-600.0,2.0,3.0,2.0,54525.0,47686.5,13.0,0.0,0.0,0.0,-7.0,1.0,166764.6,166764.6,2.0,0.0
105471,Cash loans,F,N,Y,0,153000.0,149256.0,15421.5,135000.0,Unaccompanied,Pensioner,Secondary / secondary special,Married,House / apartment,0.010006,-23389,,-6989.0,-4811,1,0,0,1,1,0,2.0,2,2,FRIDAY,8,0,0,0,0,0,0,XNA,0.5145889,0.52629495,9.0,0.0,8.0,0.0,-975.0,0,0,0,0,1,0,0,0,0,0,0,0,0,0,0,0,0,0,0,0,0.0,0.0,0.0,0.0,0.0,3.0,246906.0,2222154.0,0.0,0.0,119853.64285714286,838975.5,5.0,0.0,-845.2222222222222,-2494.0,-105.0,2.0,4.0,3.0,398013.75,449761.5,24.0,0.0,0.0,0.0,-20.041666,-1.0,1391391.945,1391391.945,3.0,0.0
105483,Cash loans,M,N,Y,0,180000.0,361998.0,14935.5,292500.0,Unaccompanied,Commercial associate,Incomplete higher,Civil marriage,House / apartment,0.072508,-7779,-564.0,-3640.0,-459,1,1,1,1,1,0,2.0,1,1,TUESDAY,17,0,0,0,0,0,0,Business Entity Type 1,0.60389566,,0.0,0.0,0.0,0.0,-110.0,0,0,0,0,0,0,0,0,0,0,0,0,0,0,0,0,0,0,0,0,,,,,,,,,,,,,,,,,,,,,,,,,,,,,,,,
105493,Cash loans,M,Y,N,0,157500.0,1107900.0,35739.0,900000.0,Unaccompanied,Working,Secondary / secondary special,Married,House / apartment,0.025164,-21282,-1603.0,-5648.0,-4841,1,1,1,1,0,0,2.0,2,2,TUESDAY,11,0,0,0,0,0,0,Government,0.54320264,0.35729328,14.0,0.0,13.0,0.0,-2825.0,0,1,0,0,0,0,0,0,0,0,0,0,0,0,0,0,0,0,0,0,0.0,0.0,0.0,0.0,0.0,0.0,,,,,,,,,,,,,12.0,8.0,327218.25,372416.25,128.0,6087.949804687501,-6542.415,856775.34,-7.4296875,55.0,5654194.065,4874936.49,9.0,48.0
105508,Cash loans,M,N,Y,0,135000.0,495000.0,38304.0,495000.0,Unaccompanied,Working,Secondary / secondary special,Married,House / apartment,0.025164,-15257,-3876.0,-1063.0,-3835,1,1,0,1,0,0,2.0,2,2,WEDNESDAY,8,0,0,0,0,0,0,Industry: type 3,0.20597608,0.73381454,0.0,0.0,0.0,0.0,0.0,0,1,0,0,0,0,0,0,0,0,0,0,0,0,0,0,0,0,0,0,0.0,0.0,0.0,0.0,1.0,5.0,126810.0,126810.0,0.0,0.0,0.0,0.0,0.0,0.0,-1366.0,-1366.0,-1366.0,1.0,8.0,7.0,136839.375,158106.9375,75.0,-425.1888,-15824.655,0.0,-11.293333,3.0,1429751.2950000002,1461640.455,7.0,0.0
105514,Cash loans,F,N,Y,0,225000.0,154066.5,7996.5,117000.0,Family,Commercial associate,Secondary / secondary special,Single / not married,House / apartment,0.00702,-19907,-2245.0,-4014.0,-1623,1,1,0,1,0,1,1.0,2,2,MONDAY,12,0,0,0,0,1,1,Self-employed,0.62952673,0.51549536,1.0,0.0,1.0,0.0,-720.0,0,1,0,0,0,0,0,0,0,0,0,0,0,0,0,0,0,0,0,0,0.0,0.0,0.0,0.0,0.0,2.0,441360.0,2206800.0,0.0,0.0,295426.8,1477134.0,4.0,0.0,-625.0,-1357.0,-297.0,2.0,3.0,1.0,72883.5,72883.5,3.0,0.0,0.0,0.0,-13.333333,-4.0,151692.975,151692.975,1.0,0.0
105515,Cash loans,F,N,Y,0,157500.0,670401.0,24210.0,553500.0,Unaccompanied,Pensioner,Secondary / secondary special,Widow,House / apartment,0.009175,-21392,,-10308.0,-4756,1,0,0,1,1,0,1.0,2,2,TUESDAY,14,0,0,0,0,0,0,XNA,0.7071671,0.6075573,1.0,0.0,1.0,0.0,-962.0,0,0,0,0,1,0,0,0,0,0,0,0,0,0,0,0,0,0,0,0,0.0,0.0,0.0,0.0,1.0,3.0,596250.0,1192500.0,0.0,0.0,307298.25,614596.5,2.0,0.0,-443.5,-516.0,-371.0,2.0,10.0,4.0,110965.05,147884.4,100.0,-135.70065,-13500.0,0.0,-3.26,1.0,2488449.15,2502019.215,3.0,0.0
105528,Cash loans,F,N,Y,2,90000.0,296280.0,23539.5,225000.0,Unaccompanied,Working,Secondary / secondary special,Civil marriage,House / apartment,0.003122,-10750,-832.0,-418.0,-2947,1,1,0,1,0,0,4.0,3,3,THURSDAY,14,0,0,0,0,0,0,Industry: type 11,0.13656364,,2.0,0.0,2.0,0.0,-8.0,0,1,0,0,0,0,0,0,0,0,0,0,0,0,0,0,0,0,0,0,,,,,,,,,,,,,,,,,,,2.0,2.0,67495.5,72247.5,11.0,0.0,0.0,0.0,-13.636364,-9.0,113165.415,113165.415,1.0,0.0
105529,Cash loans,F,N,Y,0,81000.0,248760.0,25618.5,225000.0,Unaccompanied,Pensioner,Secondary / secondary special,Married,House / apartment,0.019101,-24829,,-1457.0,-4489,1,0,0,1,0,0,2.0,2,2,THURSDAY,9,0,0,0,0,0,0,XNA,0.5451228,0.60927564,0.0,0.0,0.0,0.0,0.0,0,0,0,0,1,0,0,0,0,0,0,0,0,0,0,0,0,0,0,0,0.0,0.0,0.0,0.0,1.0,2.0,175500.0,175500.0,0.0,0.0,0.0,0.0,0.0,0.0,-205.0,-205.0,-205.0,1.0,4.0,4.0,60456.375,63643.5,44.0,535.9827272727273,0.0,20084.22,-28.022728,-5.0,254192.49000000002,230609.25,4.0,0.0
105531,Cash loans,F,N,N,0,112500.0,383760.0,41328.0,360000.0,Unaccompanied,Pensioner,Secondary / secondary special,Married,House / apartment,0.008068,-22515,,-11558.0,-4656,1,0,0,1,1,0,2.0,3,3,SATURDAY,7,0,0,0,0,0,0,XNA,0.61087286,0.29859498,1.0,0.0,1.0,0.0,0.0,0,1,0,0,0,0,0,0,0,0,0,0,0,0,0,0,0,0,0,0,0.0,0.0,0.0,0.0,1.0,1.0,276386.25,1658317.5,0.0,0.0,29477.7,147388.5,2.0,0.0,-1262.6666666666667,-2443.0,-313.0,1.0,2.0,1.0,133852.5,129690.0,12.0,0.0,0.0,0.0,-13.25,-9.0,293918.175,293918.175,1.0,0.0
105532,Cash loans,F,N,Y,0,135000.0,274500.0,14143.5,274500.0,Unaccompanied,Working,Higher education,Single / not married,House / apartment,0.020713,-20581,-5043.0,-8431.0,-3515,1,1,1,1,1,0,1.0,3,3,SATURDAY,12,0,0,0,0,0,0,Postal,0.4633847,0.29558265,0.0,0.0,0.0,0.0,-1443.0,0,0,0,0,1,0,0,0,0,0,0,0,0,0,0,0,0,0,0,0,0.0,0.0,0.0,0.0,0.0,4.0,139946.5,1259518.5,0.0,0.0,13105.5,117949.5,2.0,0.0,-1654.6666666666667,-2831.0,-339.0,1.0,10.0,3.0,136421.1,125024.85,40.0,-1599.48675,-12822.119999999999,0.0,-4.425,6.0,420978.96,484958.43,3.0,2.0
105558,Cash loans,F,N,Y,0,292500.0,500490.0,48888.0,450000.0,Unaccompanied,Pensioner,Secondary / secondary special,Single / not married,House / apartment,0.072508,-20907,,-9967.0,-4421,1,0,0,1,1,0,1.0,1,1,MONDAY,12,0,0,0,0,0,0,XNA,0.7620384,0.6545293,0.0,0.0,0.0,0.0,-3291.0,0,0,0,0,1,0,0,0,0,0,0,0,0,0,0,0,0,0,0,0,0.0,0.0,0.0,0.0,0.0,1.0,1026000.0,2052000.0,0.0,0.0,346659.75,693319.5,1.0,0.0,-1747.0,-1818.0,-1676.0,2.0,,,,,96.0,0.0,0.0,0.0,0.0,0.0,12687.84,12687.84,,
105574,Cash loans,F,N,N,0,112500.0,418500.0,24156.0,418500.0,Family,Working,Secondary / secondary special,Married,House / apartment,0.015221,-21666,-4157.0,-5132.0,-5143,1,1,0,1,1,0,2.0,2,2,SATURDAY,9,0,0,0,0,1,1,Business Entity Type 3,0.57109493,0.5937176,1.0,1.0,1.0,0.0,-553.0,0,1,0,0,0,0,0,0,0,0,0,0,0,0,0,0,0,0,0,0,0.0,0.0,0.0,0.0,0.0,2.0,84510.0,84510.0,0.0,0.0,0.0,0.0,0.0,0.0,-317.0,-317.0,-317.0,1.0,6.0,2.0,86584.125,87393.75,17.0,5699.956764705881,0.0,24058.8,-9.235294,0.0,412186.365,315287.1,2.0,0.0
105578,Cash loans,F,Y,Y,0,101250.0,296280.0,18256.5,225000.0,Unaccompanied,Pensioner,Secondary / secondary special,Married,House / apartment,0.010006,-21667,,-3540.0,-3551,1,0,0,1,1,0,2.0,2,2,SUNDAY,8,0,0,0,0,0,0,XNA,0.5514431,0.8357765,4.0,0.0,4.0,0.0,-2624.0,0,1,0,0,0,0,0,0,0,0,0,0,0,0,0,0,0,0,0,0,0.0,0.0,0.0,0.0,1.0,1.0,1080450.0,1080450.0,0.0,0.0,0.0,0.0,0.0,0.0,-2910.0,-2910.0,-2910.0,1.0,3.0,3.0,140308.5,151615.5,46.0,-546.8184782608697,-12471.615000000002,0.0,-9.413043,26.0,526361.535,551515.185,3.0,0.0
105584,Cash loans,M,Y,Y,1,180000.0,431280.0,22149.0,360000.0,Unaccompanied,Working,Secondary / secondary special,Civil marriage,House / apartment,0.020713,-13774,-1384.0,-2449.0,-4943,1,1,0,1,0,0,3.0,3,2,TUESDAY,10,0,0,0,0,0,0,Self-employed,0.26024103,0.2707074,1.0,1.0,1.0,1.0,-646.0,0,1,0,0,0,0,0,0,0,0,0,0,0,0,0,0,0,0,0,0,0.0,0.0,0.0,0.0,0.0,2.0,381864.0,1145592.0,0.0,0.0,145905.30000000002,437715.9,2.0,0.0,-1397.0,-2688.0,-297.0,3.0,13.0,4.0,223982.3076923077,264330.0,39.0,0.0,0.0,0.0,-23.205128,1.0,213480.9,213480.9,2.0,0.0
105595,Cash loans,M,N,Y,0,202500.0,156384.0,18688.5,135000.0,Unaccompanied,Working,Secondary / secondary special,Single / not married,House / apartment,0.011657,-14750,-430.0,-3636.0,-177,1,1,0,1,0,1,1.0,1,1,FRIDAY,12,0,0,0,0,0,0,Business Entity Type 3,0.5352322,0.6144144,2.0,0.0,2.0,0.0,-301.0,0,1,0,0,0,0,0,0,0,0,0,0,0,0,0,0,0,0,0,0,0.0,0.0,0.0,0.0,1.0,0.0,90000.0,90000.0,0.0,0.0,0.0,0.0,0.0,0.0,-2837.0,-2837.0,-2837.0,1.0,2.0,2.0,147291.75,100732.5,7.0,0.0,0.0,0.0,-28.142857,-20.0,177271.155,177271.155,2.0,0.0
105617,Cash loans,M,N,Y,0,54000.0,225000.0,20637.0,225000.0,Family,Pensioner,Secondary / secondary special,Civil marriage,House / apartment,0.009175,-20095,,-5186.0,-3627,1,0,0,1,0,0,2.0,2,2,FRIDAY,9,0,0,0,0,0,0,XNA,0.5832937,,7.0,2.0,7.0,2.0,0.0,0,1,0,0,0,0,0,0,0,0,0,0,0,0,0,0,0,0,0,0,0.0,0.0,0.0,0.0,0.0,0.0,20025.0,40050.0,0.0,0.0,6817.5,13635.0,1.0,0.0,-259.5,-517.0,-2.0,1.0,1.0,1.0,20353.5,17163.0,10.0,0.0,0.0,0.0,-3.4,2.0,22167.135000000002,22167.135000000002,1.0,0.0
105618,Cash loans,M,Y,Y,0,157500.0,675000.0,34596.0,675000.0,Unaccompanied,Pensioner,Secondary / secondary special,Married,House / apartment,0.01452,-23546,,-8162.0,-5447,1,0,0,1,0,0,2.0,2,2,WEDNESDAY,7,0,0,0,0,0,0,XNA,0.6786639,0.5118918,7.0,0.0,7.0,0.0,-2156.0,0,1,0,0,0,0,0,0,0,0,0,0,0,0,0,0,0,0,0,0,0.0,0.0,0.0,0.0,0.0,8.0,772410.0,2317230.0,0.0,0.0,146916.0,146916.0,3.0,0.0,-729.0,-1260.0,-233.0,1.0,20.0,6.0,323568.0,331304.625,102.0,-566.1405882352941,-28853.73,0.0,-11.745098,9.0,2309993.55,2367739.89,6.0,0.0
105621,Cash loans,F,N,N,1,162000.0,582804.0,25803.0,463500.0,Unaccompanied,Commercial associate,Secondary / secondary special,Single / not married,House / apartment,0.025164,-16781,-4541.0,-11531.0,-337,1,1,0,1,0,0,2.0,2,2,THURSDAY,11,0,0,0,0,0,0,Industry: type 11,0.5375977,0.53348166,0.0,0.0,0.0,0.0,-1.0,0,1,0,0,0,0,0,0,0,0,0,0,0,0,0,0,0,0,0,0,0.0,0.0,0.0,0.0,0.0,3.0,162196.3125,1297570.5,0.0,0.0,47696.625,381573.0,3.0,0.0,-1299.0,-2747.0,-215.0,2.0,,,,,,,,,,,,,1.0,3110.0
105625,Cash loans,F,Y,Y,1,135000.0,398160.0,29101.5,315000.0,Family,Commercial associate,Secondary / secondary special,Married,House / apartment,0.005084,-17057,-1421.0,-1213.0,-611,1,1,0,1,0,0,3.0,2,2,FRIDAY,17,0,0,0,0,0,0,Business Entity Type 3,0.32195967,0.68638235,2.0,0.0,2.0,0.0,-389.0,0,1,0,0,0,0,0,0,0,0,0,0,0,0,0,0,0,0,0,0,0.0,0.0,0.0,0.0,1.0,4.0,547848.0,1095696.0,0.0,0.0,159610.5,159610.5,2.0,0.0,-891.0,-1284.0,-498.0,1.0,5.0,4.0,185888.7,368492.4,61.0,3309.8274590163937,0.0,31751.01,-6.163934,4.0,1420526.52,1218627.045,3.0,0.0
105629,Cash loans,F,N,Y,1,121500.0,112500.0,11943.0,112500.0,Unaccompanied,Working,Higher education,Separated,House / apartment,0.020246,-13717,-389.0,-5995.0,-296,1,1,0,1,0,0,2.0,3,3,MONDAY,9,0,0,0,0,0,0,Self-employed,0.3289348,0.48124933,0.0,0.0,0.0,0.0,-359.0,0,1,0,0,0,0,0,0,0,0,0,0,0,0,0,0,0,0,0,0,0.0,0.0,0.0,0.0,2.0,1.0,270000.0,540000.0,0.0,0.0,109829.25,219658.5,1.0,0.0,-761.5,-1138.0,-385.0,1.0,1.0,1.0,53185.5,61609.5,11.0,0.0,0.0,0.0,-12.090909,-9.0,62064.09,62064.09,1.0,0.0
105630,Cash loans,F,Y,Y,0,261000.0,1676520.0,52168.5,1498500.0,Unaccompanied,Commercial associate,Higher education,Married,House / apartment,0.019101,-21419,-1728.0,-5151.0,-4269,1,1,0,1,0,0,2.0,2,2,TUESDAY,10,0,0,0,0,0,0,Business Entity Type 3,0.57331103,0.63470554,0.0,0.0,0.0,0.0,-164.0,0,1,0,0,0,0,0,0,0,0,0,0,0,0,0,0,0,0,0,0,0.0,0.0,0.0,0.0,0.0,2.0,926553.4971428572,6485874.48,0.0,0.0,738692.3571428572,5170846.5,1.0,0.0,-1587.0,-2871.0,-344.0,2.0,9.0,4.0,219703.0,237674.0,22.0,0.0,0.0,0.0,-8.363636,-2.0,247844.61,247844.61,3.0,0.0
105634,Cash loans,F,N,Y,0,180000.0,667237.5,28399.5,576000.0,Unaccompanied,Pensioner,Higher education,Single / not married,House / apartment,0.009549,-19717,,-5573.0,-3148,1,0,0,1,0,0,1.0,2,2,WEDNESDAY,11,0,0,0,0,0,0,XNA,0.39115468,0.75440615,0.0,0.0,0.0,0.0,-1937.0,0,0,0,0,1,0,0,0,0,0,0,0,0,0,0,0,0,0,0,0,0.0,0.0,0.0,0.0,0.0,4.0,383974.8225,2303848.935,0.0,0.0,83513.25,501079.5,1.0,0.0,-1020.6666666666666,-1670.0,-537.0,1.0,6.0,4.0,59950.5,77357.25,39.0,0.0,0.0,0.0,-7.3589745,7.0,423375.66000000003,423375.66000000003,3.0,5.0
105635,Cash loans,F,N,Y,0,135000.0,781920.0,34573.5,675000.0,Family,Working,Secondary / secondary special,Widow,House / apartment,0.030755,-17158,-3625.0,-5039.0,-708,1,1,0,1,0,0,1.0,2,2,THURSDAY,14,0,0,0,0,1,1,Business Entity Type 3,0.67623174,0.8050197,0.0,0.0,0.0,0.0,-1983.0,0,1,0,0,0,0,0,0,0,0,0,0,0,0,0,0,0,0,0,0,0.0,0.0,0.0,0.0,0.0,1.0,115382.7,1153827.0,0.0,0.0,0.0,0.0,0.0,0.0,-1584.2,-2166.0,-1043.0,1.0,4.0,4.0,70905.375,71071.875,18.0,2025.3075000000001,0.0,11966.94,-22.5,-1.0,184924.485,148468.95,3.0,0.0
105641,Cash loans,M,Y,Y,1,157500.0,135000.0,10665.0,135000.0,Unaccompanied,Working,Secondary / secondary special,Married,House / apartment,0.031329,-12976,-1974.0,-1221.0,-4956,1,1,1,1,1,0,3.0,2,2,FRIDAY,16,0,0,0,0,0,0,Business Entity Type 3,0.5486667,0.33445412,4.0,0.0,3.0,0.0,-457.0,0,1,0,0,0,0,0,0,0,0,0,0,0,0,0,0,0,0,0,0,0.0,0.0,0.0,0.0,0.0,0.0,328533.2485714286,2299732.74,0.0,0.0,339445.09125,1357780.365,2.0,0.0,-1552.7142857142858,-2918.0,-284.0,1.0,2.0,1.0,67500.0,74182.5,17.0,-2741.431764705882,-11161.935,0.0,-7.117647,7.0,203433.975,250038.315,1.0,4.0
105647,Cash loans,M,Y,Y,2,157500.0,703728.0,36058.5,607500.0,Unaccompanied,State servant,Secondary / secondary special,Married,House / apartment,0.00712,-13433,-5779.0,-3440.0,-4565,1,1,0,1,0,0,4.0,2,2,THURSDAY,9,0,0,0,0,0,0,Transport: type 2,0.44909617,0.4614824,2.0,1.0,2.0,0.0,-2248.0,0,1,0,0,0,0,0,0,0,0,0,0,0,0,0,0,0,0,0,0,0.0,0.0,0.0,0.0,0.0,1.0,329335.3588235294,11197402.2,1527.6176470588234,51939.0,42700.18965517241,1238305.5,6.0,9.0,-1293.6764705882354,-2838.0,-101.0,2.0,3.0,2.0,97320.0,100092.0,17.0,0.0,0.0,0.0,-8.411765,0.0,236889.27,236889.27,2.0,0.0
105648,Cash loans,F,Y,Y,0,247500.0,552555.0,30105.0,477000.0,Unaccompanied,Working,Incomplete higher,Civil marriage,House / apartment,0.02461,-10079,-3479.0,-4550.0,-2729,1,1,0,1,1,1,2.0,2,2,THURSDAY,11,0,0,0,0,0,0,Business Entity Type 3,0.5967392,0.3539876,3.0,0.0,3.0,0.0,-1664.0,0,1,0,0,0,0,0,0,0,0,0,0,0,0,0,0,0,0,0,0,0.0,0.0,0.0,0.0,1.0,2.0,701454.0,4208724.0,0.0,0.0,492229.125,1968916.5,3.0,0.0,-750.3333333333334,-2439.0,-193.0,3.0,5.0,5.0,95265.9,104780.7,55.0,0.0,0.0,0.0,-12.727273,1.0,695788.2,695788.2,5.0,0.0
105655,Cash loans,F,N,Y,0,180000.0,790830.0,45531.0,675000.0,Family,Pensioner,Incomplete higher,Single / not married,House / apartment,0.035792,-22615,,-553.0,-5258,1,0,0,1,0,0,1.0,2,2,TUESDAY,12,0,0,0,0,0,0,XNA,0.7371052,0.49566582,3.0,0.0,3.0,0.0,-460.0,0,0,0,0,1,0,0,0,0,0,0,0,0,0,0,0,0,0,0,0,0.0,0.0,0.0,0.0,0.0,1.0,135000.0,540000.0,0.0,0.0,0.0,0.0,2.0,0.0,-645.5,-1135.0,-210.0,2.0,2.0,1.0,113202.0,119427.75,4.0,0.0,0.0,0.0,-15.5,-3.0,253402.38,253402.38,1.0,0.0
105657,Cash loans,M,N,Y,0,135000.0,1057266.0,44923.5,945000.0,Unaccompanied,Pensioner,Secondary / secondary special,Married,House / apartment,0.025164,-23162,,-5079.0,-5103,1,0,0,1,0,1,2.0,2,2,FRIDAY,8,0,0,0,0,0,0,XNA,0.5938574,0.7801436,5.0,0.0,5.0,0.0,-734.0,0,0,0,0,1,0,0,0,0,0,0,0,0,0,0,0,0,0,0,0,0.0,0.0,0.0,0.0,1.0,1.0,230310.0,1151550.0,0.0,0.0,0.0,0.0,0.0,0.0,-1192.8,-2065.0,-235.0,1.0,1.0,1.0,90787.5,100377.0,4.0,0.0,0.0,0.0,-15.25,-12.0,106737.255,106737.255,1.0,0.0
105672,Cash loans,M,N,N,0,126000.0,481176.0,24696.0,360000.0,,Commercial associate,Secondary / secondary special,Married,House / apartment,0.035792,-13755,-775.0,-2271.0,-2741,1,1,1,1,0,0,2.0,2,2,MONDAY,11,0,0,0,0,0,0,Trade: type 7,0.69956625,,0.0,0.0,0.0,0.0,0.0,0,1,0,0,0,0,0,0,0,0,0,0,0,0,0,0,0,0,0,0,,,,,,,,,,,,,,,,,,,,,,,,,,,,,,,,
105678,Cash loans,F,N,Y,0,112500.0,900616.5,32476.5,670500.0,Unaccompanied,Working,Higher education,Civil marriage,House / apartment,0.020713,-18948,-663.0,-12692.0,-2495,1,1,0,1,0,0,2.0,3,2,TUESDAY,6,0,0,0,0,0,0,Medicine,0.37576547,0.2940831,1.0,1.0,1.0,1.0,-3336.0,0,1,0,0,0,0,0,0,0,0,0,0,0,0,0,0,0,0,0,0,0.0,0.0,0.0,0.0,0.0,1.0,30725.1,153625.5,0.0,0.0,35726.625,142906.5,2.0,0.0,-1414.0,-1839.0,-88.0,2.0,,,,,105.0,0.0,0.0,0.0,-1.4285715,1.0,266484.105,266484.105,,
105682,Cash loans,F,N,Y,0,225000.0,573408.0,29407.5,495000.0,Unaccompanied,Commercial associate,Higher education,Married,House / apartment,0.00733,-10082,-560.0,-927.0,-189,1,1,0,1,0,1,2.0,2,2,FRIDAY,13,0,0,0,0,0,0,Business Entity Type 3,0.55928355,,0.0,0.0,0.0,0.0,-2045.0,0,1,0,0,0,0,0,0,0,0,0,0,0,0,0,0,0,0,0,0,,,,,,,,,,,,,,,,,,,6.0,3.0,41802.75,40881.75,27.0,0.0,0.0,0.0,-6.3703704,1.0,159486.885,159486.885,4.0,0.0
105691,Cash loans,F,N,N,0,76500.0,270000.0,12987.0,270000.0,Unaccompanied,State servant,Secondary / secondary special,Married,House / apartment,0.025164,-18359,-5416.0,-3706.0,-1895,1,1,1,1,0,0,2.0,2,2,MONDAY,14,0,0,0,0,1,1,Medicine,0.5882283,0.4650692,0.0,0.0,0.0,0.0,-730.0,0,1,0,0,0,0,0,0,0,0,0,0,0,0,0,0,0,0,0,0,0.0,0.0,0.0,0.0,0.0,6.0,67500.0,67500.0,0.0,0.0,27670.5,27670.5,1.0,0.0,-705.0,-705.0,-705.0,1.0,3.0,3.0,46050.0,204958.5,31.0,-466.65725806451616,-8116.919999999999,0.0,-8.225806,23.0,213364.44,227830.815,2.0,18.0
105692,Cash loans,M,Y,N,0,450000.0,1231501.5,39726.0,949500.0,Unaccompanied,Working,Higher education,Married,House / apartment,0.04622,-18236,-3344.0,-6937.0,-1776,1,1,1,1,1,1,2.0,1,1,MONDAY,21,0,0,0,0,1,1,Construction,0.44839296,0.6512602,0.0,0.0,0.0,0.0,-939.0,0,1,0,0,0,0,0,0,0,0,0,0,0,0,0,0,0,0,0,0,0.0,0.0,0.0,0.0,0.0,3.0,542238.0,1626714.0,0.0,0.0,258450.0,775350.0,2.0,0.0,-1233.3333333333333,-1430.0,-1135.0,2.0,3.0,2.0,738945.0,782649.0,38.0,-489.19381578947383,-12920.715000000002,0.0,-10.157895,7.0,1326343.9049999998,1344933.2699999998,2.0,0.0
105706,Cash loans,M,N,Y,0,121500.0,117000.0,12415.5,117000.0,Family,Commercial associate,Secondary / secondary special,Married,House / apartment,0.00702,-20863,-1018.0,-12908.0,-4159,1,1,1,1,0,0,2.0,2,2,SATURDAY,18,0,0,0,0,1,1,Business Entity Type 3,0.3604265,0.74079907,0.0,0.0,0.0,0.0,0.0,0,1,0,0,0,0,0,0,0,0,0,0,0,0,0,0,0,0,0,0,0.0,0.0,0.0,0.0,0.0,1.0,377300.25,754600.5,0.0,0.0,7996.1625,15992.325,1.0,0.0,-1449.5,-2613.0,-286.0,1.0,1.0,1.0,166482.0,149832.0,19.0,0.0,0.0,0.0,-10.526316,0.0,251654.085,251654.085,2.0,0.0
105712,Cash loans,M,N,Y,1,90000.0,405000.0,19480.5,405000.0,Unaccompanied,Working,Secondary / secondary special,Married,House / apartment,0.04622,-17666,-2560.0,-4490.0,-1204,1,1,0,1,0,0,3.0,1,1,FRIDAY,14,0,0,0,0,0,0,Other,0.6421338,0.58674,2.0,0.0,2.0,0.0,-2291.0,0,1,0,0,0,0,0,0,0,0,0,0,0,0,0,0,0,0,0,0,0.0,0.0,0.0,0.0,1.0,1.0,98664.3,493321.5,0.0,0.0,14764.5,73822.5,1.0,0.0,-1003.2,-1949.0,-170.0,2.0,5.0,3.0,219912.3,245348.1,15.0,61332.83700000001,-6990.3,862423.38,-11.266666,8.0,2157365.16,1237372.605,3.0,0.0
105720,Cash loans,F,N,N,1,135000.0,208512.0,21892.5,180000.0,Unaccompanied,Working,Higher education,Single / not married,House / apartment,0.020246,-12758,-1070.0,-1295.0,-4161,1,1,0,1,0,1,2.0,3,3,SATURDAY,11,0,0,0,0,0,0,Business Entity Type 3,0.44699794,0.72094417,2.0,1.0,2.0,1.0,-627.0,0,1,0,0,0,0,0,0,0,0,0,0,0,0,0,0,0,0,0,0,0.0,0.0,0.0,0.0,1.0,1.0,84314.25,168628.5,0.0,0.0,0.0,0.0,0.0,0.0,-947.5,-964.0,-931.0,1.0,5.0,4.0,163601.1,181259.1,26.0,5013.806538461538,-5735.52,22482.0,-6.0384617,0.0,656614.395,526255.425,3.0,2107.0
105734,Cash loans,F,Y,Y,0,157500.0,52128.0,6313.5,45000.0,Unaccompanied,Working,Higher education,Married,House / apartment,0.030755,-13679,-1050.0,-7299.0,-2065,1,1,0,1,0,0,2.0,2,2,WEDNESDAY,17,0,0,0,1,1,0,Business Entity Type 3,0.61139256,0.7106744,4.0,0.0,4.0,0.0,-390.0,0,1,0,0,0,0,0,0,0,0,0,0,0,0,0,0,0,0,0,0,0.0,0.0,0.0,0.0,0.0,1.0,84528.0,169056.0,0.0,0.0,0.0,0.0,0.0,0.0,-1444.0,-2038.0,-850.0,1.0,1.0,1.0,136080.0,152248.5,13.0,1100.2223076923076,0.0,10727.009999999998,-13.615385,-6.0,146602.89,132300.0,1.0,0.0
105735,Cash loans,F,N,Y,0,112500.0,558706.5,43366.5,495000.0,Unaccompanied,Commercial associate,Secondary / secondary special,Civil marriage,House / apartment,0.030755,-18259,-2749.0,-2974.0,-1805,1,1,0,1,0,0,2.0,2,2,THURSDAY,13,0,0,0,0,0,0,Police,0.5627356,0.70018387,1.0,0.0,1.0,0.0,-309.0,0,1,0,0,0,0,0,0,0,0,0,0,0,0,0,0,0,0,0,0,0.0,0.0,0.0,0.0,0.0,2.0,146307.38999999998,877844.34,0.0,0.0,0.0,0.0,1.0,0.0,-1394.6666666666667,-2004.0,-728.0,2.0,2.0,2.0,85275.0,88589.25,7.0,3446.46,0.0,23781.195,-11.0,-9.0,166804.74,142679.52,1.0,0.0
105736,Cash loans,F,N,Y,2,135000.0,369720.0,23755.5,292500.0,Unaccompanied,Working,Higher education,Married,House / apartment,0.019101,-15188,-97.0,-3129.0,-6091,1,1,0,1,0,0,4.0,2,2,SATURDAY,14,0,0,0,0,0,0,Business Entity Type 3,0.6365267,0.23531052,1.0,1.0,1.0,1.0,-893.0,0,1,0,0,0,0,0,0,0,0,0,0,0,0,0,0,0,0,0,0,0.0,0.0,0.0,0.0,1.0,1.0,103500.0,414000.0,0.0,0.0,0.0,0.0,0.0,0.0,-347.25,-469.0,-25.0,2.0,4.0,2.0,94977.0,94570.875,14.0,-3906.3375,-20757.87,0.0,-13.5,15.0,173430.495,228119.22,2.0,0.0
105737,Cash loans,F,Y,N,0,220500.0,1094688.0,39321.0,945000.0,Unaccompanied,Working,Secondary / secondary special,Married,Municipal apartment,0.072508,-21250,-481.0,-4467.0,-4504,1,1,0,1,1,0,2.0,1,1,THURSDAY,14,0,0,0,0,0,0,Government,0.6157219,0.63470554,1.0,0.0,1.0,0.0,0.0,0,1,0,0,0,0,0,0,0,0,0,0,0,0,0,0,0,0,0,0,0.0,0.0,0.0,0.0,1.0,3.0,321258.43,2891325.87,0.0,0.0,25813.125,206505.0,4.0,0.0,-977.0,-1925.0,-164.0,3.0,6.0,6.0,492515.325,511785.75,61.0,-853.9200000000001,-24301.395,0.0,-5.327869,25.0,3625306.02,3677395.14,6.0,17.0
105738,Cash loans,M,N,Y,0,157500.0,225000.0,17775.0,225000.0,Family,Working,Secondary / secondary special,Married,House / apartment,0.030755,-18346,-2243.0,-4563.0,-1904,1,1,0,1,0,0,2.0,2,2,MONDAY,15,0,0,0,0,1,1,Construction,0.6763466,0.23143935,0.0,0.0,0.0,0.0,-2081.0,0,1,0,0,0,0,0,0,0,0,0,0,0,0,0,0,0,0,0,0,0.0,0.0,0.0,0.0,0.0,1.0,427500.0,855000.0,0.0,0.0,76119.75,152239.5,1.0,0.0,-1260.0,-1337.0,-1183.0,2.0,2.0,1.0,44032.5,46489.5,12.0,0.0,0.0,0.0,-9.166667,-2.0,66494.385,66494.385,1.0,0.0
105740,Cash loans,M,Y,Y,0,180000.0,296280.0,23539.5,225000.0,Unaccompanied,Working,Secondary / secondary special,Single / not married,House / apartment,0.009657,-8995,-1713.0,-7875.0,-600,1,1,0,1,0,0,1.0,2,2,WEDNESDAY,16,0,0,0,0,0,0,Business Entity Type 3,0.42976063,0.22888342,0.0,0.0,0.0,0.0,-1367.0,0,0,0,0,0,0,1,0,0,0,0,0,0,0,0,0,0,0,0,0,0.0,0.0,0.0,0.0,0.0,3.0,160639.98954545453,1767039.885,0.0,0.0,50053.5,450481.5,6.0,0.0,-499.3636363636364,-1148.0,-17.0,2.0,7.0,2.0,42486.42857142857,48386.57142857143,26.0,-613.253076923077,-13493.34,0.0,-6.9615383,8.0,325677.105,341621.685,2.0,1.0
105744,Cash loans,F,Y,N,0,225000.0,493204.5,25312.5,369000.0,Unaccompanied,Commercial associate,Higher education,Single / not married,House / apartment,0.032561,-10642,-126.0,-3941.0,-3181,1,1,0,1,0,0,1.0,1,1,THURSDAY,19,0,0,0,0,0,0,Business Entity Type 3,0.7174684,0.36394525,0.0,0.0,0.0,0.0,-516.0,0,0,0,0,0,0,1,0,0,0,0,0,0,0,0,0,0,0,0,0,0.0,0.0,0.0,0.0,0.0,1.0,496856.25,1987425.0,0.0,0.0,153716.625,614866.5,2.0,0.0,-702.25,-1326.0,-49.0,2.0,2.0,2.0,187807.5,187807.5,16.0,-820.395,-12064.95,0.0,-9.8125,2.0,342450.27,355576.59,2.0,0.0
105747,Cash loans,F,N,Y,1,126000.0,177768.0,10332.0,135000.0,Unaccompanied,Working,Secondary / secondary special,Civil marriage,House / apartment,0.030755,-16245,-7211.0,-4518.0,-4521,1,1,0,1,0,0,3.0,2,2,MONDAY,12,0,0,0,0,0,0,Transport: type 2,0.3015595,0.563835,4.0,2.0,4.0,0.0,-2441.0,0,1,0,0,0,0,0,0,0,0,0,0,0,0,0,0,0,0,0,0,0.0,0.0,0.0,0.0,0.0,2.0,86522.63464285714,1211316.885,0.0,0.0,8907.954545454546,97987.5,2.0,0.0,-1715.642857142857,-2779.0,-238.0,1.0,5.0,4.0,107612.1,107676.0,41.0,0.0,0.0,0.0,-11.804878,1.0,378199.21499999997,378199.21499999997,4.0,0.0
105749,Cash loans,F,N,Y,2,67500.0,130320.0,14161.5,112500.0,Unaccompanied,Working,Secondary / secondary special,Married,House / apartment,0.028663,-10775,-779.0,-2092.0,-2141,1,1,1,1,0,0,4.0,2,2,WEDNESDAY,9,0,0,0,0,0,0,Postal,0.339444,0.31391668,0.0,0.0,0.0,0.0,-2008.0,0,1,0,0,0,0,0,0,0,0,0,0,0,0,0,0,0,0,0,0,0.0,0.0,0.0,0.0,0.0,0.0,73195.335,219586.005,0.0,0.0,9087.0,27261.0,1.0,0.0,-649.0,-1159.0,-322.0,1.0,15.0,10.0,89563.5,94973.4,122.0,-519.0650409836064,-17400.105,20451.015,-15.221312,48.0,1412919.54,1476245.4749999999,9.0,0.0
105754,Cash loans,F,N,N,0,90000.0,146038.5,7024.5,110902.5,Unaccompanied,Working,Secondary / secondary special,Widow,House / apartment,0.015221,-20704,-3036.0,-9755.0,-4261,1,1,1,1,0,0,1.0,2,2,FRIDAY,9,0,0,0,0,0,0,Other,0.57161975,0.36227724,0.0,0.0,0.0,0.0,-720.0,0,1,0,0,0,0,0,0,0,0,0,0,0,0,0,0,0,0,0,0,0.0,0.0,0.0,0.0,2.0,1.0,147729.01200000002,2215935.18,0.0,0.0,74717.625,896611.5,7.0,0.0,-1020.1333333333333,-2889.0,-235.0,2.0,1.0,1.0,88123.5,79308.0,5.0,0.0,0.0,0.0,-29.2,-14.0,82817.01000000001,82817.01000000001,1.0,0.0
105758,Cash loans,F,Y,Y,0,270000.0,729792.0,37390.5,630000.0,Family,Commercial associate,Secondary / secondary special,Married,Municipal apartment,0.035792,-13922,-697.0,-7831.0,-5422,1,1,0,1,1,0,2.0,2,2,MONDAY,16,0,0,0,0,0,0,Other,0.70394164,0.49566582,0.0,0.0,0.0,0.0,-3879.0,0,1,0,0,0,0,0,0,0,0,0,0,0,0,0,0,0,0,0,0,0.0,0.0,0.0,0.0,0.0,1.0,484857.5625,1939430.25,0.0,0.0,362250.0,1449000.0,1.0,0.0,-1200.25,-1708.0,-13.0,1.0,,,,,,,,,,,,,,
105760,Cash loans,F,N,N,1,112500.0,525735.0,36720.0,450000.0,Unaccompanied,Working,Secondary / secondary special,Civil marriage,House / apartment,0.009175,-15505,-1599.0,-1117.0,-4386,1,1,0,1,0,0,3.0,2,2,TUESDAY,16,0,0,0,0,0,0,Business Entity Type 3,0.69288814,0.51549536,2.0,2.0,2.0,2.0,0.0,0,1,0,0,0,0,0,0,0,0,0,0,0,0,0,0,0,0,0,0,0.0,0.0,0.0,0.0,2.0,1.0,90000.0,180000.0,0.0,0.0,868.5,1737.0,1.0,0.0,-342.0,-396.0,-288.0,1.0,4.0,2.0,38570.625,35794.125,23.0,1776.3260869565217,0.0,9698.625,-13.956522,-8.0,214100.145,173244.645,2.0,0.0
105767,Cash loans,F,N,Y,0,207000.0,450000.0,23107.5,450000.0,Unaccompanied,Pensioner,Secondary / secondary special,Married,House / apartment,0.018209,-21020,,-9571.0,-4512,1,0,0,1,0,0,2.0,3,3,SUNDAY,9,0,0,0,0,0,0,XNA,0.33487955,0.3016249,0.0,0.0,0.0,0.0,-1761.0,0,0,0,0,1,0,0,0,0,0,0,0,0,0,0,0,0,0,0,0,0.0,0.0,0.0,0.0,0.0,6.0,368109.0,2208654.0,0.0,0.0,196401.0,1178406.0,5.0,0.0,-628.1666666666666,-1439.0,-198.0,2.0,14.0,7.0,290801.25,332893.9285714286,215.0,-358.7142558139535,-21469.5,0.0,-9.293023,9.0,3369370.725,3446494.29,6.0,5.0
105784,Cash loans,F,N,Y,1,180000.0,182448.0,21780.0,157500.0,Unaccompanied,Commercial associate,Secondary / secondary special,Civil marriage,House / apartment,0.009334,-11008,-1964.0,-10689.0,-2508,1,1,0,1,0,0,3.0,2,2,FRIDAY,15,0,0,0,0,0,0,Self-employed,0.5567487,0.21762852,1.0,0.0,1.0,0.0,-390.0,0,1,0,0,0,0,0,0,0,0,0,0,0,0,0,0,0,0,0,0,0.0,0.0,0.0,0.0,0.0,4.0,135287.6625,541150.65,0.0,0.0,81920.9925,327683.97,3.0,0.0,-759.0,-1286.0,-233.0,2.0,2.0,2.0,55957.5,46467.0,6.0,0.0,0.0,0.0,-8.833333,-6.0,54734.22,54734.22,1.0,0.0
105791,Cash loans,F,N,N,0,274500.0,769500.0,32733.0,769500.0,Children,Working,Secondary / secondary special,Civil marriage,House / apartment,0.010006,-21018,-4769.0,-1137.0,-1034,1,1,0,1,1,0,2.0,2,2,THURSDAY,11,0,0,0,0,0,0,Self-employed,0.5496737,0.5620605,2.0,0.0,2.0,0.0,-659.0,0,0,0,1,0,0,0,0,0,0,0,0,0,0,0,0,0,0,0,0,0.0,0.0,0.0,0.0,0.0,2.0,116731.92857142857,817123.5,0.0,0.0,15492.214285714286,108445.5,1.0,0.0,-1210.5714285714287,-2623.0,-341.0,2.0,4.0,4.0,134552.25,130222.125,28.0,-191.3351785714286,-5356.9800000000005,0.0,40.785713,1788.0,436835.97000000003,442193.35500000004,3.0,0.0
105802,Cash loans,F,N,Y,0,180000.0,601470.0,30838.5,450000.0,Unaccompanied,Commercial associate,Secondary / secondary special,Single / not married,House / apartment,0.019689,-10087,-417.0,-4781.0,-2757,1,1,0,1,0,0,1.0,2,2,MONDAY,13,0,0,0,0,0,0,Mobile,0.48345962,0.6528965,1.0,1.0,1.0,1.0,-1916.0,0,1,0,0,0,0,0,0,0,0,0,0,0,0,0,0,0,0,0,0,0.0,0.0,0.0,0.0,0.0,1.0,97711.65,977116.5,0.0,0.0,33116.445,331164.45,5.0,0.0,-1451.2,-2171.0,-980.0,2.0,4.0,3.0,37068.75,32423.625,38.0,0.0,0.0,0.0,-11.394737,3.0,134798.94,134798.94,3.0,0.0
105807,Cash loans,M,N,Y,0,112500.0,332946.0,17127.0,238500.0,"Spouse, partner",Working,Secondary / secondary special,Married,House / apartment,0.006671,-12200,-340.0,-29.0,-4639,1,1,0,1,0,1,2.0,2,2,THURSDAY,19,0,0,0,0,1,1,Business Entity Type 3,0.15316737,0.63970757,1.0,0.0,1.0,0.0,0.0,0,1,0,0,0,0,0,0,0,0,0,0,0,0,0,0,0,0,0,0,0.0,0.0,0.0,0.0,0.0,4.0,444573.0,2667438.0,0.0,0.0,356022.75,2136136.5,4.0,0.0,-812.1666666666666,-1626.0,-416.0,1.0,5.0,4.0,363024.0,393291.9,39.0,0.0,0.0,0.0,-12.974359,-1.0,2389420.35,2389420.35,4.0,0.0
105809,Cash loans,F,Y,Y,0,148500.0,407520.0,25060.5,360000.0,Unaccompanied,State servant,Secondary / secondary special,Married,House / apartment,0.011657,-20579,-2281.0,-6725.0,-3168,1,1,1,1,0,0,2.0,1,1,TUESDAY,11,0,1,1,0,1,1,Other,0.7239693,,0.0,0.0,0.0,0.0,-1904.0,0,1,0,0,0,0,0,0,0,0,0,0,0,0,0,0,0,0,0,0,0.0,0.0,0.0,0.0,0.0,1.0,488428.36363636365,5372712.0,0.0,0.0,147798.64285714287,1034590.5,4.0,0.0,-1030.7272727272727,-1883.0,-68.0,3.0,2.0,1.0,151222.5,183498.75,7.0,-893.8542857142855,-6248.5199999999995,0.0,22.285715,268.0,37499.58,43756.56,1.0,240.0
105816,Cash loans,F,N,N,0,135000.0,964575.0,31113.0,675000.0,Unaccompanied,Working,Secondary / secondary special,Civil marriage,House / apartment,0.018209,-19279,-3692.0,-8595.0,-2814,1,1,1,1,1,0,2.0,3,3,TUESDAY,8,0,0,0,0,0,0,Self-employed,0.52805585,0.5814837,1.0,0.0,1.0,0.0,-191.0,0,1,0,0,0,0,0,0,0,0,0,0,0,0,0,0,0,0,0,0,0.0,0.0,0.0,0.0,1.0,2.0,144376.5,433129.5,0.0,0.0,271161.0,271161.0,1.0,0.0,-1433.0,-2427.0,-182.0,1.0,5.0,4.0,278839.8,300827.7,122.0,-36.885245901639344,-1800.0,0.0,-9.131147,9.0,1602942.075,1607442.075,3.0,0.0
105817,Cash loans,F,Y,N,0,315000.0,732915.0,77089.5,675000.0,Unaccompanied,Commercial associate,Higher education,Married,House / apartment,0.02461,-9970,-617.0,-547.0,-536,1,1,0,1,1,1,2.0,2,2,WEDNESDAY,12,0,0,0,0,0,0,Business Entity Type 3,0.7471769,0.4382814,1.0,0.0,1.0,0.0,-1825.0,0,1,0,0,0,0,0,0,0,0,0,0,0,0,0,0,0,0,0,0,0.0,0.0,0.0,0.0,1.0,4.0,498375.0,996750.0,0.0,0.0,0.0,0.0,0.0,0.0,-604.5,-755.0,-454.0,2.0,6.0,3.0,196714.5,199206.0,17.0,-480.00705882352946,-3691.53,0.0,-7.882353,3.0,1161826.6500000001,1169986.77,3.0,0.0
105824,Cash loans,M,Y,Y,2,360000.0,280170.0,28836.0,247500.0,Unaccompanied,Working,Secondary / secondary special,Married,House / apartment,0.020246,-16564,-852.0,-3883.0,-96,1,1,0,1,0,0,4.0,3,3,WEDNESDAY,7,0,0,0,0,0,0,Self-employed,0.46443972,0.52449644,0.0,0.0,0.0,0.0,-699.0,0,1,0,0,0,0,0,0,0,0,0,0,0,0,0,0,0,0,0,0,0.0,0.0,0.0,0.0,0.0,0.0,103776.75,207553.5,0.0,0.0,0.0,0.0,0.0,0.0,-2629.0,-2731.0,-2527.0,1.0,3.0,2.0,220800.0,220800.0,25.0,0.0,0.0,0.0,-7.16,0.0,869636.385,869636.385,1.0,0.0
105832,Cash loans,M,N,Y,0,112500.0,130320.0,13482.0,112500.0,Unaccompanied,Commercial associate,Secondary / secondary special,Single / not married,House / apartment,0.018634,-9867,-428.0,-5859.0,-2031,1,1,0,1,0,0,1.0,2,2,WEDNESDAY,18,0,0,0,0,0,0,Business Entity Type 1,0.6267685,0.45969045,0.0,0.0,0.0,0.0,-851.0,0,0,0,0,0,0,1,0,0,0,0,0,0,0,0,0,0,0,0,0,0.0,0.0,0.0,0.0,0.0,0.0,67500.0,67500.0,0.0,0.0,0.0,0.0,1.0,0.0,-413.0,-413.0,-413.0,1.0,3.0,2.0,63087.0,64122.0,14.0,0.0,0.0,0.0,-14.5,-9.0,181814.58000000002,181814.58000000002,2.0,0.0
105856,Cash loans,F,N,Y,1,76500.0,126000.0,6192.0,126000.0,"Spouse, partner",Working,Higher education,Married,With parents,0.008474,-10041,-2052.0,-3171.0,-1705,1,1,0,1,0,1,3.0,2,2,FRIDAY,10,0,0,0,0,0,0,Business Entity Type 3,0.67094785,,5.0,0.0,5.0,0.0,-1022.0,0,1,0,0,0,0,0,0,0,0,0,0,0,0,0,0,0,0,0,0,0.0,0.0,0.0,0.0,1.0,3.0,168799.14,168799.14,0.0,0.0,0.0,0.0,0.0,0.0,-918.0,-918.0,-918.0,1.0,4.0,4.0,65639.25,263158.875,76.0,0.0,0.0,0.0,-6.763158,6.0,1070109.45,1070109.45,3.0,0.0
105865,Cash loans,F,N,Y,0,76500.0,281938.5,21946.5,252000.0,Unaccompanied,Pensioner,Secondary / secondary special,Married,House / apartment,0.018029,-23851,,-3622.0,-5867,1,0,0,1,0,0,2.0,3,3,FRIDAY,7,0,0,0,0,0,0,XNA,0.38272548,0.75440615,5.0,0.0,5.0,0.0,-1745.0,0,1,0,0,0,0,0,0,0,0,0,0,0,0,0,0,0,0,0,0,0.0,0.0,0.0,0.0,1.0,0.0,360684.0,1082052.0,0.0,0.0,0.0,0.0,0.0,0.0,-1426.3333333333333,-2137.0,-707.0,2.0,2.0,2.0,109800.0,115825.5,32.0,659.5509374999997,-9189.990000000002,26516.879999999997,-32.8125,24.0,402079.5,380973.87,2.0,9.0
105899,Cash loans,F,N,Y,0,121500.0,450000.0,35685.0,450000.0,Unaccompanied,Working,Higher education,Married,House / apartment,0.028663,-10282,-2858.0,-188.0,-913,1,1,0,1,0,1,2.0,2,2,MONDAY,14,0,0,0,0,0,0,Kindergarten,0.54990643,0.11612491,5.0,2.0,5.0,2.0,0.0,0,1,0,0,0,0,0,0,0,0,0,0,0,0,0,0,0,0,0,0,0.0,0.0,0.0,0.0,0.0,3.0,134469.38999999998,1613632.68,0.0,0.0,77482.83,929793.96,7.0,0.0,-779.8333333333334,-1313.0,-214.0,2.0,4.0,4.0,95625.0,103857.75,35.0,-1198.085142857143,-10662.66,0.0,-4.257143,14.0,321699.96,363632.94,2.0,9.0
105906,Cash loans,F,Y,Y,0,157500.0,225000.0,23184.0,225000.0,Unaccompanied,Pensioner,Secondary / secondary special,Married,House / apartment,0.026392,-23828,,-226.0,-4581,1,0,0,1,0,0,2.0,2,2,FRIDAY,11,0,0,0,0,0,0,XNA,0.6512964,0.6817059,5.0,2.0,5.0,2.0,-1171.0,0,0,0,0,1,0,0,0,0,0,0,0,0,0,0,0,0,0,0,0,0.0,0.0,0.0,0.0,1.0,2.0,130177.125,520708.5,0.0,0.0,0.0,0.0,0.0,0.0,-2285.25,-2474.0,-1719.0,2.0,20.0,9.0,272542.71150000003,294714.0,93.0,-6355.414838709678,-39974.76,0.0,-3.903226,22.0,2026039.995,2617093.575,7.0,19.0
105916,Cash loans,F,N,N,0,180000.0,323460.0,26064.0,270000.0,Unaccompanied,Working,Secondary / secondary special,Married,House / apartment,0.031329,-19101,-6894.0,-3413.0,-2650,1,1,1,1,0,0,2.0,2,2,SATURDAY,14,0,0,0,0,0,0,Business Entity Type 2,0.4590375,0.4650692,0.0,0.0,0.0,0.0,-2505.0,0,1,0,0,0,0,0,0,0,0,0,0,0,0,0,0,0,0,0,0,0.0,0.0,0.0,0.0,1.0,4.0,106859.205,961732.845,0.0,0.0,31012.875,248103.0,2.0,0.0,-1276.888888888889,-2860.0,-86.0,2.0,16.0,8.0,205589.25,211540.21875,68.0,-1822.7216911764706,-17573.309999999998,0.0,-14.411765,35.0,836798.0399999999,960743.115,8.0,20.0
105923,Cash loans,F,N,Y,0,112500.0,164182.5,17811.0,148500.0,Unaccompanied,Working,Secondary / secondary special,Married,House / apartment,0.00823,-18889,-1137.0,-8.0,-2422,1,1,0,1,0,0,2.0,2,2,WEDNESDAY,9,0,0,0,0,0,0,Business Entity Type 3,0.4930703,0.563835,0.0,0.0,0.0,0.0,-722.0,0,1,0,0,0,0,0,0,0,0,0,0,0,0,0,0,0,0,0,0,0.0,0.0,0.0,0.0,1.0,3.0,261138.144375,4178210.31,0.0,0.0,166314.09375,2661025.5,1.0,0.0,-1013.1875,-2370.0,-32.0,2.0,7.0,5.0,119168.35714285714,222357.85714285713,48.0,0.0,0.0,0.0,-18.916666,0.0,1114458.795,1114458.795,4.0,0.0
105937,Cash loans,M,Y,Y,1,225000.0,523152.0,48114.0,463500.0,Unaccompanied,Commercial associate,Higher education,Married,House / apartment,0.035792,-10515,-691.0,-848.0,-3110,1,1,0,1,0,0,3.0,2,2,SATURDAY,13,0,0,0,0,1,1,Construction,0.47123954,0.33285058,3.0,0.0,3.0,0.0,-1442.0,0,0,0,0,0,0,1,0,0,0,0,0,0,0,0,0,0,0,0,0,0.0,0.0,0.0,0.0,1.0,2.0,195451.48125,1563611.85,0.0,0.0,59117.25,354703.5,5.0,0.0,-624.25,-1439.0,-164.0,2.0,6.0,2.0,48017.85,45248.174999999996,8.0,0.0,0.0,0.0,-21.125,-16.0,93653.73000000001,93653.73000000001,2.0,0.0
105965,Cash loans,F,N,Y,0,234000.0,314055.0,13329.0,238500.0,Unaccompanied,Pensioner,Secondary / secondary special,Married,House / apartment,0.035792,-23571,,-4623.0,-4628,1,0,0,1,0,0,2.0,2,2,TUESDAY,15,0,0,0,0,0,0,XNA,0.67646146,0.6894792,0.0,0.0,0.0,0.0,-2559.0,0,0,0,0,1,0,0,0,0,0,0,0,0,0,0,0,0,0,0,0,0.0,0.0,0.0,0.0,0.0,5.0,680302.9349999999,3401514.675,0.0,0.0,369608.4,1848042.0,3.0,0.0,-745.8,-1460.0,-286.0,2.0,15.0,5.0,228300.0,250523.7,135.0,-1394.933,-18950.76,14202.36,-6.422222,10.0,2029059.27,2217375.225,6.0,0.0
105966,Cash loans,F,N,N,1,90000.0,234000.0,18238.5,234000.0,Unaccompanied,Working,Incomplete higher,Married,House / apartment,0.008866,-10631,-187.0,-1359.0,-1778,1,1,0,1,0,0,3.0,2,2,THURSDAY,10,0,0,0,0,0,0,Kindergarten,0.34277132,0.44005784,2.0,0.0,2.0,0.0,0.0,0,1,0,0,0,0,0,0,0,0,0,0,0,0,0,0,0,0,0,0,0.0,0.0,0.0,0.0,0.0,4.0,235644.75,1413868.5,0.0,0.0,163808.25,982849.5,3.0,0.0,-643.6666666666666,-1641.0,-164.0,2.0,6.0,4.0,317628.75,350876.25,27.0,-4229.575000000001,-34630.875,0.0,-9.555555,4.0,1105370.055,1219568.58,4.0,0.0
105968,Cash loans,M,Y,Y,1,270000.0,324216.0,23719.5,256500.0,Family,State servant,Secondary / secondary special,Married,House / apartment,0.014464,-12597,-623.0,-6677.0,-1699,1,1,0,1,0,1,3.0,2,2,SUNDAY,4,0,0,0,0,0,0,Military,0.6673994,,3.0,0.0,3.0,0.0,-1998.0,0,0,0,0,0,0,1,0,0,0,0,0,0,0,0,0,0,0,0,0,,,,,,,,,,,,,,,,,,,6.0,5.0,125000.25,129091.5,43.0,-325.54883720930235,-13995.0,0.0,-50.139534,22.0,418102.64999999997,432101.25,4.0,0.0
105973,Cash loans,F,Y,N,0,135000.0,225000.0,11488.5,225000.0,Unaccompanied,Working,Secondary / secondary special,Married,House / apartment,0.009334,-17383,-1836.0,-366.0,-545,1,1,0,1,0,0,2.0,2,2,THURSDAY,9,0,0,0,0,0,0,Business Entity Type 2,0.7266704,0.53527623,6.0,0.0,6.0,0.0,-2046.0,0,1,0,0,0,0,0,0,0,0,0,0,0,0,0,0,0,0,0,0,0.0,0.0,0.0,0.0,0.0,5.0,218186.82818181816,2400055.11,0.0,0.0,121262.72727272728,1333890.0,5.0,0.0,-1006.4545454545455,-1850.0,-246.0,3.0,18.0,10.0,64087.25,72735.0,134.0,309.0616791044776,-9048.6,130705.425,-4.80597,12.0,1415067.255,1373652.99,10.0,9.0
105976,Cash loans,F,N,N,0,90000.0,225000.0,16371.0,225000.0,Unaccompanied,Working,Secondary / secondary special,Married,House / apartment,0.008866,-10154,-1401.0,-3626.0,-1037,1,1,1,1,0,0,2.0,2,2,MONDAY,15,0,0,0,0,1,1,Agriculture,0.3588854,,3.0,0.0,3.0,0.0,-1349.0,0,1,0,0,0,0,0,0,0,0,0,0,0,0,0,0,0,0,0,0,0.0,0.0,0.0,0.0,0.0,0.0,173250.0,173250.0,0.0,0.0,94122.0,94122.0,1.0,0.0,-841.0,-841.0,-841.0,1.0,3.0,3.0,74457.0,76920.0,42.0,-1592.4021428571427,-8689.050000000001,0.0,8.166667,393.0,259466.80500000002,326347.695,3.0,27.0
105978,Cash loans,F,N,N,1,135000.0,817560.0,30820.5,675000.0,Unaccompanied,State servant,Higher education,Married,House / apartment,0.00702,-13558,-1733.0,-7585.0,-1925,1,1,0,1,0,0,3.0,2,2,TUESDAY,16,0,0,0,0,0,0,Medicine,0.5725887,0.3556387,8.0,1.0,8.0,0.0,-319.0,0,1,0,0,0,0,0,0,0,0,0,0,0,0,0,0,0,0,0,0,0.0,0.0,0.0,1.0,0.0,2.0,169278.53399999999,2539178.01,0.0,0.0,106387.26923076923,1383034.5,5.0,0.0,-915.5333333333333,-2535.0,-134.0,2.0,5.0,2.0,17690.4,18112.5,18.0,-349.22,-3038.355,0.0,-19.222221,9.0,62331.345,68617.305,2.0,0.0
105979,Cash loans,M,Y,Y,0,292500.0,1441687.5,46638.0,1237500.0,"Spouse, partner",Working,Higher education,Married,House / apartment,0.020713,-14241,-2641.0,-156.0,-4908,1,1,0,1,0,0,2.0,3,2,THURSDAY,13,0,0,0,0,0,0,Construction,0.5210861,0.57620883,7.0,0.0,7.0,0.0,0.0,0,1,0,0,0,0,0,0,0,0,0,0,0,0,0,0,0,0,0,0,0.0,0.0,0.0,0.0,0.0,2.0,709824.7200000001,4258948.32,0.0,0.0,345482.1,1727410.5,3.0,0.0,-982.1666666666666,-1646.0,-549.0,2.0,3.0,3.0,107994.0,93672.0,22.0,0.0,0.0,0.0,-10.136364,-3.0,327009.465,327009.465,4.0,0.0
105991,Cash loans,F,Y,Y,1,157500.0,104256.0,11074.5,90000.0,Unaccompanied,Working,Higher education,Civil marriage,House / apartment,0.006305,-12405,-1582.0,-5982.0,-2167,1,1,0,1,0,0,3.0,3,3,TUESDAY,5,0,0,0,0,0,0,Industry: type 3,0.5947801,,0.0,0.0,0.0,0.0,0.0,0,1,0,0,0,0,0,0,0,0,0,0,0,0,0,0,0,0,0,0,,,,,,,,,,,,,,,,,,,,,,,,,,,,,,,,
105998,Cash loans,F,Y,Y,0,247500.0,964575.0,31113.0,675000.0,Unaccompanied,Working,Higher education,Married,House / apartment,0.018634,-14026,-866.0,-6791.0,-5074,1,1,1,1,1,0,2.0,2,2,WEDNESDAY,17,0,1,1,0,1,1,Trade: type 6,0.62790346,0.162442,0.0,0.0,0.0,0.0,-269.0,0,1,0,0,0,0,0,0,0,0,0,0,0,0,0,0,0,0,0,0,0.0,0.0,0.0,0.0,0.0,1.0,397999.13999999996,2387994.84,0.0,0.0,112025.25,672151.5,1.0,0.0,-1151.8333333333333,-2480.0,-363.0,2.0,3.0,2.0,53629.5,52354.5,17.0,0.0,0.0,0.0,-22.411764,-1.0,92615.44499999999,92615.44499999999,2.0,0.0
105999,Cash loans,F,Y,Y,3,202500.0,224149.5,23665.5,193500.0,Unaccompanied,Working,Secondary / secondary special,Married,House / apartment,0.019101,-13539,-1527.0,-7001.0,-4298,1,1,0,1,0,0,5.0,2,2,SATURDAY,10,0,0,0,0,0,0,Business Entity Type 3,0.7011999,0.4902575,0.0,0.0,0.0,0.0,-1434.0,0,1,0,0,0,0,0,0,0,0,0,0,0,0,0,0,0,0,0,0,0.0,0.0,0.0,0.0,1.0,1.0,141414.75,565659.0,0.0,0.0,42016.5,168066.0,1.0,0.0,-1201.5,-1623.0,-827.0,2.0,6.0,5.0,59799.585,63440.085,48.0,0.0,0.0,0.0,-7.875,1.0,446598.18,446598.18,5.0,0.0
106000,Cash loans,M,Y,Y,0,90000.0,360000.0,22153.5,360000.0,Family,Pensioner,Lower secondary,Married,House / apartment,0.018209,-22762,,-2110.0,-12,1,0,0,1,0,1,2.0,3,3,MONDAY,6,0,0,0,0,0,0,XNA,0.24559256,0.3062023,5.0,0.0,5.0,0.0,0.0,0,1,0,0,0,0,0,0,0,0,0,0,0,0,0,0,0,0,0,0,0.0,0.0,0.0,0.0,0.0,0.0,664818.75,2659275.0,199.125,796.5,224994.0,674982.0,3.0,234.0,-723.75,-1526.0,-352.0,3.0,2.0,2.0,125655.75,127795.5,40.0,0.0,0.0,0.0,-15.35,-2.0,339417.855,339417.855,2.0,0.0
106001,Cash loans,F,N,Y,0,67500.0,52128.0,5472.0,45000.0,Unaccompanied,Working,Secondary / secondary special,Single / not married,House / apartment,0.008866,-17050,-240.0,-6082.0,-594,1,1,0,1,0,0,1.0,2,2,MONDAY,14,0,0,0,0,0,0,Government,0.38502702,0.6545293,0.0,0.0,0.0,0.0,0.0,0,1,0,0,0,0,0,0,0,0,0,0,0,0,0,0,0,0,0,0,0.0,0.0,0.0,0.0,0.0,1.0,68209.14,204627.41999999998,0.0,0.0,0.0,0.0,0.0,0.0,-1040.0,-1498.0,-572.0,1.0,2.0,2.0,58425.75,54357.75,32.0,0.0,0.0,0.0,-5.96875,0.0,144035.28,144035.28,2.0,0.0
106010,Cash loans,F,N,Y,0,540000.0,1096020.0,52857.0,900000.0,Unaccompanied,Working,Higher education,Single / not married,House / apartment,0.008019,-20469,-878.0,-5460.0,-3937,1,1,0,1,0,0,1.0,2,2,FRIDAY,11,0,1,1,0,0,0,Self-employed,0.73248595,0.16740845,0.0,0.0,0.0,0.0,-2963.0,0,1,0,0,0,0,0,0,0,0,0,0,0,0,0,0,0,0,0,0,0.0,0.0,0.0,0.0,2.0,2.0,883000.0242857144,18543000.51,0.0,0.0,167314.635,2844348.795,9.0,0.0,-712.7142857142857,-1813.0,-195.0,2.0,23.0,7.0,490842.39130434784,561392.6086956522,216.0,-3039.224375,-271935.94499999995,0.0,-8.824074,13.0,5019908.13,5676380.595,7.0,0.0
106011,Cash loans,F,N,N,0,112500.0,63000.0,6745.5,63000.0,Unaccompanied,Commercial associate,Secondary / secondary special,Single / not married,Rented apartment,0.02461,-13262,-1506.0,-7339.0,-1877,1,1,0,1,0,0,1.0,2,2,THURSDAY,15,0,0,0,1,1,0,Business Entity Type 3,0.624838,0.5226973,0.0,0.0,0.0,0.0,-321.0,0,0,0,1,0,0,0,0,0,0,0,0,0,0,0,0,0,0,0,0,0.0,0.0,0.0,0.0,1.0,0.0,174418.66125,1395349.29,0.0,0.0,66.9375,535.5,2.0,0.0,-982.875,-2490.0,-317.0,2.0,3.0,3.0,38385.0,39049.5,5.0,0.0,0.0,0.0,-13.4,-10.0,31457.295,31457.295,1.0,0.0
106013,Cash loans,F,N,Y,2,135000.0,225000.0,17775.0,225000.0,Unaccompanied,Working,Secondary / secondary special,Married,House / apartment,0.035792,-13850,-1003.0,-2734.0,-359,1,1,1,1,0,0,4.0,2,2,MONDAY,12,0,0,0,0,0,0,Other,0.122506455,0.5884878,4.0,0.0,4.0,0.0,-652.0,0,1,0,0,0,0,0,0,0,0,0,0,0,0,0,0,0,0,0,0,0.0,0.0,0.0,0.0,1.0,1.0,121500.0,243000.0,0.0,0.0,21651.75,43303.5,2.0,0.0,-919.5,-920.0,-919.0,2.0,3.0,2.0,58405.5,62628.0,16.0,0.0,0.0,0.0,-8.4375,-1.0,203373.44999999998,203373.44999999998,2.0,0.0
106015,Cash loans,F,N,N,0,54000.0,99504.0,10192.5,90000.0,Unaccompanied,Pensioner,Secondary / secondary special,Civil marriage,Municipal apartment,0.02461,-20231,,-6562.0,-3685,1,0,0,1,1,0,2.0,2,2,SATURDAY,18,0,0,0,0,0,0,XNA,0.68806046,,0.0,0.0,0.0,0.0,-1211.0,0,1,0,0,0,0,0,0,0,0,0,0,0,0,0,0,0,0,0,0,,,,,,,,,,,,,,,,,,,2.0,2.0,92936.25,98298.0,21.0,0.0,0.0,0.0,-11.047619,-1.0,213378.075,213378.075,2.0,0.0
106026,Cash loans,F,N,Y,0,144000.0,1024740.0,43416.0,900000.0,Unaccompanied,State servant,Higher education,Married,House / apartment,0.00496,-17330,-6896.0,-5449.0,-864,1,1,0,1,1,0,2.0,2,2,FRIDAY,16,0,0,0,0,0,0,Kindergarten,0.5779743,0.79226446,1.0,0.0,1.0,0.0,-1448.0,0,1,0,0,0,0,0,0,0,0,0,0,0,0,0,0,0,0,0,0,0.0,0.0,0.0,0.0,0.0,1.0,349508.25,699016.5,0.0,0.0,85455.675,170911.35,1.0,0.0,-1510.0,-2332.0,-688.0,1.0,2.0,2.0,97814.25,98419.5,20.0,-1211.31,-12105.0,0.0,-8.95,4.0,227798.19,252024.39,2.0,4.0
106032,Cash loans,F,N,Y,0,72000.0,104256.0,10813.5,90000.0,Unaccompanied,Pensioner,Higher education,Married,House / apartment,0.030755,-24141,,-12377.0,-4944,1,0,0,1,1,0,2.0,2,2,WEDNESDAY,10,0,0,0,0,0,0,XNA,0.21867453,0.52629495,0.0,0.0,0.0,0.0,0.0,0,1,0,0,0,0,0,0,0,0,0,0,0,0,0,0,0,0,0,0,0.0,0.0,0.0,0.0,1.0,4.0,68537.25,685372.5,0.0,0.0,4469.625,35757.0,2.0,0.0,-923.1,-1969.0,-33.0,2.0,8.0,5.0,53092.125,57865.5,53.0,-380.41641509433964,-9535.365,0.0,-13.075472,10.0,414484.92,434646.99,5.0,0.0
106035,Cash loans,F,Y,Y,2,85500.0,254700.0,20119.5,225000.0,Unaccompanied,Working,Secondary / secondary special,Married,House / apartment,0.007114,-13675,-1799.0,-1509.0,-172,1,1,0,1,0,0,4.0,2,2,TUESDAY,10,0,0,0,0,0,0,Medicine,0.49039227,0.10211879,0.0,0.0,0.0,0.0,-1594.0,0,1,0,0,0,0,0,0,0,0,0,0,0,0,0,0,0,0,0,0,0.0,0.0,0.0,0.0,0.0,0.0,84552.75,422763.75,0.0,0.0,64809.0,324045.0,2.0,0.0,-844.4,-2126.0,-109.0,2.0,6.0,6.0,58603.200000000004,63429.75,80.0,-1725.67125,-11450.205,0.0,-4.4375,12.0,479932.875,617986.5750000001,7.0,12.0
106040,Cash loans,F,N,Y,1,225000.0,685386.0,43933.5,585000.0,Unaccompanied,Commercial associate,Secondary / secondary special,Separated,House / apartment,0.072508,-14230,-1246.0,-5190.0,-389,1,1,0,1,0,0,2.0,1,1,SUNDAY,15,1,1,0,1,1,0,Business Entity Type 3,0.6604809,,3.0,0.0,3.0,0.0,-339.0,0,1,0,0,0,0,0,0,0,0,0,0,0,0,0,0,0,0,0,0,0.0,0.0,0.0,0.0,0.0,0.0,,,,,,,,,,,,,5.0,5.0,374872.5,399315.6,110.0,-3419.835954545454,-42301.395,0.0,-5.581818,11.0,2898927.0,3275108.955,4.0,1.0
106041,Cash loans,M,Y,Y,2,180000.0,550980.0,43659.0,450000.0,Unaccompanied,Working,Secondary / secondary special,Civil marriage,House / apartment,0.030755,-12962,-881.0,-7018.0,-4679,1,1,0,1,1,0,4.0,2,2,MONDAY,14,0,0,0,0,1,1,Business Entity Type 3,0.33904207,0.49566582,1.0,1.0,1.0,1.0,-1441.0,0,1,0,0,0,0,0,0,0,0,0,0,0,0,0,0,0,0,0,0,0.0,0.0,0.0,0.0,0.0,0.0,277500.0,1665000.0,0.0,0.0,215584.5,646753.5,2.0,0.0,-908.5,-2551.0,-70.0,2.0,4.0,3.0,386122.5,500265.0,64.0,-368.159765625,-22662.225,0.0,-3.1875,16.0,1058651.865,1082214.09,3.0,5.0
106044,Cash loans,F,N,Y,0,112500.0,1092190.5,46404.0,927000.0,Unaccompanied,Pensioner,Secondary / secondary special,Married,House / apartment,0.020246,-22567,,-4173.0,-5655,1,0,0,1,0,1,2.0,3,3,WEDNESDAY,6,0,0,0,0,0,0,XNA,0.558766,0.73381454,0.0,0.0,0.0,0.0,-1151.0,0,0,0,0,1,0,0,0,0,0,0,0,0,0,0,0,0,0,0,0,0.0,0.0,0.0,0.0,0.0,1.0,253087.23599999998,1265436.18,0.0,0.0,22667.4,113337.0,0.0,0.0,-1493.0,-2104.0,-731.0,1.0,1.0,1.0,77706.0,85914.0,10.0,0.0,0.0,0.0,-16.7,-10.0,107310.06,107310.06,1.0,0.0
106053,Cash loans,F,N,N,0,315000.0,215865.0,26856.0,202500.0,Unaccompanied,Commercial associate,Secondary / secondary special,Married,House / apartment,0.04622,-8541,-223.0,-8498.0,-615,1,1,0,1,1,0,2.0,1,1,TUESDAY,11,0,1,1,0,1,1,Business Entity Type 3,0.21149094,0.18629295,0.0,0.0,0.0,0.0,0.0,0,1,0,0,0,0,0,0,0,0,0,0,0,0,0,0,0,0,0,0,0.0,0.0,0.0,0.0,1.0,0.0,285012.320625,2280098.565,0.0,0.0,197591.625,1580733.0,5.0,0.0,-496.625,-1379.0,-106.0,2.0,9.0,2.0,105786.50499999999,109382.00499999999,7.0,0.0,0.0,0.0,-11.857142,-7.0,123442.605,123442.605,4.0,21.0
106054,Cash loans,M,Y,Y,0,225000.0,493497.0,51952.5,454500.0,Family,Working,Higher education,Separated,House / apartment,0.008575,-18862,-7808.0,-1038.0,-2411,1,1,0,1,1,0,1.0,2,2,FRIDAY,10,0,0,0,0,0,0,Business Entity Type 3,0.7007828,0.70470643,0.0,0.0,0.0,0.0,-364.0,0,0,0,0,0,0,1,0,0,0,0,0,0,0,0,0,0,0,0,0,0.0,0.0,0.0,0.0,1.0,1.0,1730260.8,5190782.4,0.0,0.0,252529.5,757588.5,1.0,0.0,-1242.6666666666667,-1384.0,-1060.0,2.0,2.0,1.0,69720.75,69720.75,10.0,0.0,0.0,0.0,-8.9,-2.0,146696.49,146696.49,1.0,0.0
106065,Cash loans,M,N,Y,1,193500.0,366588.0,28498.5,306000.0,Unaccompanied,Working,Higher education,Married,House / apartment,0.018029,-18408,-963.0,-2926.0,-1955,1,1,0,1,0,1,3.0,3,3,FRIDAY,9,0,0,0,0,1,1,Construction,0.48363438,0.19977057,6.0,0.0,6.0,0.0,-512.0,0,0,0,0,0,0,1,0,0,0,0,0,0,0,0,0,0,0,0,0,0.0,0.0,0.0,0.0,2.0,0.0,303466.5,1517332.5,0.0,0.0,82749.0,248247.0,2.0,0.0,-1253.8,-2177.0,-298.0,2.0,2.0,2.0,65310.75,57039.75,10.0,0.0,0.0,0.0,-8.8,-1.0,121435.2,121435.2,2.0,0.0
106081,Cash loans,F,N,Y,0,180000.0,677664.0,28840.5,585000.0,Unaccompanied,Commercial associate,Secondary / secondary special,Separated,House / apartment,0.022625,-19551,-584.0,-833.0,-3082,1,1,0,1,0,0,1.0,2,2,FRIDAY,10,0,0,0,0,0,0,Business Entity Type 3,0.7230156,0.45432106,0.0,0.0,0.0,0.0,-442.0,0,0,0,1,0,0,0,0,0,0,0,0,0,0,0,0,0,0,0,0,0.0,0.0,0.0,0.0,0.0,3.0,799230.0,4795380.0,0.0,0.0,0.0,0.0,2.0,0.0,-1191.6666666666667,-2850.0,-69.0,3.0,9.0,5.0,77648.5,78665.5,64.0,0.0,0.0,0.0,-5.78125,5.0,700304.895,700304.895,4.0,0.0
106083,Cash loans,F,N,Y,0,202500.0,201663.0,13018.5,166500.0,,Pensioner,Secondary / secondary special,Separated,House / apartment,0.016612,-21184,,-3793.0,-2251,1,0,0,1,0,0,1.0,2,2,MONDAY,13,0,0,0,0,0,0,XNA,0.5270312,0.42413032,6.0,0.0,6.0,0.0,-1844.0,0,1,0,0,0,0,0,0,0,0,0,0,0,0,0,0,0,0,0,0,0.0,0.0,0.0,0.0,0.0,7.0,93214.28571428571,652500.0,0.0,0.0,32173.007142857143,225211.05,5.0,0.0,-745.1428571428571,-1050.0,-433.0,2.0,19.0,12.0,262657.8947368421,306483.3947368421,154.0,47.77071428571435,-37048.454999999994,22624.02,-9.227273,9.0,2617848.765,2610492.0749999997,6.0,0.0
106087,Cash loans,F,N,Y,1,67500.0,247500.0,12037.5,247500.0,Unaccompanied,Working,Secondary / secondary special,Married,House / apartment,0.031329,-18193,-11321.0,-11502.0,-1744,1,1,1,1,0,0,3.0,2,2,TUESDAY,8,0,0,0,0,0,0,Other,0.62720835,0.6561584,1.0,1.0,0.0,0.0,-1340.0,0,1,0,0,0,0,0,0,0,0,0,0,0,0,0,0,0,0,0,0,0.0,0.0,0.0,0.0,0.0,4.0,239947.5,719842.5,0.0,0.0,410616.0,410616.0,2.0,0.0,-1567.0,-2553.0,-440.0,1.0,6.0,6.0,127569.75,216411.75,60.0,-1158.14925,-9832.77,0.0,-7.866667,210.0,807273.18,876762.135,4.0,186.0
106090,Cash loans,F,N,Y,1,202500.0,440784.0,34956.0,360000.0,,Working,Secondary / secondary special,Married,House / apartment,0.031329,-17447,-530.0,-11518.0,-993,1,1,0,1,0,0,3.0,2,2,MONDAY,13,0,0,0,0,0,0,Business Entity Type 3,0.5500093,0.4311918,0.0,0.0,0.0,0.0,0.0,0,1,0,0,0,0,0,0,0,0,0,0,0,0,0,0,0,0,0,0,0.0,0.0,0.0,0.0,0.0,2.0,180000.0,180000.0,0.0,0.0,66163.5,66163.5,1.0,0.0,-238.0,-238.0,-238.0,1.0,6.0,3.0,118237.5,113921.25,32.0,-375.00328125,-11290.185,0.0,-14.125,3.0,455072.13,467072.235,3.0,0.0
106101,Cash loans,M,Y,Y,0,72000.0,454500.0,19255.5,454500.0,"Spouse, partner",Pensioner,Higher education,Married,House / apartment,0.028663,-23346,,-7807.0,-4271,1,0,0,1,0,0,2.0,2,2,THURSDAY,11,0,0,0,0,0,0,XNA,0.5978122,0.59892625,17.0,1.0,17.0,1.0,-2033.0,0,0,0,0,1,0,0,0,0,0,0,0,0,0,0,0,0,0,0,0,0.0,0.0,0.0,0.0,1.0,1.0,81420.75,325683.0,0.0,0.0,44704.125,178816.5,3.0,0.0,-537.5,-1431.0,-55.0,2.0,2.0,2.0,69750.0,83513.25,33.0,-2778.0122727272724,-10439.82,0.0,-7.787879,4.0,243599.03999999998,335273.44499999995,2.0,3.0
106102,Cash loans,M,Y,N,0,225000.0,149256.0,17712.0,135000.0,Unaccompanied,Working,Secondary / secondary special,Separated,House / apartment,0.010276,-16211,-273.0,-1988.0,-5007,1,1,1,1,0,0,1.0,2,2,MONDAY,14,1,1,0,1,1,0,Business Entity Type 3,0.6852846,0.54423475,1.0,0.0,1.0,0.0,-1063.0,0,0,0,0,0,0,1,0,0,0,0,0,0,0,0,0,0,0,0,0,0.0,0.0,0.0,0.0,0.0,0.0,18000.0,18000.0,0.0,0.0,0.0,0.0,1.0,0.0,-74.0,-74.0,-74.0,1.0,10.0,2.0,74106.0,82311.3,39.0,0.0,0.0,0.0,-3.3076923,0.0,183118.995,183118.995,1.0,0.0
106109,Cash loans,M,Y,Y,1,225000.0,735579.0,40032.0,585000.0,Unaccompanied,Commercial associate,Higher education,Married,House / apartment,0.010006,-9672,-1371.0,-9322.0,-2294,1,1,0,1,0,1,3.0,2,2,SUNDAY,11,1,1,0,1,1,0,Police,0.32137755,0.3842068,1.0,0.0,1.0,0.0,0.0,0,0,0,0,0,0,1,0,0,0,0,0,0,0,0,0,0,0,0,0,0.0,0.0,0.0,0.0,1.0,0.0,1010541.0,3031623.0,0.0,0.0,4380.0,13140.0,2.0,0.0,-1153.0,-1385.0,-1020.0,2.0,1.0,1.0,71725.5,67225.5,6.0,0.0,0.0,0.0,-14.333333,-13.0,82934.955,82934.955,1.0,0.0
106116,Cash loans,F,N,Y,1,180000.0,334152.0,17190.0,270000.0,Unaccompanied,Commercial associate,Secondary / secondary special,Married,House / apartment,0.030755,-15160,-1543.0,-2137.0,-4739,1,1,0,1,0,0,3.0,2,2,FRIDAY,11,0,0,0,0,0,0,Other,0.6096714,0.34090644,3.0,0.0,3.0,0.0,-1197.0,0,1,0,0,0,0,0,0,0,0,0,0,0,0,0,0,0,0,0,0,0.0,0.0,0.0,0.0,2.0,2.0,160500.72315789474,3049513.74,0.0,0.0,62009.52631578947,1178181.0,3.0,0.0,-1092.4736842105262,-2845.0,-175.0,2.0,13.0,2.0,86192.30769230769,114612.92307692308,14.0,0.0,0.0,0.0,-1.4285715,0.0,202708.53,202708.53,1.0,0.0
106150,Cash loans,M,Y,Y,0,247500.0,824544.0,46170.0,720000.0,Unaccompanied,Working,Higher education,Married,House / apartment,0.006296,-21488,-7895.0,-11996.0,-4850,1,1,0,1,1,0,2.0,3,3,THURSDAY,12,0,0,0,0,0,0,Advertising,0.76042473,0.6127042,1.0,1.0,1.0,0.0,-1040.0,0,1,0,0,0,0,0,0,0,0,0,0,0,0,0,0,0,0,0,0,0.0,0.0,0.0,0.0,1.0,0.0,439977.375,1759909.5,0.0,0.0,331876.5,995629.5,1.0,0.0,-1133.75,-1492.0,-729.0,2.0,1.0,1.0,134550.0,127489.5,6.0,0.0,0.0,0.0,-13.5,-10.0,156674.745,156674.745,1.0,0.0
106155,Cash loans,M,N,N,0,90000.0,245002.5,26514.0,211500.0,Family,Working,Secondary / secondary special,Single / not married,With parents,0.009657,-8972,-1334.0,-1519.0,-1652,1,1,0,1,0,0,1.0,2,2,WEDNESDAY,16,0,0,0,0,1,1,Self-employed,0.47133216,0.4188543,0.0,0.0,0.0,0.0,-704.0,0,1,0,0,0,0,0,0,0,0,0,0,0,0,0,0,0,0,0,0,0.0,0.0,0.0,0.0,1.0,1.0,54382.32,54382.32,0.0,0.0,0.0,0.0,0.0,0.0,-269.0,-269.0,-269.0,1.0,1.0,1.0,58860.0,50031.0,5.0,0.0,0.0,0.0,-13.0,-10.0,61108.11,61108.11,1.0,0.0
106166,Cash loans,F,N,N,0,247500.0,495000.0,50719.5,495000.0,"Spouse, partner",Working,Secondary / secondary special,Single / not married,House / apartment,0.035792,-14275,-2256.0,-3175.0,-2692,1,1,0,1,1,0,1.0,2,2,MONDAY,14,0,0,0,0,0,0,Other,0.7718788,0.66585493,5.0,0.0,5.0,0.0,-990.0,0,1,0,0,0,0,0,0,0,0,0,0,0,0,0,0,0,0,0,0,0.0,0.0,0.0,0.0,0.0,0.0,149390.8135714286,1045735.6950000001,0.0,0.0,0.0,0.0,2.0,0.0,-1538.142857142857,-2900.0,-330.0,1.0,1.0,1.0,47205.0,49698.0,6.0,0.0,0.0,0.0,-8.666667,0.0,55378.44,55378.44,1.0,0.0
106176,Cash loans,F,N,Y,2,112500.0,315000.0,25015.5,315000.0,Family,Working,Secondary / secondary special,Married,House / apartment,0.028663,-10493,-487.0,-4722.0,-1427,1,1,0,1,0,0,4.0,2,2,WEDNESDAY,14,0,0,0,0,0,0,Medicine,0.4670733,,0.0,0.0,0.0,0.0,-229.0,0,1,0,0,0,0,0,0,0,0,0,0,0,0,0,0,0,0,0,0,,,,,,,,,,,,,,,,,,,6.0,2.0,172852.05000000002,176054.55000000002,28.0,-913.0387499999999,-7652.879999999999,0.0,-7.071429,5.0,237121.38,262686.46499999997,2.0,0.0
106189,Cash loans,F,N,Y,2,90000.0,286704.0,18450.0,247500.0,Unaccompanied,Working,Higher education,Married,House / apartment,0.025164,-12515,-659.0,-1064.0,-3265,1,1,0,1,0,0,4.0,2,2,FRIDAY,8,0,0,0,0,0,0,School,0.55596066,0.622922,6.0,0.0,6.0,0.0,-1997.0,0,1,0,0,0,0,0,0,0,0,0,0,0,0,0,0,0,0,0,0,0.0,0.0,0.0,0.0,1.0,3.0,98315.1,393260.4,0.0,0.0,0.0,0.0,0.0,0.0,-825.0,-1527.0,-249.0,1.0,11.0,5.0,239875.36363636365,241158.27272727274,7.0,0.0,0.0,0.0,-11.857142,-2.0,1109095.3800000001,1109095.3800000001,3.0,0.0
106199,Cash loans,M,N,Y,0,135000.0,400500.0,25722.0,400500.0,Unaccompanied,Working,Secondary / secondary special,Married,Rented apartment,0.026392,-20058,-945.0,-996.0,-469,1,1,0,1,1,0,2.0,2,2,THURSDAY,13,0,0,0,0,0,0,Construction,0.54927856,,1.0,1.0,1.0,1.0,-484.0,0,1,0,0,0,0,0,0,0,0,0,0,0,0,0,0,0,0,0,0,0.0,0.0,0.0,0.0,1.0,2.0,31216.5,62433.0,0.0,0.0,0.0,0.0,0.0,0.0,-714.5,-787.0,-642.0,1.0,3.0,2.0,43661.565,43661.565,13.0,-283.2819230769231,-3679.83,0.0,-18.23077,4.0,99153.45,102836.115,2.0,0.0
106205,Cash loans,F,N,N,0,135000.0,358344.0,28440.0,283500.0,Unaccompanied,Commercial associate,Higher education,Single / not married,House / apartment,0.019101,-8408,-1551.0,-8394.0,-5,1,1,0,1,0,1,1.0,2,2,TUESDAY,13,0,0,0,0,1,1,Business Entity Type 3,0.58380914,,3.0,2.0,3.0,1.0,-451.0,0,0,0,0,0,0,1,0,0,0,0,0,0,0,0,0,0,0,0,0,,,,,,,,,,,,,,,,,,,2.0,2.0,110265.75,136984.5,18.0,0.0,0.0,0.0,-10.611111,-5.0,169480.80000000002,169480.80000000002,2.0,0.0
106206,Cash loans,F,N,N,2,270000.0,790830.0,,675000.0,Unaccompanied,Commercial associate,Higher education,Married,Rented apartment,0.010643,-11344,-1582.0,-678.0,-434,1,1,1,1,0,0,4.0,2,2,MONDAY,17,1,1,1,1,1,1,Business Entity Type 1,0.69229686,0.23401517,0.0,0.0,0.0,0.0,-615.0,0,0,0,1,0,0,0,0,0,0,0,0,0,0,0,0,0,0,0,0,0.0,0.0,0.0,0.0,0.0,2.0,252750.0,758250.0,0.0,0.0,248591.55000000002,745774.65,3.0,0.0,-329.6666666666667,-581.0,-202.0,2.0,4.0,4.0,84134.25,91831.5,36.0,0.0,0.0,0.0,-6.0277777,0.0,493304.265,493304.265,2.0,0.0
106211,Cash loans,F,N,Y,0,90000.0,90000.0,6961.5,90000.0,Unaccompanied,Working,Secondary / secondary special,Single / not married,House / apartment,0.010147,-13271,-5012.0,-11724.0,-4955,1,1,0,1,1,0,1.0,2,2,MONDAY,15,0,0,0,0,0,0,Security,0.7835207,0.38591468,0.0,0.0,0.0,0.0,-2165.0,0,1,0,0,0,0,0,0,0,0,0,0,0,0,0,0,0,0,0,0,0.0,0.0,0.0,0.0,0.0,2.0,109650.85714285714,767556.0,0.0,0.0,3528.147857142857,24697.035,2.0,0.0,-1100.857142857143,-1974.0,-129.0,2.0,1.0,1.0,20331.0,19575.0,10.0,0.0,0.0,0.0,-12.9,-8.0,26712.99,26712.99,1.0,0.0
106214,Cash loans,F,N,Y,1,90000.0,711747.0,45616.5,607500.0,Family,Working,Higher education,Married,House / apartment,0.009549,-12314,-307.0,-5715.0,-3525,1,1,0,1,0,1,3.0,2,2,MONDAY,15,0,0,0,0,0,0,Business Entity Type 2,0.6841516,0.7281413,0.0,0.0,0.0,0.0,-626.0,0,1,0,0,0,0,0,0,0,0,0,0,0,0,0,0,0,0,0,0,0.0,0.0,0.0,0.0,0.0,2.0,160957.04625,643828.185,0.0,0.0,0.0,0.0,0.0,0.0,-1693.25,-2471.0,-760.0,1.0,3.0,2.0,127260.0,131473.5,39.0,-144.48692307692306,-4431.69,0.0,-6.230769,2.0,244278.09,249913.08,1.0,0.0
106216,Cash loans,M,Y,Y,0,202500.0,1434955.5,98550.0,1354500.0,Unaccompanied,Working,Higher education,Married,House / apartment,0.010032,-22710,-759.0,-263.0,-562,1,1,0,1,0,0,2.0,2,2,SATURDAY,7,0,0,0,0,0,0,Kindergarten,0.52735823,0.56560796,0.0,0.0,0.0,0.0,0.0,0,1,0,0,0,0,0,0,0,0,0,0,0,0,0,0,0,0,0,0,0.0,0.0,0.0,0.0,0.0,0.0,160862.463,804312.315,0.0,0.0,35315.76,105947.28,1.0,0.0,-700.2,-1171.0,-157.0,1.0,2.0,2.0,122400.0,125489.25,19.0,-1145.3660526315791,-21753.765000000003,0.0,-5.7894735,5.0,273654.9,295416.85500000004,2.0,0.0
106217,Cash loans,F,N,Y,2,90000.0,853200.0,27652.5,675000.0,Unaccompanied,Working,Secondary / secondary special,Married,House / apartment,0.04622,-12367,-2824.0,-983.0,-1987,1,1,0,1,0,0,4.0,1,1,TUESDAY,10,0,0,0,0,0,0,Business Entity Type 3,0.36183408,0.63637614,5.0,0.0,5.0,0.0,-1189.0,0,1,0,0,0,0,0,0,0,0,0,0,0,0,0,0,0,0,0,0,0.0,0.0,0.0,0.0,1.0,1.0,147295.38374999998,1178363.0699999998,0.0,0.0,109296.5625,874372.5,2.0,0.0,-1149.625,-1744.0,-238.0,2.0,1.0,1.0,118530.0,124789.5,7.0,3876.8014285714285,-17465.22,22671.765,-13.714286,12.0,178868.025,151730.415,1.0,0.0
106225,Cash loans,M,N,Y,0,225000.0,509400.0,40374.0,450000.0,Family,Commercial associate,Higher education,Single / not married,House / apartment,0.04622,-9619,-249.0,-561.0,-2281,1,1,0,1,0,1,1.0,1,1,FRIDAY,18,0,0,0,0,1,1,Self-employed,0.4708091,0.56737924,1.0,0.0,1.0,0.0,0.0,0,0,0,0,0,0,0,1,0,0,0,0,0,0,0,0,0,0,0,0,0.0,0.0,0.0,0.0,1.0,1.0,197271.0,591813.0,0.0,0.0,0.0,0.0,1.0,0.0,-1122.6666666666667,-1996.0,-207.0,3.0,1.0,1.0,314991.0,314991.0,6.0,0.0,0.0,0.0,-6.1666665,-1.0,320463.045,320463.045,1.0,0.0
106249,Cash loans,F,N,Y,0,72000.0,675000.0,24376.5,675000.0,Unaccompanied,Pensioner,Secondary / secondary special,Widow,House / apartment,0.028663,-22922,,-17043.0,-1027,1,0,0,1,1,0,1.0,2,2,WEDNESDAY,9,0,0,0,0,0,0,XNA,0.62720835,0.5585066,1.0,1.0,1.0,1.0,-1063.0,0,1,0,0,0,0,0,0,0,0,0,0,0,0,0,0,0,0,0,0,0.0,0.0,0.0,0.0,1.0,3.0,67500.0,67500.0,0.0,0.0,0.0,0.0,1.0,0.0,-258.0,-258.0,-258.0,1.0,4.0,3.0,140625.0,146193.75,123.0,548.7987804878048,0.0,48809.295,-4.284553,0.0,860347.08,792844.83,3.0,0.0
106256,Cash loans,F,N,Y,0,157500.0,301464.0,19413.0,238500.0,Family,Pensioner,Secondary / secondary special,Married,House / apartment,0.031329,-21872,,-10402.0,-3826,1,0,0,1,0,0,2.0,2,2,FRIDAY,11,0,0,0,0,0,0,XNA,0.15124296,,2.0,1.0,2.0,0.0,-1688.0,0,0,0,0,1,0,0,0,0,0,0,0,0,0,0,0,0,0,0,0,,,,,,,,,,,,,,,,,,,5.0,5.0,48735.0,53681.4,40.0,0.0,0.0,0.0,-19.435898,0.0,419781.105,420006.105,5.0,0.0
106258,Cash loans,F,N,Y,0,135000.0,675000.0,38880.0,675000.0,Family,Pensioner,Secondary / secondary special,Civil marriage,House / apartment,0.00733,-21674,,-9212.0,-4544,1,0,0,1,0,0,2.0,2,2,TUESDAY,15,0,0,0,0,0,0,XNA,0.16841303,0.7223929,0.0,0.0,0.0,0.0,-379.0,0,1,0,0,0,0,0,0,0,0,0,0,0,0,0,0,0,0,0,0,0.0,0.0,0.0,0.0,2.0,0.0,62250.0,186750.0,0.0,0.0,0.0,0.0,1.0,0.0,-503.6666666666667,-759.0,-376.0,2.0,1.0,1.0,42300.0,42300.0,3.0,0.0,0.0,0.0,-20.333334,-7.0,44282.79,44282.79,1.0,0.0
106261,Cash loans,M,Y,N,2,166500.0,225000.0,16501.5,225000.0,Unaccompanied,Working,Secondary / secondary special,Married,House / apartment,0.020713,-10299,-1679.0,-2578.0,-2902,1,1,1,1,0,0,4.0,3,3,SUNDAY,5,0,0,0,0,0,0,Business Entity Type 2,0.707588,0.5884878,0.0,0.0,0.0,0.0,-456.0,0,1,0,0,0,0,0,0,0,0,0,0,0,0,0,0,0,0,0,0,0.0,0.0,0.0,0.0,1.0,0.0,943500.0,2830500.0,0.0,0.0,456456.0,1369368.0,2.0,0.0,-1142.3333333333333,-1307.0,-813.0,1.0,1.0,1.0,50796.0,50440.5,13.0,-470.75538461538457,-4448.7,0.0,-6.3076925,4.0,72254.925,78374.745,1.0,0.0
106262,Cash loans,M,Y,N,1,112500.0,450000.0,22977.0,450000.0,Unaccompanied,Working,Secondary / secondary special,Married,House / apartment,0.028663,-10382,-1681.0,-4591.0,-2008,1,1,0,1,1,0,3.0,2,2,THURSDAY,12,0,0,0,0,1,1,Industry: type 9,0.3881072,0.33285058,1.0,0.0,1.0,0.0,-541.0,0,1,0,0,0,0,0,0,0,0,0,0,0,0,0,0,0,0,0,0,0.0,0.0,0.0,0.0,1.0,0.0,133161.98785714287,932133.915,0.0,0.0,0.0,0.0,0.0,0.0,-897.7142857142857,-1164.0,-626.0,2.0,1.0,1.0,37593.0,42057.0,6.0,0.0,0.0,0.0,-23.333334,-5.0,45699.21,45699.21,1.0,0.0
106264,Cash loans,F,Y,Y,1,540000.0,248760.0,26118.0,225000.0,Unaccompanied,Working,Secondary / secondary special,Married,House / apartment,0.072508,-14650,-994.0,-6564.0,-5330,1,1,1,1,0,0,3.0,1,1,MONDAY,14,0,0,0,0,0,0,Business Entity Type 1,0.6481661,0.7738957,0.0,0.0,0.0,0.0,-2197.0,0,1,0,0,0,0,0,0,0,0,0,0,0,0,0,0,0,0,0,0,0.0,0.0,0.0,0.0,0.0,1.0,611437.6799999999,8560127.52,0.0,0.0,272335.9090909091,2995695.0,4.0,0.0,-1318.4285714285713,-2227.0,-242.0,3.0,1.0,1.0,44505.0,39105.0,9.0,0.0,0.0,0.0,-46.333332,-21.0,53701.38,53701.38,1.0,0.0
106271,Cash loans,F,N,Y,0,90000.0,312678.0,23508.0,261000.0,Unaccompanied,Working,Secondary / secondary special,Single / not married,House / apartment,0.008625,-18547,-3300.0,-5642.0,-1709,1,1,0,1,0,0,1.0,2,2,THURSDAY,14,0,0,0,0,1,1,Self-employed,0.5489645,0.63303167,0.0,0.0,0.0,0.0,-969.0,0,1,0,0,0,0,0,0,0,0,0,0,0,0,0,0,0,0,0,0,0.0,0.0,0.0,0.0,2.0,1.0,270000.0,270000.0,0.0,0.0,0.0,0.0,0.0,0.0,-805.0,-805.0,-805.0,1.0,4.0,3.0,62127.0,63182.25,14.0,0.0,0.0,0.0,-38.0,-6.0,170708.175,170708.175,3.0,0.0
106276,Cash loans,M,N,N,0,112500.0,450000.0,22977.0,450000.0,Unaccompanied,Working,Higher education,Married,House / apartment,0.011703,-20741,-8149.0,-12179.0,-4270,1,1,1,1,1,0,2.0,2,2,MONDAY,17,0,0,0,0,0,0,Transport: type 2,0.6478419,0.56737924,0.0,0.0,0.0,0.0,-1614.0,0,1,0,0,0,0,0,0,0,0,0,0,0,0,0,0,0,0,0,0,0.0,0.0,0.0,0.0,0.0,3.0,150307.2,1503072.0,0.0,0.0,0.0,0.0,3.0,0.0,-1311.0,-2757.0,-131.0,2.0,4.0,3.0,40047.75,42432.75,22.0,0.0,0.0,0.0,-11.863636,0.0,145879.515,145879.515,2.0,0.0
106277,Cash loans,F,N,Y,1,202500.0,746280.0,59094.0,675000.0,"Spouse, partner",Working,Incomplete higher,Married,House / apartment,0.022625,-13356,-126.0,-398.0,-1784,1,1,0,1,0,0,3.0,2,2,THURSDAY,13,0,0,0,0,0,0,Self-employed,0.2820075,0.4740513,0.0,0.0,0.0,0.0,-382.0,0,1,0,0,0,0,0,0,0,0,0,0,0,0,0,0,0,0,0,0,0.0,0.0,0.0,0.0,1.0,2.0,84528.75,507172.5,0.0,0.0,51430.5,308583.0,3.0,0.0,-542.8333333333334,-753.0,-84.0,2.0,5.0,3.0,546588.9,589239.0,17.0,0.0,0.0,0.0,-9.764706,-2.0,304258.32,304258.32,2.0,0.0
106286,Cash loans,F,N,N,0,315000.0,337500.0,14863.5,337500.0,Unaccompanied,Working,Secondary / secondary special,Married,House / apartment,0.001417,-13542,-1090.0,-1164.0,-778,1,1,0,1,1,0,2.0,2,2,MONDAY,9,0,0,0,0,1,1,Self-employed,0.49074203,0.35729328,0.0,0.0,0.0,0.0,-1836.0,0,1,0,0,0,0,0,0,0,0,0,0,0,0,0,0,0,0,0,0,0.0,0.0,0.0,0.0,1.0,4.0,108362.896875,866903.175,0.0,0.0,60572.25,484578.0,2.0,0.0,-942.375,-1511.0,-214.0,2.0,11.0,6.0,238511.86363636365,242056.22727272726,168.0,0.0,0.0,0.0,-11.928572,8.0,1016889.48,1016889.48,7.0,0.0
106293,Cash loans,M,Y,Y,0,315000.0,635193.0,62955.0,585000.0,,Working,Higher education,Married,House / apartment,0.032561,-17072,-1261.0,-7487.0,-614,1,1,0,1,0,0,2.0,1,1,MONDAY,17,0,0,0,0,0,0,Business Entity Type 3,0.66134346,0.5971924,2.0,0.0,1.0,0.0,-1904.0,0,1,0,0,0,0,0,0,0,0,0,0,0,0,0,0,0,0,0,0,0.0,0.0,0.0,0.0,0.0,2.0,1592989.5,4778968.5,0.0,0.0,1668615.75,3337231.5,2.0,0.0,-1048.3333333333333,-2014.0,-384.0,2.0,3.0,3.0,105000.0,267987.0,18.0,0.0,0.0,0.0,-5.388889,0.0,455169.24,455169.24,3.0,0.0
106295,Cash loans,M,N,N,1,135000.0,339633.0,26410.5,283500.0,Unaccompanied,Commercial associate,Higher education,Married,House / apartment,0.022625,-14378,-630.0,-8505.0,-4770,1,1,0,1,1,0,3.0,2,2,TUESDAY,14,0,0,0,0,0,0,School,0.52464855,0.36061257,2.0,0.0,2.0,0.0,-931.0,0,1,0,0,0,0,0,0,0,0,0,0,0,0,0,0,0,0,0,0,0.0,0.0,0.0,0.0,0.0,1.0,213498.1575,426996.315,0.0,0.0,0.0,0.0,1.0,0.0,-884.0,-1516.0,-252.0,1.0,2.0,1.0,157500.0,167895.0,12.0,0.0,0.0,0.0,-6.6666665,-3.0,376072.56,376072.56,1.0,0.0
106296,Cash loans,F,N,Y,0,67500.0,180000.0,7695.0,180000.0,Unaccompanied,Working,Secondary / secondary special,Civil marriage,House / apartment,0.026392,-19124,-1324.0,-574.0,-2553,1,1,0,1,1,0,2.0,2,2,WEDNESDAY,9,0,0,0,0,0,0,School,0.7023898,0.4902575,0.0,0.0,0.0,0.0,-1372.0,0,1,0,0,0,0,0,0,0,0,0,0,0,0,0,0,0,0,0,0,0.0,0.0,0.0,0.0,1.0,3.0,122569.91249999999,1470838.95,0.0,0.0,34144.092,341440.92,4.0,0.0,-1372.0833333333333,-2863.0,-222.0,3.0,4.0,2.0,62026.875,65351.25,30.0,0.0,0.0,0.0,-9.433333,-1.0,276842.115,276842.115,2.0,0.0
106297,Cash loans,M,N,Y,0,225000.0,420588.0,36099.0,360000.0,Unaccompanied,Working,Secondary / secondary special,Civil marriage,House / apartment,0.009334,-9024,-1455.0,-8972.0,-1446,1,1,1,1,1,0,2.0,2,2,TUESDAY,17,0,0,0,0,0,0,Business Entity Type 3,0.5955072,0.42413032,1.0,0.0,1.0,0.0,-1045.0,0,1,0,0,0,0,0,0,0,0,0,0,0,0,0,0,0,0,0,0,0.0,0.0,0.0,0.0,0.0,1.0,80118.81,160237.62,0.0,0.0,0.0,0.0,0.0,0.0,-254.5,-290.0,-219.0,1.0,4.0,2.0,58218.75,55971.0,7.0,0.0,0.0,0.0,-56.285713,-1.0,139805.865,139805.865,2.0,0.0
106298,Cash loans,F,N,N,0,225000.0,904500.0,32616.0,904500.0,Unaccompanied,Commercial associate,Secondary / secondary special,Married,House / apartment,0.018209,-14706,-207.0,-15.0,-2218,1,1,1,1,0,0,2.0,3,3,MONDAY,11,0,0,0,0,0,0,Trade: type 7,0.4858027,0.79813725,0.0,0.0,0.0,0.0,-2083.0,0,1,0,0,0,0,0,0,0,0,0,0,0,0,0,0,0,0,0,0,0.0,0.0,0.0,0.0,0.0,3.0,459000.0,918000.0,0.0,0.0,,0.0,0.0,0.0,-1821.0,-1996.0,-1646.0,1.0,3.0,3.0,431085.0,476797.5,39.0,0.0,0.0,0.0,-9.717949,1.0,2167289.685,2167289.685,3.0,0.0
106311,Cash loans,F,Y,Y,0,157500.0,1572750.0,48946.5,1350000.0,Unaccompanied,Working,Secondary / secondary special,Married,House / apartment,0.010147,-13413,-388.0,-12797.0,-2045,1,1,0,1,0,0,2.0,2,2,WEDNESDAY,17,0,0,0,0,0,0,Self-employed,0.6863353,0.58674,2.0,0.0,2.0,0.0,-1790.0,0,1,0,0,0,0,0,0,0,0,0,0,0,0,0,0,0,0,0,0,0.0,0.0,0.0,0.0,0.0,4.0,616719.375,2466877.5,0.0,0.0,657063.0,1971189.0,3.0,0.0,-1008.5,-1989.0,-443.0,2.0,4.0,4.0,183325.5,321954.75,91.0,-49.19192307692309,-4024.6200000000003,0.0,-1.5274725,147.0,2076957.0,2081433.4649999999,3.0,0.0
106314,Cash loans,M,N,Y,1,378000.0,582804.0,29884.5,463500.0,Unaccompanied,State servant,Secondary / secondary special,Separated,House / apartment,0.009334,-14491,-6407.0,-453.0,-4312,1,1,0,1,0,0,2.0,2,2,WEDNESDAY,14,0,0,0,0,0,0,Military,0.85499966,0.25123945,5.0,0.0,5.0,0.0,-64.0,0,1,0,0,0,0,0,0,0,0,0,0,0,0,0,0,0,0,0,0,0.0,0.0,0.0,0.0,1.0,1.0,691024.5,3455122.5,0.0,0.0,72957.6,364788.0,2.0,0.0,-1543.0,-1983.0,-842.0,3.0,3.0,3.0,233845.5,241644.0,30.0,-3069.7980000000007,-22945.005,0.0,-12.533334,5.0,690112.53,782206.4700000001,3.0,0.0
106320,Cash loans,M,Y,Y,1,270000.0,454500.0,29173.5,454500.0,Unaccompanied,Working,Secondary / secondary special,Married,House / apartment,0.028663,-15408,-649.0,-4851.0,-287,1,1,0,1,0,0,3.0,2,2,TUESDAY,15,0,1,1,0,1,1,Business Entity Type 2,0.5931716,0.4614824,2.0,0.0,2.0,0.0,-1785.0,0,1,0,0,0,0,0,0,0,0,0,0,0,0,0,0,0,0,0,0,0.0,0.0,0.0,0.0,0.0,5.0,1075045.1330769232,13975586.73,0.0,0.0,398909.625,4786915.5,2.0,0.0,-1308.8461538461538,-2874.0,-365.0,3.0,20.0,13.0,155088.14849999998,155695.275,145.0,621.3773793103448,-20870.91,238793.535,-7.1793103,11.0,3543998.265,3453898.545,15.0,2.0
106334,Cash loans,F,Y,N,0,90000.0,495000.0,25272.0,495000.0,Unaccompanied,Working,Secondary / secondary special,Married,House / apartment,0.010147,-17200,-1550.0,-10268.0,-729,1,1,1,1,1,0,2.0,2,2,TUESDAY,14,0,0,0,0,0,0,Business Entity Type 3,0.3312462,0.37233368,2.0,0.0,2.0,0.0,-683.0,0,1,0,0,0,0,0,0,0,0,0,0,0,0,0,0,0,0,0,0,0.0,0.0,0.0,0.0,0.0,3.0,215578.62000000002,2155786.2,0.0,0.0,118598.78571428571,830191.5,5.0,0.0,-857.8,-2486.0,-135.0,2.0,5.0,3.0,283149.0,326495.7,107.0,0.0,0.0,0.0,-14.7383175,0.0,435879.225,435879.225,2.0,0.0
106346,Cash loans,F,N,Y,0,112500.0,539100.0,22968.0,450000.0,Unaccompanied,Pensioner,Secondary / secondary special,Married,House / apartment,0.025164,-20357,,-14503.0,-3743,1,0,0,1,0,0,2.0,2,2,WEDNESDAY,14,0,0,0,0,0,0,XNA,0.04721365,0.40661743,3.0,0.0,3.0,0.0,-977.0,0,0,0,0,1,0,0,0,0,0,0,0,0,0,0,0,0,0,0,0,0.0,0.0,0.0,0.0,1.0,5.0,125836.35923076923,3271745.34,0.0,0.0,4297.704545454545,94549.5,3.0,0.0,-1447.6153846153845,-2571.0,-124.0,2.0,11.0,6.0,104083.03636363636,107640.40909090909,59.0,0.0,0.0,0.0,-14.135593,1.0,765795.375,765795.375,6.0,0.0
106347,Cash loans,F,N,N,0,180000.0,675000.0,21775.5,675000.0,Unaccompanied,Commercial associate,Secondary / secondary special,Widow,House / apartment,0.018634,-19438,-4118.0,-9331.0,-2975,1,1,0,1,1,0,1.0,2,2,TUESDAY,16,0,0,0,0,0,0,Government,0.6314932,0.5937176,0.0,0.0,0.0,0.0,-2108.0,0,1,0,0,0,0,0,0,0,0,0,0,0,0,0,0,0,0,0,0,0.0,0.0,0.0,0.0,0.0,0.0,455329.125,1821316.5,0.0,0.0,352867.5,1411470.0,2.0,0.0,-683.25,-1049.0,-198.0,2.0,1.0,1.0,180000.0,243936.0,24.0,0.0,0.0,0.0,-7.3333335,1.0,465637.14,465637.14,1.0,0.0
106349,Cash loans,F,N,Y,0,202500.0,819072.0,26550.0,648000.0,Unaccompanied,Pensioner,Secondary / secondary special,Civil marriage,House / apartment,0.006008,-19203,,-11365.0,-2367,1,0,0,1,0,0,2.0,2,2,WEDNESDAY,16,0,0,0,0,0,0,XNA,0.5477026,0.46865967,3.0,0.0,3.0,0.0,-494.0,0,1,0,0,0,0,0,0,0,0,0,0,0,0,0,0,0,0,0,0,0.0,0.0,0.0,0.0,0.0,2.0,250366.5,1001466.0,0.0,0.0,132028.875,528115.5,3.0,0.0,-517.5,-1077.0,-267.0,2.0,3.0,2.0,161280.0,170454.0,29.0,0.0,0.0,0.0,-5.0,0.0,318334.86,318334.86,1.0,0.0
106354,Cash loans,F,N,Y,0,144000.0,190764.0,13878.0,157500.0,Unaccompanied,State servant,Secondary / secondary special,Civil marriage,House / apartment,0.030755,-15457,-217.0,-4277.0,-1263,1,1,1,1,0,0,2.0,2,2,WEDNESDAY,10,0,0,0,0,1,1,Business Entity Type 3,0.7712081,0.51369375,0.0,0.0,0.0,0.0,-538.0,0,1,0,0,0,0,0,0,0,0,0,0,0,0,0,0,0,0,0,0,0.0,0.0,0.0,0.0,0.0,3.0,172413.0,344826.0,0.0,0.0,97316.16750000001,194632.33500000002,2.0,0.0,-363.0,-521.0,-205.0,1.0,8.0,2.0,129719.25,134939.25,23.0,-701.4815217391305,-9820.575,0.0,-19.956522,7.0,323626.275,339760.35000000003,2.0,0.0
106360,Revolving loans,F,N,N,0,202500.0,270000.0,13500.0,270000.0,Unaccompanied,State servant,Higher education,Married,House / apartment,0.011657,-14212,-856.0,-7219.0,-5335,1,1,0,1,0,0,2.0,1,1,THURSDAY,10,0,0,0,0,1,1,Other,0.5887684,0.39794633,0.0,0.0,0.0,0.0,-1867.0,0,0,0,0,0,0,0,0,0,0,0,0,0,0,0,0,0,0,0,0,0.0,0.0,0.0,0.0,0.0,3.0,1369119.456,6845597.28,0.0,0.0,1271272.5,6356362.5,1.0,0.0,-811.4,-1690.0,-279.0,2.0,6.0,4.0,66878.25,67976.25,38.0,198.51986842105262,-5952.24,7692.525,-13.0,6.0,388906.83,381363.075,6.0,0.0
106373,Cash loans,M,Y,Y,0,315000.0,685386.0,43933.5,585000.0,Unaccompanied,Commercial associate,Secondary / secondary special,Married,House / apartment,0.02461,-15437,-229.0,-2438.0,-4615,1,1,0,1,0,0,2.0,2,2,THURSDAY,10,0,0,0,0,0,0,Transport: type 4,0.5716251,0.20092608,0.0,0.0,0.0,0.0,-2153.0,0,1,0,0,0,0,0,0,0,0,0,0,0,0,0,0,0,0,0,0,0.0,0.0,0.0,0.0,0.0,5.0,443067.97125,5316815.655,0.0,0.0,306596.71125,2452773.69,4.0,0.0,-1343.0833333333333,-2817.0,-262.0,3.0,9.0,5.0,59024.375,59743.875,49.0,-86.27969387755103,-3268.395,0.0,-7.8163266,2.0,442683.945,446911.64999999997,5.0,0.0
106377,Cash loans,F,N,Y,0,135000.0,165915.0,9391.5,126000.0,Unaccompanied,Pensioner,Higher education,Married,House / apartment,0.035792,-22684,,-11473.0,-4741,1,0,0,1,1,0,2.0,2,2,WEDNESDAY,16,0,0,0,0,0,0,XNA,0.13582787,0.4365065,0.0,0.0,0.0,0.0,-180.0,0,1,0,0,0,0,0,0,0,0,0,0,0,0,0,0,0,0,0,0,0.0,0.0,0.0,0.0,0.0,1.0,72315.0,650835.0,0.0,0.0,10784.5,97060.5,2.0,0.0,-1091.888888888889,-1851.0,-249.0,2.0,5.0,3.0,164730.6,187513.2,26.0,26612.30769230769,0.0,650128.815,-18.192308,-2.0,1576727.595,884807.5949999999,3.0,0.0
106386,Cash loans,M,N,N,1,121500.0,540000.0,27702.0,540000.0,Unaccompanied,Commercial associate,Secondary / secondary special,Married,House / apartment,0.025164,-11923,-2392.0,-715.0,-2887,1,1,0,1,0,0,3.0,2,2,THURSDAY,7,0,0,0,0,0,0,Self-employed,0.25084007,,3.0,0.0,3.0,0.0,-304.0,0,1,0,0,0,0,0,0,0,0,0,0,0,0,0,0,0,0,0,0,,,,,,,,,,,,,,,,,,,3.0,2.0,58107.0,62659.5,8.0,0.0,0.0,0.0,-8.125,0.0,168762.555,168762.555,1.0,0.0
106387,Cash loans,F,N,Y,1,112500.0,269982.0,28480.5,238500.0,Unaccompanied,Working,Secondary / secondary special,Civil marriage,With parents,0.009657,-12718,-1056.0,-4073.0,-4161,1,1,0,1,0,0,3.0,2,2,TUESDAY,9,0,0,0,0,1,1,Self-employed,0.720913,0.5549468,1.0,0.0,1.0,0.0,-535.0,0,1,0,0,0,0,0,0,0,0,0,0,0,0,0,0,0,0,0,0,0.0,0.0,0.0,0.0,1.0,0.0,139437.0,139437.0,0.0,0.0,,0.0,0.0,0.0,-652.0,-652.0,-652.0,1.0,2.0,2.0,43807.5,48519.0,14.0,-381.2110714285714,-5332.545,0.0,-16.285715,5.0,72772.11,78109.065,2.0,0.0
106391,Cash loans,F,N,N,0,324000.0,1125000.0,40410.0,1125000.0,Unaccompanied,Commercial associate,Higher education,Separated,House / apartment,0.032561,-16317,-3356.0,-6328.0,-4193,1,1,1,1,1,0,1.0,1,1,WEDNESDAY,10,0,0,0,0,0,0,Business Entity Type 3,0.73095775,0.7662337,0.0,0.0,0.0,0.0,-1783.0,0,1,0,0,0,0,0,0,0,0,0,0,0,0,0,0,0,0,0,0,0.0,0.0,0.0,0.0,0.0,0.0,1696949.4375,13575595.5,0.0,0.0,16069.581,80347.905,5.0,0.0,-1307.375,-2896.0,-370.0,3.0,2.0,1.0,240750.0,227641.5,15.0,0.0,0.0,0.0,-7.2,-2.0,381712.05,381712.05,1.0,0.0
106401,Cash loans,F,N,N,0,76500.0,296280.0,16069.5,225000.0,Family,Working,Secondary / secondary special,Married,House / apartment,0.018029,-8557,-248.0,-2593.0,-903,1,1,1,1,0,0,2.0,3,3,WEDNESDAY,12,0,0,0,0,1,1,Restaurant,0.3371189,,0.0,0.0,0.0,0.0,-580.0,0,1,0,0,0,0,0,0,0,0,0,0,0,0,0,0,0,0,0,0,,,,,,,,,,,,,,,,,,,1.0,1.0,41701.5,42304.5,8.0,-2156.8725,-8248.32,0.0,-13.5,5.0,51765.3,69020.28,1.0,0.0
106411,Cash loans,F,N,N,0,139500.0,270000.0,13932.0,270000.0,Unaccompanied,Working,Higher education,Single / not married,House / apartment,0.018801,-16300,-1729.0,-1625.0,-1633,1,1,0,1,0,0,1.0,2,2,TUESDAY,12,1,1,0,1,1,0,Business Entity Type 3,0.28977975,0.37064964,2.0,0.0,2.0,0.0,-668.0,0,1,0,0,0,0,0,0,0,0,0,0,0,0,0,0,0,0,0,0,0.0,0.0,0.0,0.0,1.0,1.0,224679.74785714288,1572758.235,0.0,0.0,78427.24071428573,548990.685,4.0,0.0,-933.2857142857143,-1438.0,-230.0,2.0,1.0,1.0,96805.485,119263.5,13.0,-840.163846153846,-9282.779999999999,0.0,-6.6923075,2.0,131051.87999999999,141974.00999999998,1.0,0.0
106413,Cash loans,M,Y,Y,0,225000.0,440784.0,34825.5,360000.0,Unaccompanied,Working,Secondary / secondary special,Married,House / apartment,0.030755,-12099,-3742.0,-4988.0,-2814,1,1,0,1,1,0,2.0,2,2,TUESDAY,16,0,0,0,0,0,0,Business Entity Type 2,0.43014118,0.044435564,1.0,0.0,1.0,0.0,0.0,0,0,0,0,0,0,1,0,0,0,0,0,0,0,0,0,0,0,0,0,0.0,0.0,0.0,0.0,2.0,2.0,165392.35714285713,1157746.5,39.60642857142857,277.245,43959.02785714286,307713.195,4.0,12.0,-952.1428571428571,-2779.0,-356.0,2.0,2.0,1.0,33950.52,36938.52,15.0,-2796.9899999999993,-8170.5599999999995,0.0,0.73333335,32.0,83902.86,125857.70999999999,1.0,6.0
106426,Cash loans,M,Y,Y,1,360000.0,781920.0,42547.5,675000.0,Unaccompanied,Commercial associate,Higher education,Separated,House / apartment,0.010556,-16713,-2266.0,-5456.0,-255,1,1,0,1,0,0,2.0,3,3,FRIDAY,17,0,0,0,0,1,1,Construction,0.57603157,0.25123945,0.0,0.0,0.0,0.0,-519.0,0,0,0,0,0,0,1,0,0,0,0,0,0,0,0,0,0,0,0,0,0.0,0.0,0.0,0.0,1.0,3.0,984413.25,1968826.5,0.0,0.0,114993.0,114993.0,2.0,0.0,-214.5,-366.0,-63.0,1.0,4.0,1.0,108570.375,119179.125,13.0,-655.4734615384616,-8232.705,0.0,-7.769231,4.0,102251.925,110773.08,1.0,0.0
106427,Cash loans,F,N,Y,0,225000.0,409500.0,30748.5,409500.0,Unaccompanied,Pensioner,Secondary / secondary special,Married,House / apartment,0.00963,-22480,,-5192.0,-42,1,0,0,1,0,0,2.0,2,2,WEDNESDAY,12,0,0,0,0,0,0,XNA,0.6015342,0.44361532,0.0,0.0,0.0,0.0,-566.0,0,1,0,0,0,0,0,0,0,0,0,0,0,0,0,0,0,0,0,0,0.0,0.0,0.0,0.0,1.0,2.0,110601.81818181818,1216620.0,1.2272727272727273,13.5,33034.5,231241.5,6.0,120.0,-949.6363636363636,-2742.0,-35.0,2.0,11.0,2.0,71403.54545454546,85088.86363636363,13.0,0.0,0.0,0.0,-33.692307,-1.0,162959.895,162959.895,2.0,0.0
106428,Cash loans,M,N,Y,0,270000.0,360000.0,23004.0,360000.0,Unaccompanied,Working,Secondary / secondary special,Married,House / apartment,0.018634,-19570,-329.0,-1876.0,-3112,1,1,1,1,0,0,2.0,2,2,TUESDAY,11,1,1,1,1,1,1,Business Entity Type 3,0.65193677,0.42765737,0.0,0.0,0.0,0.0,0.0,0,0,0,0,0,0,1,0,0,0,0,0,0,0,0,0,0,0,0,0,0.0,0.0,0.0,0.0,1.0,1.0,119098.125,476392.5,0.0,0.0,82033.7625,328135.05,3.0,0.0,-1159.25,-2661.0,-49.0,2.0,2.0,1.0,29025.0,62775.0,116.0,-1.4186637931034483,-160.47,0.0,-1.8275862,0.0,113997.285,114161.85,,
106434,Cash loans,M,N,Y,0,180000.0,296280.0,12226.5,225000.0,Unaccompanied,Commercial associate,Higher education,Married,House / apartment,0.008019,-10779,-1368.0,-2330.0,-2729,1,1,1,1,0,0,2.0,2,2,TUESDAY,10,1,1,0,1,1,0,Trade: type 3,0.63474905,,0.0,0.0,0.0,0.0,-183.0,0,0,0,0,0,0,0,0,0,0,0,0,0,0,0,0,0,0,0,0,,,,,,,,,,,,,,,,,,,,,,,,,,,,,,,,
106438,Cash loans,F,N,N,0,202500.0,1350000.0,55714.5,1350000.0,Unaccompanied,Commercial associate,Secondary / secondary special,Married,House / apartment,0.009549,-15925,-2339.0,-2971.0,-4828,1,1,1,1,0,0,2.0,2,2,THURSDAY,18,0,0,0,0,1,1,Industry: type 11,0.53546065,0.40835884,7.0,0.0,7.0,0.0,-439.0,0,1,0,0,0,0,0,0,0,0,0,0,0,0,0,0,0,0,0,0,0.0,0.0,0.0,0.0,0.0,9.0,104317.011,521585.055,0.0,0.0,42203.7,211018.5,2.0,0.0,-1225.6,-1294.0,-1124.0,2.0,13.0,8.0,193389.36923076923,190162.73076923078,64.0,1480.362890625,0.0,19327.32,-11.34375,2.0,1287223.245,1192480.02,7.0,0.0
106440,Cash loans,F,N,N,2,67500.0,67500.0,4509.0,67500.0,Unaccompanied,Working,Secondary / secondary special,Married,House / apartment,0.035792,-12222,-665.0,-5766.0,-4062,1,1,1,1,1,0,4.0,2,2,THURSDAY,9,0,0,0,0,0,0,Self-employed,0.6269373,0.49566582,2.0,0.0,2.0,0.0,-2089.0,0,1,0,0,0,0,0,0,0,0,0,0,0,0,0,0,0,0,0,0,0.0,0.0,0.0,0.0,1.0,2.0,118314.25,1064828.25,0.0,0.0,29753.5,267781.5,4.0,0.0,-860.8888888888889,-1850.0,-318.0,2.0,5.0,3.0,29113.2,28928.7,36.0,-75.64749999999998,-2710.7999999999997,0.0,-7.3055553,13.0,182520.045,185243.355,4.0,0.0
106441,Cash loans,F,N,N,0,157500.0,495000.0,31635.0,495000.0,Unaccompanied,Commercial associate,Secondary / secondary special,Married,Municipal apartment,0.072508,-9601,-752.0,-4402.0,-790,1,1,1,1,1,0,2.0,1,1,TUESDAY,14,0,0,0,0,0,0,Other,0.68103415,,0.0,0.0,0.0,0.0,-521.0,0,1,0,0,0,0,0,0,0,0,0,0,0,0,0,0,0,0,0,0,0.0,0.0,0.0,0.0,0.0,0.0,1707750.0,3415500.0,0.0,0.0,1365259.0499999998,2730518.0999999996,2.0,0.0,-524.5,-635.0,-414.0,1.0,6.0,1.0,278745.0,308634.0,9.0,0.0,0.0,0.0,-12.222222,-4.0,88299.405,88299.405,1.0,0.0
106452,Cash loans,M,N,Y,0,135000.0,495000.0,30411.0,495000.0,Unaccompanied,Working,Incomplete higher,Single / not married,House / apartment,0.026392,-8597,-1106.0,-8567.0,-1022,1,1,1,1,1,1,1.0,2,2,TUESDAY,14,0,0,0,0,0,0,Business Entity Type 2,0.49597287,0.44361532,1.0,1.0,1.0,1.0,-524.0,0,1,0,0,0,0,0,0,0,0,0,0,0,0,0,0,0,0,0,0,0.0,0.0,0.0,0.0,1.0,1.0,24300.0,121500.0,0.0,0.0,15954.3,79771.5,2.0,0.0,-157.6,-210.0,-108.0,2.0,1.0,1.0,50152.5,40122.0,5.0,2088.0,0.0,6368.04,-23.8,-17.0,51920.415,41480.415,1.0,0.0
106453,Cash loans,F,N,Y,1,90000.0,149256.0,15799.5,135000.0,Unaccompanied,Commercial associate,Higher education,Married,House / apartment,0.00712,-10755,-2262.0,-510.0,-562,1,1,0,1,0,0,3.0,2,2,THURSDAY,14,0,0,0,0,0,0,Industry: type 1,0.64041334,0.2213352,0.0,0.0,0.0,0.0,-649.0,0,1,0,0,0,0,0,0,0,0,0,0,0,0,0,0,0,0,0,0,0.0,0.0,0.0,0.0,0.0,0.0,721575.0,1443150.0,0.0,0.0,507262.95,1014525.9,2.0,0.0,-1444.0,-1842.0,-1046.0,1.0,11.0,4.0,207458.18181818182,230182.77272727274,32.0,-1399.34671875,-15006.645,0.0,0.84375,36.0,685048.4550000001,729827.55,4.0,27.0
106454,Cash loans,M,Y,N,0,225000.0,378000.0,25258.5,378000.0,Unaccompanied,State servant,Higher education,Married,Office apartment,0.01885,-9866,-708.0,-858.0,-2288,1,1,0,1,1,0,2.0,2,2,FRIDAY,12,0,0,0,1,1,0,Military,0.5206768,0.5388627,2.0,0.0,2.0,0.0,-557.0,0,1,0,0,0,0,0,0,0,0,0,0,0,0,0,0,0,0,0,0,0.0,0.0,0.0,0.0,0.0,3.0,609750.0,1219500.0,0.0,0.0,482276.25,964552.5,2.0,0.0,-458.0,-566.0,-350.0,1.0,3.0,3.0,53118.0,54993.0,23.0,0.0,0.0,0.0,-16.869566,-1.0,110171.79,110171.79,3.0,0.0
106457,Cash loans,F,N,Y,2,225000.0,781920.0,40054.5,675000.0,Unaccompanied,Commercial associate,Secondary / secondary special,Separated,House / apartment,0.018029,-14465,-503.0,-27.0,-2639,1,1,0,1,0,0,3.0,3,3,FRIDAY,7,0,0,0,0,0,0,Business Entity Type 3,0.40054688,0.51369375,7.0,2.0,7.0,1.0,-1731.0,0,1,0,0,0,0,0,0,0,0,0,0,0,0,0,0,0,0,0,0,0.0,0.0,0.0,0.0,0.0,3.0,455366.53285714285,3187565.73,0.0,0.0,0.0,0.0,2.0,0.0,-944.8571428571429,-2599.0,-365.0,3.0,2.0,2.0,130927.5,152235.0,15.0,0.0,0.0,0.0,-9.066667,-1.0,364851.99000000005,364851.99000000005,2.0,0.0
106484,Cash loans,F,N,Y,0,103500.0,135000.0,5805.0,135000.0,Unaccompanied,Pensioner,Secondary / secondary special,Widow,House / apartment,0.026392,-21554,,-1741.0,-4379,1,0,0,1,0,0,1.0,2,2,MONDAY,10,0,0,0,0,0,0,XNA,0.6506356,0.42061096,0.0,0.0,0.0,0.0,-2627.0,0,1,0,0,0,0,0,0,0,0,0,0,0,0,0,0,0,0,0,0,0.0,0.0,0.0,0.0,0.0,1.0,292941.027,1464705.135,0.0,0.0,186960.6,934803.0,3.0,0.0,-701.8,-1039.0,-203.0,2.0,3.0,3.0,194800.5,206308.5,32.0,11250.1209375,0.0,341321.67,-13.65625,1.0,1030610.61,670606.74,3.0,0.0
106488,Cash loans,M,N,N,1,450000.0,855000.0,43654.5,855000.0,Unaccompanied,Commercial associate,Secondary / secondary special,Single / not married,Rented apartment,0.010556,-10822,-366.0,-1111.0,-984,1,1,1,1,1,1,2.0,3,3,THURSDAY,14,0,1,1,0,1,1,Business Entity Type 3,0.7364818,0.28224844,0.0,0.0,0.0,0.0,-1101.0,0,1,0,0,0,0,0,0,0,0,0,0,0,0,0,0,0,0,0,0,0.0,0.0,0.0,0.0,0.0,2.0,742500.0,1485000.0,0.0,0.0,452191.5,904383.0,2.0,0.0,-330.5,-491.0,-170.0,2.0,6.0,4.0,140622.0,233847.75,83.0,1272.8564457831324,-8775.0,48303.674999999996,-6.1807227,4.0,1561686.75,1456039.665,3.0,0.0
106491,Cash loans,F,N,Y,0,175500.0,509400.0,32683.5,450000.0,Family,Pensioner,Secondary / secondary special,Married,House / apartment,0.019689,-24076,,-2511.0,-4860,1,0,0,1,0,0,2.0,2,2,SATURDAY,13,0,0,0,0,0,0,XNA,0.32930174,0.3077367,0.0,0.0,0.0,0.0,-354.0,0,1,0,0,0,0,0,0,0,0,0,0,0,0,0,0,0,0,0,0,0.0,0.0,0.0,0.0,0.0,5.0,237618.0,1900944.0,0.0,0.0,69950.11499999999,559600.9199999999,4.0,0.0,-443.5,-1433.0,-3.0,2.0,12.0,5.0,149250.0,162379.875,90.0,-521.328,-14555.25,0.0,-3.6222222,19.0,1543401.0,1590320.52,4.0,1.0
106514,Cash loans,F,N,Y,2,162000.0,781920.0,34443.0,675000.0,Family,Working,Higher education,Married,House / apartment,0.006852,-15668,-3385.0,-2665.0,-1215,1,1,0,1,0,0,4.0,3,3,SUNDAY,9,0,0,0,0,0,0,Self-employed,0.031660292,0.48124933,1.0,0.0,1.0,0.0,-723.0,0,1,0,0,0,0,0,0,0,0,0,0,0,0,0,0,0,0,0,0,0.0,0.0,0.0,0.0,2.0,1.0,540348.5454545454,5943834.0,0.0,0.0,4402.8,22014.0,4.0,0.0,-637.7272727272727,-1266.0,-229.0,2.0,4.0,3.0,69841.125,182403.0,69.0,-647.7299999999999,-21411.135,0.0,-4.231884,3.0,2154386.565,2199079.935,2.0,0.0
106527,Cash loans,F,N,Y,0,315000.0,1885536.0,103455.0,1800000.0,Unaccompanied,Working,Secondary / secondary special,Widow,House / apartment,0.007114,-20080,-2347.0,-3619.0,-3634,1,1,0,1,1,0,1.0,2,2,WEDNESDAY,10,0,0,0,0,1,1,Transport: type 4,0.67358327,0.45789954,0.0,0.0,0.0,0.0,-1454.0,0,1,0,0,0,0,0,0,0,0,0,0,0,0,0,0,0,0,0,0,0.0,0.0,0.0,0.0,0.0,0.0,86017.5,172035.0,0.0,0.0,,0.0,0.0,0.0,-2057.5,-2290.0,-1825.0,1.0,3.0,2.0,515995.5,509851.5,10.0,0.0,0.0,0.0,-9.8,0.0,197086.77000000002,197086.77000000002,2.0,0.0
106528,Cash loans,M,Y,Y,0,292500.0,761872.5,53154.0,675000.0,Unaccompanied,Working,Higher education,Married,House / apartment,0.020246,-14976,-7935.0,-1250.0,-4520,1,1,0,1,0,0,2.0,3,3,TUESDAY,10,0,0,0,0,0,0,Police,0.44647366,0.4650692,0.0,0.0,0.0,0.0,-3142.0,0,0,0,0,0,0,1,0,0,0,0,0,0,0,0,0,0,0,0,0,0.0,0.0,0.0,0.0,0.0,1.0,1024534.2015000001,10245342.015,0.0,0.0,37968.42857142857,265779.0,4.0,0.0,-683.6,-2092.0,-28.0,3.0,6.0,3.0,109589.25,111421.5,12.0,0.0,0.0,0.0,-17.0,-5.0,236361.69,236361.69,4.0,0.0
106529,Cash loans,F,Y,Y,2,270000.0,225000.0,26703.0,225000.0,Family,Commercial associate,Higher education,Married,House / apartment,0.04622,-15870,-2761.0,-6566.0,-4848,1,1,1,1,0,0,4.0,1,1,TUESDAY,13,0,0,0,0,0,0,Industry: type 1,0.7447153,0.5744466,0.0,0.0,0.0,0.0,-1620.0,0,0,0,0,0,0,1,0,0,0,0,0,0,0,0,0,0,0,0,0,0.0,0.0,0.0,0.0,0.0,0.0,1191885.75,2383771.5,0.0,0.0,0.0,0.0,1.0,0.0,-2179.5,-2897.0,-1462.0,1.0,3.0,2.0,201735.0,200530.5,31.0,0.0,0.0,0.0,-4.645161,3.0,417367.98,417367.98,1.0,0.0
106534,Cash loans,F,N,Y,0,202500.0,450000.0,23008.5,450000.0,Unaccompanied,Working,Secondary / secondary special,Civil marriage,House / apartment,0.01452,-18098,-8420.0,-5346.0,-1652,1,1,0,1,0,0,2.0,2,2,THURSDAY,10,0,0,0,0,0,0,Other,0.21904463,0.37064964,0.0,0.0,0.0,0.0,-1386.0,0,1,0,0,0,0,0,0,0,0,0,0,0,0,0,0,0,0,0,0,0.0,0.0,0.0,0.0,2.0,3.0,153615.7894736842,2918700.0,0.0,0.0,69544.49921052631,1321345.4849999999,11.0,0.0,-684.5263157894736,-1240.0,-183.0,2.0,13.0,3.0,120806.30769230769,124257.46153846153,27.0,1572.881666666667,-4500.0,44372.115,-7.5185184,0.0,413905.59,371437.78500000003,2.0,0.0
106550,Cash loans,F,N,Y,2,81000.0,200493.0,18517.5,162000.0,Unaccompanied,Working,Secondary / secondary special,Married,House / apartment,0.003813,-11965,-2520.0,-4555.0,-3966,1,1,0,1,0,0,4.0,2,2,TUESDAY,5,0,0,0,0,0,0,Self-employed,0.023137491,0.27500036,0.0,0.0,0.0,0.0,0.0,0,1,0,0,0,0,0,0,0,0,0,0,0,0,0,0,0,0,0,0,0.0,0.0,0.0,0.0,1.0,1.0,70155.0,70155.0,0.0,0.0,24903.0,24903.0,1.0,0.0,-282.0,-282.0,-282.0,1.0,1.0,1.0,35392.5,35392.5,9.0,0.0,0.0,0.0,-5.111111,0.0,39905.05500000001,39905.05500000001,1.0,0.0
106577,Cash loans,M,Y,Y,0,202500.0,288000.0,30370.5,288000.0,Unaccompanied,State servant,Secondary / secondary special,Married,Office apartment,0.015221,-16560,-3741.0,-1592.0,-105,1,1,0,1,0,0,2.0,2,2,MONDAY,10,0,0,0,0,0,0,Other,0.49166018,,3.0,0.0,3.0,0.0,-408.0,0,0,0,0,0,0,1,0,0,0,0,0,0,0,0,0,0,0,0,0,0.0,0.0,0.0,0.0,0.0,0.0,557142.75,2228571.0,0.0,0.0,120756.0,362268.0,1.0,0.0,-1000.0,-1645.0,-392.0,2.0,6.0,3.0,266124.75,267765.0,42.0,19914.174642857146,-10282.5,863290.26,-2.2142856,31.0,2245281.57,1408886.2349999999,3.0,1.0
106585,Cash loans,M,N,N,1,135000.0,611577.0,40999.5,522000.0,Unaccompanied,State servant,Secondary / secondary special,Married,House / apartment,0.002134,-9650,-626.0,-6812.0,-1610,1,1,0,1,0,0,3.0,3,3,WEDNESDAY,10,0,0,0,1,1,0,Military,0.6139301,0.5744466,0.0,0.0,0.0,0.0,-1330.0,0,1,0,0,0,0,0,0,0,0,0,0,0,0,0,0,0,0,0,0,0.0,0.0,0.0,0.0,0.0,3.0,1125000.0,1125000.0,0.0,0.0,846328.5,846328.5,1.0,0.0,-359.0,-359.0,-359.0,1.0,3.0,2.0,123720.0,126069.0,20.0,0.0,0.0,0.0,-9.9,0.0,204347.92500000002,204347.92500000002,2.0,0.0
106590,Cash loans,F,N,Y,0,360000.0,512446.5,29416.5,463500.0,Family,Pensioner,Secondary / secondary special,Married,House / apartment,0.04622,-21519,,-9846.0,-5037,1,0,0,1,0,0,2.0,1,1,TUESDAY,10,0,0,0,0,0,0,XNA,0.734478,0.6313545,0.0,0.0,0.0,0.0,-763.0,0,0,0,0,1,0,0,0,0,0,0,0,0,0,0,0,0,0,0,0,0.0,0.0,0.0,0.0,2.0,5.0,195654.75,1173928.5,0.0,0.0,12528.0,50112.0,1.0,0.0,-1327.5,-2475.0,-341.0,1.0,13.0,4.0,209562.57692307694,218288.42307692306,28.0,51107.142857142855,0.0,549310.23,-10.928572,0.0,3917996.685,2486996.685,4.0,0.0
106607,Cash loans,F,N,Y,0,121500.0,906660.0,34308.0,675000.0,,Pensioner,Secondary / secondary special,Married,House / apartment,0.006207,-21861,,-7845.0,-5162,1,0,0,1,0,0,2.0,2,2,MONDAY,9,0,0,0,0,0,0,XNA,0.6524477,0.48485148,0.0,0.0,0.0,0.0,0.0,0,1,0,0,0,0,0,0,0,0,0,0,0,0,0,0,0,0,0,0,0.0,0.0,0.0,0.0,0.0,0.0,292029.86000000004,2628268.74,0.0,0.0,116785.5,1051069.5,2.0,0.0,-1813.2222222222222,-2666.0,-266.0,1.0,,,,,,,,,,,,,,
106610,Cash loans,F,N,N,2,135000.0,360000.0,28440.0,360000.0,Unaccompanied,Working,Secondary / secondary special,Married,House / apartment,0.016612,-13320,-403.0,-3708.0,-5950,1,1,0,1,1,0,4.0,2,2,SUNDAY,8,0,0,0,0,1,1,Other,0.552157,0.3457848,0.0,0.0,0.0,0.0,-385.0,0,1,0,0,0,0,0,0,0,0,0,0,0,0,0,0,0,0,0,0,0.0,0.0,0.0,0.0,1.0,0.0,257152.5,1285762.5,0.0,0.0,93959.28,187918.56,2.0,0.0,-1195.8,-2109.0,-286.0,1.0,1.0,1.0,125923.5,111721.5,5.0,-5963.8769999999995,-29713.23,0.0,0.8,31.0,119013.795,148833.18,1.0,15.0
106611,Cash loans,F,Y,N,0,78750.0,675000.0,28728.0,675000.0,Unaccompanied,State servant,Secondary / secondary special,Married,House / apartment,0.020713,-18224,-7048.0,-8435.0,-1776,1,1,1,1,0,0,2.0,3,3,WEDNESDAY,9,0,0,0,0,1,1,Government,0.514567,,0.0,0.0,0.0,0.0,-1499.0,0,1,0,0,0,0,0,0,0,0,0,0,0,0,0,0,0,0,0,0,,,,,,,,,,,,,,,,,,,1.0,1.0,117279.0,123084.0,6.0,0.0,0.0,0.0,-27.333334,-26.0,130466.61,130466.61,1.0,0.0
106612,Cash loans,M,N,N,0,292500.0,675000.0,49117.5,675000.0,Unaccompanied,Working,Higher education,Single / not married,House / apartment,0.030755,-8412,-1567.0,-6740.0,-1095,1,1,1,1,0,0,1.0,2,2,FRIDAY,14,0,0,0,0,0,0,Business Entity Type 3,0.5274018,0.33285058,0.0,0.0,0.0,0.0,-438.0,0,1,0,0,0,0,0,0,0,0,0,0,0,0,0,0,0,0,0,0,0.0,0.0,0.0,0.0,2.0,2.0,249736.5,249736.5,0.0,0.0,211950.0,211950.0,1.0,0.0,-157.0,-157.0,-157.0,1.0,2.0,1.0,42747.75,47261.25,12.0,0.0,0.0,0.0,-8.666667,0.0,121915.395,121915.395,1.0,0.0
106624,Cash loans,M,N,Y,0,157500.0,479700.0,50503.5,450000.0,"Spouse, partner",Pensioner,Higher education,Married,House / apartment,0.018029,-23886,,-3809.0,-3653,1,0,0,1,0,0,2.0,3,2,TUESDAY,10,0,0,0,0,0,0,XNA,0.5876879,0.5388627,2.0,0.0,2.0,0.0,-1179.0,0,1,0,0,0,0,0,0,0,0,0,0,0,0,0,0,0,0,0,0,0.0,0.0,0.0,0.0,2.0,1.0,688716.0,688716.0,0.0,0.0,472671.0,472671.0,1.0,0.0,-460.0,-460.0,-460.0,1.0,3.0,3.0,764550.0,774612.0,38.0,-5772.337105263159,-68634.18000000001,0.0,-3.5789473,20.0,2965442.265,3184791.075,3.0,1.0
106631,Cash loans,F,N,Y,1,135000.0,260640.0,27499.5,225000.0,Unaccompanied,Working,Secondary / secondary special,Married,House / apartment,0.008474,-13711,-2861.0,-7717.0,-3595,1,1,1,1,1,0,3.0,2,2,MONDAY,15,0,0,0,0,0,0,Medicine,0.66721976,0.5531647,2.0,0.0,2.0,0.0,-1080.0,0,1,0,0,0,0,0,0,0,0,0,0,0,0,0,0,0,0,0,0,0.0,0.0,0.0,0.0,0.0,0.0,181385.505,1088313.03,0.0,0.0,17291.7,86458.5,1.0,0.0,-882.6666666666666,-1386.0,-38.0,1.0,4.0,2.0,155253.7125,144821.25,13.0,0.0,0.0,0.0,-37.53846,-7.0,207178.19999999998,207178.19999999998,2.0,0.0
106647,Cash loans,M,N,Y,0,202500.0,573408.0,29407.5,495000.0,Unaccompanied,Working,Secondary / secondary special,Married,With parents,0.010556,-13438,-135.0,-173.0,-3525,1,1,0,1,0,0,2.0,3,3,SATURDAY,12,0,0,0,0,1,1,Business Entity Type 3,0.13110653,0.6058363,0.0,0.0,0.0,0.0,-116.0,0,1,0,0,0,0,0,0,0,0,0,0,0,0,0,0,0,0,0,0,0.0,0.0,0.0,0.0,1.0,5.0,86805.0,173610.0,0.0,0.0,0.0,0.0,0.0,0.0,-1303.0,-1464.0,-1142.0,1.0,10.0,6.0,201880.8,245682.9,89.0,-447.885,-15876.9,0.0,-10.179775,8.0,1896323.175,1936184.94,6.0,0.0
106660,Cash loans,M,Y,Y,1,180000.0,522396.0,38142.0,472500.0,Unaccompanied,Working,Secondary / secondary special,Single / not married,House / apartment,0.010966,-15514,-750.0,-6281.0,-4423,1,1,0,1,0,0,2.0,2,2,THURSDAY,9,0,0,0,0,0,0,Business Entity Type 3,0.43354815,0.2940831,0.0,0.0,0.0,0.0,-705.0,0,1,0,0,0,0,0,0,0,0,0,0,0,0,0,0,0,0,0,0,0.0,0.0,0.0,0.0,1.0,3.0,153846.061875,1230768.495,0.0,0.0,63237.515625,505900.125,3.0,0.0,-881.625,-1574.0,-336.0,2.0,7.0,3.0,176514.2357142857,186106.30714285714,86.0,-78.20476744186048,-6614.1900000000005,0.0,-3.9302325,10.0,229129.155,235854.765,3.0,0.0
106674,Cash loans,M,Y,N,0,432000.0,315000.0,20259.0,315000.0,Unaccompanied,Working,Higher education,Married,House / apartment,0.003541,-12435,-3490.0,-213.0,-4622,1,1,1,1,0,0,2.0,1,1,SATURDAY,12,1,0,1,1,0,1,Kindergarten,0.59060967,0.4758499,0.0,0.0,0.0,0.0,-1955.0,0,1,0,0,0,0,0,0,0,0,0,0,0,0,0,0,0,0,0,0,0.0,0.0,0.0,0.0,3.0,2.0,1012479.0349999999,9112311.315,0.0,0.0,78894.5,710050.5,2.0,0.0,-1355.0,-2794.0,-353.0,3.0,5.0,5.0,145379.7,176911.2,112.0,-1023.458705357143,-22594.545000000002,0.0,-2.3660715,23.0,775797.57,890424.9450000001,4.0,0.0
106687,Cash loans,F,Y,N,0,36000.0,90000.0,9220.5,90000.0,Unaccompanied,Pensioner,Secondary / secondary special,Married,House / apartment,0.026392,-21530,,-7993.0,-4450,1,0,0,1,1,0,2.0,2,2,SATURDAY,12,0,0,0,0,0,0,XNA,0.60968184,0.24186149,1.0,1.0,1.0,1.0,-444.0,0,1,0,0,0,0,0,0,0,0,0,0,0,0,0,0,0,0,0,0,0.0,0.0,0.0,0.0,0.0,1.0,75581.001,755810.01,0.0,0.0,11747.8125,93982.5,2.0,0.0,-924.9,-1361.0,-279.0,1.0,1.0,1.0,102555.0,102555.0,10.0,0.0,0.0,0.0,-13.9,-9.0,112804.42499999999,112804.42499999999,1.0,0.0
106712,Cash loans,F,N,N,0,103500.0,450000.0,24412.5,450000.0,Unaccompanied,Commercial associate,Higher education,Separated,With parents,0.01885,-9576,-467.0,-6549.0,-1282,1,1,0,1,1,1,1.0,2,2,MONDAY,15,0,0,0,1,1,0,Business Entity Type 3,0.6553873,,0.0,0.0,0.0,0.0,-307.0,0,1,0,0,0,0,0,0,0,0,0,0,0,0,0,0,0,0,0,0,,,,,,,,,,,,,,,,,,,3.0,3.0,52977.0,52020.0,28.0,0.0,0.0,0.0,-8.285714,-2.0,141717.285,141717.285,2.0,0.0
106713,Cash loans,F,N,N,0,94500.0,334152.0,16204.5,270000.0,Unaccompanied,Pensioner,Secondary / secondary special,Married,Office apartment,0.0105,-20948,,-12870.0,-4419,1,0,0,1,1,0,2.0,3,3,FRIDAY,10,0,0,0,0,0,0,XNA,0.5699161,0.34252888,1.0,0.0,1.0,0.0,-2004.0,0,0,0,0,1,0,0,0,0,0,0,0,0,0,0,0,0,0,0,0,0.0,0.0,0.0,0.0,1.0,0.0,132850.5,1594206.0,0.0,0.0,51372.0,565092.0,2.0,0.0,-577.25,-1358.0,-143.0,1.0,1.0,1.0,23175.0,22414.5,11.0,0.0,0.0,0.0,-40.909092,-8.0,31634.28,31634.28,1.0,0.0
106717,Cash loans,M,Y,Y,1,270000.0,290353.5,19534.5,220500.0,Unaccompanied,Commercial associate,Higher education,Married,House / apartment,0.007305,-18071,-913.0,-4680.0,-1597,1,1,0,1,0,1,3.0,3,3,TUESDAY,8,0,0,0,0,0,0,Transport: type 3,0.6316509,0.5460232,0.0,0.0,0.0,0.0,-2480.0,0,1,0,0,0,0,0,0,0,0,0,0,0,0,0,0,0,0,0,0,0.0,0.0,0.0,0.0,0.0,0.0,375702.0,4508424.0,0.0,0.0,13441.180499999999,134411.805,4.0,0.0,-1509.75,-2833.0,-112.0,2.0,9.0,5.0,245957.0,258807.5,194.0,-711.2834536082473,-12012.39,0.0,-4.9484534,14.0,2494935.405,2632924.395,5.0,4.0
106720,Cash loans,M,N,Y,0,225000.0,512995.5,38484.0,454500.0,Unaccompanied,Working,Higher education,Civil marriage,House / apartment,0.030755,-8553,-138.0,-104.0,-1118,1,1,0,1,0,0,2.0,2,2,TUESDAY,13,0,0,0,0,0,0,Restaurant,0.36092064,0.66263777,0.0,0.0,0.0,0.0,-551.0,0,1,0,0,0,0,0,0,0,0,0,0,0,0,0,0,0,0,0,0,0.0,0.0,0.0,0.0,1.0,1.0,90000.0,270000.0,0.0,0.0,0.0,0.0,2.0,0.0,-866.3333333333334,-879.0,-841.0,1.0,2.0,2.0,78867.98999999999,82490.48999999999,12.0,1819.7175,0.0,14754.915,-14.583333,-8.0,163677.24,141840.63,2.0,0.0
106721,Cash loans,F,N,Y,1,94500.0,260640.0,24034.5,225000.0,"Spouse, partner",Working,Secondary / secondary special,Married,House / apartment,0.007114,-16618,-519.0,-1745.0,-168,1,1,0,1,1,0,3.0,2,2,THURSDAY,10,0,0,0,0,0,0,Self-employed,0.32303947,0.6313545,2.0,0.0,2.0,0.0,-1414.0,0,1,0,0,0,0,0,0,0,0,0,0,0,0,0,0,0,0,0,0,0.0,0.0,0.0,0.0,1.0,0.0,169500.0,508500.0,0.0,0.0,80230.5,240691.5,3.0,0.0,-679.3333333333334,-899.0,-569.0,2.0,1.0,1.0,20340.0,14260.5,6.0,0.0,0.0,0.0,-35.666668,-24.0,17207.594999999998,17207.594999999998,1.0,0.0
106724,Cash loans,F,N,Y,0,180000.0,790830.0,62613.0,675000.0,Unaccompanied,Working,Secondary / secondary special,Married,House / apartment,0.035792,-20262,-528.0,-769.0,-1044,1,1,0,1,1,0,2.0,2,2,WEDNESDAY,10,0,0,0,0,0,0,Self-employed,0.70052594,,1.0,0.0,1.0,0.0,-2830.0,0,1,0,0,0,0,0,0,0,0,0,0,0,0,0,0,0,0,0,0,,,,,,,,,,,,,,,,,,,15.0,7.0,399438.0,418883.1,115.0,-4511.835782608696,-41829.525,0.0,-3.4,27.0,4041058.9050000003,4559920.02,7.0,21.0
106735,Cash loans,F,Y,N,2,103500.0,540000.0,27571.5,540000.0,Unaccompanied,Working,Secondary / secondary special,Married,House / apartment,0.018029,-13586,-2034.0,-1563.0,-1703,1,1,1,1,0,0,4.0,3,3,FRIDAY,14,0,0,0,0,0,0,Hotel,0.37845194,0.32016337,0.0,0.0,0.0,0.0,-812.0,0,1,0,0,0,0,0,0,0,0,0,0,0,0,0,0,0,0,0,0,0.0,0.0,0.0,0.0,0.0,3.0,303953.22642857145,2127672.585,0.0,0.0,195219.64285714287,1366537.5,4.0,0.0,-737.1428571428571,-1300.0,-283.0,2.0,2.0,1.0,31770.0,37239.75,6.0,0.0,0.0,0.0,-10.833333,-9.0,81183.87,81183.87,1.0,0.0
106739,Cash loans,M,Y,Y,0,157500.0,225000.0,19242.0,225000.0,Family,State servant,Higher education,Married,House / apartment,0.019101,-10131,-705.0,-4770.0,-2802,1,1,1,1,1,0,2.0,2,2,SATURDAY,11,0,0,0,0,0,0,Industry: type 9,0.28589788,0.44717857,0.0,0.0,0.0,0.0,-870.0,0,0,0,0,0,0,1,0,0,0,0,0,0,0,0,0,0,0,0,0,0.0,0.0,0.0,0.0,0.0,0.0,266265.0,798795.0,0.0,0.0,152772.63,458317.89,1.0,0.0,-946.6666666666666,-1445.0,-286.0,2.0,4.0,2.0,31927.5,32637.375,16.0,0.0,0.0,0.0,-14.6875,-4.0,77814.90000000001,77814.90000000001,2.0,0.0
106740,Cash loans,F,N,Y,0,103500.0,265500.0,11290.5,265500.0,Unaccompanied,Pensioner,Secondary / secondary special,Married,House / apartment,0.014464,-23499,,-2504.0,-4842,1,0,0,1,0,0,2.0,2,2,SUNDAY,5,0,0,0,0,0,0,XNA,0.16809782,,0.0,0.0,0.0,0.0,0.0,0,0,0,0,1,0,0,0,0,0,0,0,0,0,0,0,0,0,0,0,,,,,,,,,,,,,,,,,,,15.0,8.0,125706.0,141504.6,69.0,-2229.365217391304,-27025.739999999998,0.0,-8.855072,3.0,1424335.005,1578161.205,8.0,0.0
106754,Cash loans,F,Y,N,0,261000.0,900000.0,45954.0,900000.0,Unaccompanied,Commercial associate,Secondary / secondary special,Married,House / apartment,0.02461,-10714,-2121.0,-2580.0,-599,1,1,0,1,1,0,2.0,2,2,FRIDAY,10,0,0,0,0,0,0,Self-employed,0.64393073,0.17665258,0.0,0.0,0.0,0.0,-298.0,0,1,0,0,0,0,0,0,0,0,0,0,0,0,0,0,0,0,0,0,0.0,0.0,0.0,0.0,0.0,0.0,474750.0,1424250.0,0.0,0.0,298935.27,298935.27,3.0,0.0,-1070.3333333333333,-1093.0,-1037.0,2.0,1.0,1.0,159660.0,101893.5,4.0,-2418.69375,-9674.55,0.0,-10.0,2.0,107739.18000000001,117413.955,1.0,0.0
106760,Cash loans,F,N,N,1,67500.0,450000.0,23107.5,450000.0,Unaccompanied,Working,Secondary / secondary special,Civil marriage,With parents,0.019101,-13564,-94.0,-3245.0,-3955,1,1,1,1,0,0,3.0,2,2,WEDNESDAY,10,0,0,0,0,1,1,Self-employed,0.23520754,0.29859498,6.0,0.0,6.0,0.0,-2833.0,0,1,0,0,0,0,0,0,0,0,0,0,0,0,0,0,0,0,0,0,0.0,0.0,0.0,0.0,0.0,0.0,31027.5,62055.0,0.0,0.0,0.0,0.0,0.0,0.0,-1436.0,-1604.0,-1268.0,1.0,5.0,2.0,21924.81,21951.9,23.0,0.0,0.0,0.0,-6.7391305,0.0,142138.485,142138.485,3.0,0.0
106761,Cash loans,F,N,N,1,90000.0,847728.0,35914.5,847728.0,Unaccompanied,Working,Secondary / secondary special,Married,House / apartment,0.01885,-20412,-1623.0,-2452.0,-3263,1,1,0,1,0,0,3.0,2,2,THURSDAY,15,0,0,0,0,0,0,Self-employed,0.649362,0.62461466,1.0,1.0,1.0,1.0,-2395.0,0,1,0,0,0,0,0,0,0,0,0,0,0,0,0,0,0,0,0,0,0.0,0.0,0.0,0.0,0.0,2.0,254250.0,508500.0,0.0,0.0,238556.25,477112.5,2.0,0.0,-1235.5,-1729.0,-742.0,2.0,5.0,3.0,151821.0,205687.8,149.0,0.0,0.0,0.0,-2.295302,0.0,1715136.795,1715136.795,2.0,0.0
106784,Cash loans,M,N,Y,0,180000.0,601470.0,30838.5,450000.0,Unaccompanied,Commercial associate,Incomplete higher,Civil marriage,With parents,0.072508,-9885,-146.0,-4349.0,-1991,1,1,0,1,0,0,2.0,1,1,SATURDAY,14,0,0,0,0,0,0,Other,0.479578,,1.0,0.0,1.0,0.0,-566.0,0,1,0,0,0,0,0,0,0,0,0,0,0,0,0,0,0,0,0,0,,,,,,,,,,,,,,,,,,,1.0,1.0,94450.5,93982.5,9.0,0.0,0.0,0.0,-23.444445,-19.0,109279.17,109279.17,1.0,0.0
106787,Cash loans,F,N,Y,0,162000.0,260640.0,28197.0,225000.0,Unaccompanied,Commercial associate,Secondary / secondary special,Civil marriage,House / apartment,0.014464,-16505,-3863.0,-8785.0,-47,1,1,0,1,0,1,2.0,2,2,SUNDAY,4,0,0,0,0,0,0,Business Entity Type 1,0.6278013,0.3842068,0.0,0.0,0.0,0.0,-1211.0,0,0,0,0,0,0,1,0,0,0,0,0,0,0,0,0,0,0,0,0,0.0,0.0,0.0,0.0,0.0,0.0,200393.1,1001965.5,0.0,0.0,112597.2,562986.0,2.0,0.0,-1379.0,-2331.0,-523.0,2.0,10.0,4.0,143835.75,159775.65,35.0,-189.74057142857143,-5876.28,0.0,-9.885715,4.0,309864.375,316505.295,3.0,0.0
106797,Cash loans,F,Y,Y,0,225000.0,675000.0,21906.0,675000.0,Unaccompanied,State servant,Secondary / secondary special,Married,House / apartment,0.019101,-18632,-877.0,-7271.0,-2183,1,1,0,1,0,0,2.0,2,2,THURSDAY,13,0,0,0,0,0,0,Medicine,0.526655,0.75574005,1.0,0.0,0.0,0.0,-369.0,0,1,0,0,0,0,0,0,0,0,0,0,0,0,0,0,0,0,0,0,0.0,0.0,0.0,0.0,1.0,1.0,476054.16,1428162.48,0.0,0.0,282958.5,848875.5,2.0,0.0,-635.3333333333334,-1147.0,-261.0,1.0,1.0,1.0,160110.0,92610.0,12.0,0.0,0.0,0.0,-12.166667,-7.0,113560.065,113560.065,1.0,0.0
106798,Cash loans,F,N,Y,0,85500.0,334152.0,17190.0,270000.0,Unaccompanied,Pensioner,Secondary / secondary special,Civil marriage,House / apartment,0.010966,-20489,,-10666.0,-3869,1,0,0,1,0,0,2.0,2,2,WEDNESDAY,11,0,0,0,0,0,0,XNA,0.29957357,0.41534716,4.0,0.0,4.0,0.0,-867.0,0,0,0,0,1,0,0,0,0,0,0,0,0,0,0,0,0,0,0,0,0.0,0.0,0.0,0.0,0.0,0.0,38250.0,153000.0,0.0,0.0,0.0,0.0,1.0,0.0,-920.5,-1374.0,-608.0,2.0,19.0,9.0,68059.18421052632,91757.84210526316,69.0,1552.8586956521738,0.0,33126.479999999996,-17.231884,15.0,1362069.18,1254921.9300000002,8.0,1.0
106802,Cash loans,M,Y,N,2,180000.0,539100.0,27652.5,450000.0,Family,Working,Secondary / secondary special,Married,Rented apartment,0.020713,-16822,-1251.0,-784.0,-16,1,1,0,1,0,0,4.0,3,3,FRIDAY,13,0,0,0,0,0,0,Other,0.51322865,,2.0,1.0,2.0,1.0,0.0,0,1,0,0,0,0,0,0,0,0,0,0,0,0,0,0,0,0,0,0,0.0,0.0,0.0,0.0,0.0,0.0,63180.0,63180.0,0.0,0.0,0.0,0.0,0.0,0.0,-1772.0,-1772.0,-1772.0,1.0,3.0,3.0,38725.5,33678.0,21.0,0.0,0.0,0.0,-8.142858,-1.0,129277.70999999999,129277.70999999999,3.0,0.0
106803,Cash loans,F,N,Y,0,180000.0,450000.0,53406.0,450000.0,Unaccompanied,Working,Incomplete higher,Civil marriage,Rented apartment,0.026392,-18413,-1021.0,-5469.0,-1948,1,1,0,1,1,0,2.0,2,2,FRIDAY,16,0,0,0,0,1,1,Construction,0.26075074,0.57796913,0.0,0.0,0.0,0.0,0.0,0,1,0,0,0,0,0,0,0,0,0,0,0,0,0,0,0,0,0,0,0.0,0.0,0.0,0.0,1.0,1.0,121327.2,606636.0,158.4,792.0,0.0,0.0,3.0,2348.0,-2117.4,-2670.0,-1047.0,2.0,5.0,3.0,131946.70500000002,134509.005,13.0,0.0,0.0,0.0,-12.153846,0.0,329642.055,329642.055,3.0,0.0
106804,Cash loans,F,N,Y,0,126000.0,654048.0,24655.5,540000.0,Unaccompanied,Working,Secondary / secondary special,Separated,House / apartment,0.025164,-16232,-1314.0,-3670.0,-2402,1,1,1,1,0,0,1.0,2,2,THURSDAY,8,0,0,0,0,1,1,Self-employed,0.070495754,0.32806316,0.0,0.0,0.0,0.0,-61.0,0,1,0,0,0,0,0,0,0,0,0,0,0,0,0,0,0,0,0,0,0.0,0.0,0.0,0.0,1.0,0.0,367506.5625,2940052.5,0.0,0.0,13851.0,110808.0,1.0,0.0,-1440.125,-1712.0,-365.0,1.0,2.0,2.0,38789.3925,33693.75,6.0,0.0,0.0,0.0,-4.0,2.0,42593.130000000005,42593.130000000005,2.0,44.0
106805,Cash loans,F,N,Y,0,166500.0,112500.0,5872.5,112500.0,Unaccompanied,Working,Secondary / secondary special,Married,House / apartment,0.010006,-15792,-4934.0,-2796.0,-4546,1,1,0,1,0,0,2.0,2,2,FRIDAY,10,0,0,0,0,0,0,Medicine,0.572487,0.4650692,2.0,1.0,2.0,1.0,-2786.0,0,1,0,0,0,0,0,0,0,0,0,0,0,0,0,0,0,0,0,0,0.0,0.0,0.0,0.0,0.0,3.0,2552735.5,22974619.5,0.0,0.0,2144542.5,15011797.5,4.0,0.0,-1831.5555555555557,-2870.0,-172.0,2.0,5.0,4.0,83637.9,120204.0,142.0,-718.7691549295774,-8775.0,0.0,-8.309859,27.0,1333424.79,1435490.01,3.0,27.0
106810,Cash loans,M,Y,Y,0,225000.0,1096020.0,56092.5,900000.0,Unaccompanied,Working,Secondary / secondary special,Married,House / apartment,0.010032,-13873,-831.0,-188.0,-4615,1,1,0,1,0,1,2.0,2,2,WEDNESDAY,10,0,0,0,0,1,1,Business Entity Type 3,0.48016745,0.45789954,0.0,0.0,0.0,0.0,-615.0,0,1,0,0,0,0,0,0,0,0,0,0,0,0,0,0,0,0,0,0,0.0,0.0,0.0,0.0,1.0,3.0,560250.0,2241000.0,0.0,0.0,348374.25,1393497.0,2.0,0.0,-1614.5,-2918.0,-516.0,2.0,2.0,2.0,60669.0,55044.0,16.0,1038.4453125,0.0,8653.5,-28.0,-4.0,164849.22,148234.095,2.0,0.0
106812,Cash loans,M,N,N,1,157500.0,450000.0,35685.0,450000.0,Unaccompanied,Commercial associate,Secondary / secondary special,Married,House / apartment,0.018209,-15818,-1131.0,-4587.0,-4448,1,1,1,1,1,0,3.0,3,3,WEDNESDAY,9,0,0,0,0,0,0,Industry: type 1,0.6182282,0.17982176,0.0,0.0,0.0,0.0,-2783.0,0,0,0,0,0,0,1,0,0,0,0,0,0,0,0,0,0,0,0,0,0.0,0.0,0.0,0.0,0.0,0.0,189741.9375,1517935.5,0.0,0.0,19062.0,57186.0,4.0,0.0,-1658.75,-2847.0,-850.0,2.0,1.0,1.0,32535.0,30811.5,12.0,0.0,0.0,0.0,-4.5833335,0.0,43099.38,43099.38,1.0,0.0
106813,Cash loans,F,N,Y,0,135000.0,1102500.0,35694.0,1102500.0,Unaccompanied,Pensioner,Higher education,Married,House / apartment,0.01452,-20323,,-14300.0,-3590,1,0,0,1,0,0,2.0,2,2,TUESDAY,8,0,0,0,0,0,0,XNA,0.65929323,0.2032521,0.0,0.0,0.0,0.0,-2685.0,0,1,0,0,0,0,0,0,0,0,0,0,0,0,0,0,0,0,0,0,0.0,0.0,0.0,0.0,0.0,4.0,198820.2857142857,2783484.0,0.0,0.0,58223.625,698683.5,3.0,0.0,-962.8571428571429,-2223.0,-105.0,2.0,21.0,8.0,352225.77857142856,368176.9285714286,226.0,3306.8124557522124,-17381.565,392198.53500000003,-11.181416,25.0,4989040.02,4241700.405,8.0,3.0
106817,Cash loans,F,Y,Y,2,180000.0,543037.5,43033.5,463500.0,Unaccompanied,Commercial associate,Incomplete higher,Married,House / apartment,0.04622,-12419,-620.0,-4046.0,-2338,1,1,0,1,0,1,4.0,1,1,THURSDAY,15,0,0,0,0,1,1,Self-employed,0.5134636,0.3457848,1.0,0.0,1.0,0.0,0.0,0,0,0,0,0,0,1,0,0,0,0,0,0,0,0,0,0,0,0,0,0.0,0.0,0.0,0.0,1.0,1.0,1197565.5,3592696.5,0.0,0.0,168941.25,337882.5,1.0,0.0,-604.0,-717.0,-379.0,2.0,5.0,4.0,145034.1,149401.8,24.0,-854.3024999999999,-20101.23,0.0,-16.791666,3.0,456247.44,476750.7,3.0,0.0
106822,Cash loans,F,Y,N,2,130500.0,261621.0,20799.0,216000.0,Unaccompanied,Working,Incomplete higher,Civil marriage,With parents,0.022625,-11400,-1471.0,-8853.0,-4006,1,1,0,1,0,0,4.0,2,2,THURSDAY,12,0,0,0,0,0,0,Business Entity Type 3,0.6760162,0.5884878,5.0,0.0,5.0,0.0,-1806.0,0,1,0,0,0,0,0,0,0,0,0,0,0,0,0,0,0,0,0,0,0.0,0.0,0.0,0.0,0.0,4.0,498681.0,2493405.0,0.0,0.0,42344.1,211720.5,2.0,0.0,-1827.4,-2462.0,-93.0,3.0,11.0,6.0,91024.77272727272,148198.5,107.0,-1633.792289719626,-34391.475,0.0,-8.186916,10.0,2493645.615,2668461.39,4.0,1.0
106823,Cash loans,F,N,N,0,180000.0,459000.0,28210.5,459000.0,Unaccompanied,Working,Higher education,Married,House / apartment,0.006008,-8597,-1128.0,-838.0,-251,1,1,0,1,0,0,2.0,2,2,TUESDAY,17,0,0,0,0,0,0,Business Entity Type 3,0.57887554,0.4758499,0.0,0.0,0.0,0.0,-1008.0,0,1,0,0,0,0,0,0,0,0,0,0,0,0,0,0,0,0,0,0,0.0,0.0,0.0,0.0,0.0,0.0,116890.5,350671.5,0.0,0.0,32489.910000000003,97469.73000000001,2.0,0.0,-319.6666666666667,-579.0,-188.0,2.0,5.0,2.0,135084.6,135084.6,23.0,0.0,0.0,0.0,-11.304348,1.0,207681.435,207681.435,2.0,0.0
106827,Cash loans,F,Y,Y,0,112500.0,909000.0,32647.5,909000.0,Unaccompanied,Pensioner,Secondary / secondary special,Married,House / apartment,0.015221,-21170,,-4364.0,-4387,1,0,0,1,0,0,2.0,2,2,SATURDAY,8,0,0,0,0,0,0,XNA,0.72948015,0.4650692,1.0,0.0,1.0,0.0,-650.0,0,1,0,0,0,0,0,0,0,0,0,0,0,0,0,0,0,0,0,0,0.0,0.0,0.0,0.0,1.0,1.0,1210301.357142857,8472109.5,0.0,0.0,225000.0,1350000.0,2.0,0.0,-1810.4285714285713,-2864.0,-362.0,3.0,1.0,1.0,205816.5,241137.0,21.0,0.0,0.0,0.0,-8.095238,-2.0,229342.995,229342.995,1.0,0.0
106841,Cash loans,F,N,N,0,270000.0,675000.0,21906.0,675000.0,Unaccompanied,Pensioner,Secondary / secondary special,Married,Co-op apartment,0.01452,-20834,,-11670.0,-3990,1,0,0,1,0,1,2.0,2,2,THURSDAY,13,0,0,0,0,0,0,XNA,0.606889,0.13094716,0.0,0.0,0.0,0.0,-1345.0,0,1,0,0,0,0,0,0,0,0,0,0,0,0,0,0,0,0,0,0,0.0,0.0,0.0,0.0,1.0,3.0,109167.53210526316,2074183.11,0.0,0.0,26470.5,476469.0,9.0,0.0,-944.7368421052631,-2780.0,-83.0,2.0,6.0,4.0,198350.25,231954.0,130.0,0.0,0.0,0.0,-5.4461536,1.0,1655812.7550000001,1655812.7550000001,3.0,0.0
106851,Cash loans,M,Y,Y,0,297000.0,790830.0,52978.5,675000.0,Unaccompanied,Commercial associate,Higher education,Single / not married,House / apartment,0.011657,-13207,-304.0,-748.0,-2576,1,1,0,1,0,1,1.0,1,1,MONDAY,17,1,1,0,0,0,0,Telecom,0.30694756,0.5549468,0.0,0.0,0.0,0.0,-7.0,0,1,0,0,0,0,0,0,0,0,0,0,0,0,0,0,0,0,0,0,0.0,0.0,0.0,0.0,1.0,2.0,121822.155,487288.62,0.0,0.0,0.0,0.0,0.0,0.0,-1044.25,-2518.0,-295.0,1.0,5.0,4.0,90288.9,90723.6,18.0,-571.9675000000001,-10263.51,0.0,-13.722222,2.0,313905.375,324200.79000000004,3.0,0.0
106852,Cash loans,M,N,Y,2,225000.0,177768.0,14175.0,135000.0,,State servant,Higher education,Married,House / apartment,0.003069,-11181,-2205.0,-5171.0,-2333,1,1,0,1,0,0,4.0,3,3,MONDAY,17,1,1,0,1,1,0,Other,0.48752356,0.45253357,3.0,0.0,3.0,0.0,-389.0,0,1,0,0,0,0,0,0,0,0,0,0,0,0,0,0,0,0,0,0,0.0,0.0,0.0,0.0,0.0,3.0,2512764.81,10051059.24,0.0,0.0,2428021.125,9712084.5,3.0,0.0,-418.5,-479.0,-333.0,3.0,2.0,2.0,238968.0,255588.75,24.0,0.0,0.0,0.0,-9.958333,0.0,250476.3,250476.3,2.0,0.0
106853,Cash loans,M,Y,N,0,202500.0,479700.0,49153.5,450000.0,Unaccompanied,Commercial associate,Secondary / secondary special,Single / not married,Rented apartment,0.018209,-11073,-229.0,-1418.0,-1623,1,1,1,1,0,0,1.0,3,3,MONDAY,12,0,0,0,1,1,0,Business Entity Type 3,0.39284852,,0.0,0.0,0.0,0.0,-592.0,0,1,0,0,0,0,0,0,0,0,0,0,0,0,0,0,0,0,0,0,0.0,0.0,0.0,0.0,1.0,1.0,1816542.0,1816542.0,0.0,0.0,1745964.0,1745964.0,1.0,0.0,-157.0,-157.0,-157.0,1.0,1.0,1.0,138568.5,124708.5,13.0,3461.5384615384614,0.0,32214.870000000003,-15.615385,0.0,186456.645,141456.645,1.0,0.0
106854,Cash loans,F,N,Y,0,202500.0,574402.5,29457.0,495859.5,Unaccompanied,Working,Secondary / secondary special,Civil marriage,House / apartment,0.018634,-11201,-199.0,-5814.0,-3620,1,1,0,1,0,1,2.0,2,2,TUESDAY,10,0,0,0,1,1,0,Business Entity Type 3,0.027347386,0.29859498,0.0,0.0,0.0,0.0,-1020.0,0,1,0,0,0,0,0,0,0,0,0,0,0,0,0,0,0,0,0,0,0.0,0.0,0.0,0.0,1.0,3.0,190350.0,951750.0,0.0,0.0,151541.721,757708.605,5.0,0.0,-489.2,-985.0,-14.0,2.0,5.0,2.0,130500.0,166781.7,60.0,0.0,0.0,0.0,-3.65,3.0,634767.525,634767.525,1.0,0.0
106861,Cash loans,F,N,N,0,112500.0,677664.0,29979.0,585000.0,Unaccompanied,Working,Secondary / secondary special,Civil marriage,With parents,0.011657,-15397,-3506.0,-8297.0,-4574,1,1,1,1,0,0,2.0,1,1,THURSDAY,8,0,0,0,0,0,0,Business Entity Type 3,0.6770738,0.47764915,10.0,0.0,10.0,0.0,-1764.0,0,1,0,0,0,0,0,0,0,0,0,0,0,0,0,0,0,0,0,0,0.0,0.0,0.0,0.0,0.0,0.0,297737.4375,2381899.5,0.0,0.0,154604.7,773023.5,5.0,0.0,-1335.375,-2489.0,-304.0,2.0,4.0,4.0,51725.84625,51240.97125,38.0,0.0,0.0,0.0,-11.263158,1.0,240108.165,240108.165,4.0,0.0
